{
  "controller/LandingPage.controller.js": 1617171552047,
  "manifest.json": 1625735254902,
  "model/models.js": 1617171552047,
  "i18n/i18n.properties": 1617171552047,
  "Component.js": 1617171552047,
  "manifest-bundle.zip": 1625735254739,
  "Component-preload.js": 1625735254869,
  "model/models-dbg.js": 1617171552047,
  "controller/LandingPage-dbg.controller.js": 1617171552047,
  "Component-dbg.js": 1617171552047,
  "resources.json": 1625735254904,
  "view/LandingPage.view.xml": 1617171552047,
  "css/style.css": 1617171552047,
  "index.html": 1617171552047
}