{
  "index.html": 1617032536468,
  "controller/LandingPage.controller.js": 1617032536468,
  "model/models.js": 1617032537140,
  "manifest.json": 1623939207467,
  "Component.js": 1617032536468,
  "manifest-bundle.zip": 1623939207288,
  "Component-preload.js": 1623939207435,
  "controller/LandingPage-dbg.controller.js": 1617032536468,
  "model/models-dbg.js": 1617032537140,
  "Component-dbg.js": 1617032536468,
  "resources.json": 1623939207469,
  "view/LandingPage.view.xml": 1617032536468,
  "css/style.css": 1617032537140,
  "i18n/i18n.properties": 1617032536468
}