{
  "view/LandingPage.view.xml": 1617032536468,
  "manifest.json": 1619418365243,
  "model/models.js": 1617032537140,
  "controller/LandingPage.controller.js": 1617032536468,
  "Component.js": 1617032536468,
  "manifest-bundle.zip": 1619418365070,
  "Component-preload.js": 1619418365219,
  "controller/LandingPage-dbg.controller.js": 1617032536468,
  "model/models-dbg.js": 1617032537140,
  "Component-dbg.js": 1617032536468,
  "resources.json": 1619418365246,
  "i18n/i18n.properties": 1617032536468,
  "css/style.css": 1617032537140,
  "index.html": 1617032536468
}