{
  "controller/LandingPage.controller.js": 1617032536468,
  "manifest.json": 1622700250431,
  "model/models.js": 1617032537140,
  "i18n/i18n.properties": 1617032536468,
  "Component.js": 1617032536468,
  "manifest-bundle.zip": 1622700250237,
  "Component-preload.js": 1622700250398,
  "model/models-dbg.js": 1617032537140,
  "controller/LandingPage-dbg.controller.js": 1617032536468,
  "Component-dbg.js": 1617032536468,
  "resources.json": 1622700250434,
  "view/LandingPage.view.xml": 1617032536468,
  "css/style.css": 1617032537140,
  "index.html": 1617032536468
}