{
  "controller/LandingPage-dbg.controller.js": 1617171552047,
  "Component.js": 1617171552047,
  "model/models.js": 1617171552047,
  "controller/LandingPage.controller.js": 1617171552047,
  "manifest.json": 1624910338995,
  "manifest-bundle.zip": 1624910338843,
  "Component-preload.js": 1624910338956,
  "Component-dbg.js": 1617171552047,
  "i18n/i18n.properties": 1617171552047,
  "model/models-dbg.js": 1617171552047,
  "resources.json": 1624910338997,
  "view/LandingPage.view.xml": 1617171552047,
  "css/style.css": 1617171552047,
  "index.html": 1617171552047
}