{
  "resources.json": 1623923646507,
  "model/models.js": 1617171552047,
  "manifest.json": 1623923646504,
  "controller/LandingPage.controller.js": 1617171552047,
  "Component.js": 1617171552047,
  "manifest-bundle.zip": 1623923646359,
  "Component-preload.js": 1623923646476,
  "model/models-dbg.js": 1617171552047,
  "controller/LandingPage-dbg.controller.js": 1617171552047,
  "Component-dbg.js": 1617171552047,
  "i18n/i18n.properties": 1617171552047,
  "view/LandingPage.view.xml": 1617171552047,
  "css/style.css": 1617171552047,
  "index.html": 1617171552047
}