{
  "view/LandingPage.view.xml": 1617171552047,
  "manifest.json": 1623051980233,
  "model/models.js": 1617171552047,
  "controller/LandingPage.controller.js": 1617171552047,
  "Component.js": 1617171552047,
  "manifest-bundle.zip": 1623051980081,
  "Component-preload.js": 1623051980203,
  "model/models-dbg.js": 1617171552047,
  "controller/LandingPage-dbg.controller.js": 1617171552047,
  "Component-dbg.js": 1617171552047,
  "resources.json": 1623051980235,
  "i18n/i18n.properties": 1617171552047,
  "css/style.css": 1617171552047,
  "index.html": 1617171552047
}