{
  "css/style.css": 1617171552047,
  "manifest.json": 1622151971258,
  "model/models.js": 1617171552047,
  "controller/LandingPage.controller.js": 1617171552047,
  "Component.js": 1617171552047,
  "manifest-bundle.zip": 1622151971122,
  "Component-preload.js": 1622151971232,
  "Component-dbg.js": 1617171552047,
  "controller/LandingPage-dbg.controller.js": 1617171552047,
  "model/models-dbg.js": 1617171552047,
  "resources.json": 1622151971260,
  "view/LandingPage.view.xml": 1617171552047,
  "i18n/i18n.properties": 1617171552047,
  "index.html": 1617171552047
}