{
  "Component.js": 1621941634373,
  "controller/LandingPage.controller.js": 1621941634373,
  "model/models.js": 1621941634373,
  "manifest.json": 1623236499782,
  "i18n/i18n.properties": 1621941634373,
  "manifest-bundle.zip": 1623236499603,
  "Component-preload.js": 1623236499754,
  "Component-dbg.js": 1621941634373,
  "controller/LandingPage-dbg.controller.js": 1621941634373,
  "model/models-dbg.js": 1621941634373,
  "resources.json": 1623236499785,
  "view/LandingPage.view.xml": 1621941634377,
  "css/style.css": 1621941634373,
  "index.html": 1621941634373
}