{
  "model/models-dbg.js": 1617171552047,
  "controller/LandingPage.controller.js": 1617171552047,
  "model/models.js": 1617171552047,
  "manifest.json": 1618464645529,
  "Component.js": 1617171552047,
  "manifest-bundle.zip": 1618464645307,
  "Component-preload.js": 1618464645498,
  "controller/LandingPage-dbg.controller.js": 1617171552047,
  "i18n/i18n.properties": 1617171552047,
  "Component-dbg.js": 1617171552047,
  "resources.json": 1618464645533,
  "view/LandingPage.view.xml": 1617171552047,
  "css/style.css": 1617171552047,
  "index.html": 1617171552047
}