{
  "resources.json": 1617954594858,
  "Component.js": 1617032536468,
  "model/models.js": 1617032537140,
  "controller/LandingPage.controller.js": 1617032536468,
  "manifest.json": 1617954594855,
  "manifest-bundle.zip": 1617954594679,
  "Component-preload.js": 1617954594829,
  "model/models-dbg.js": 1617032537140,
  "controller/LandingPage-dbg.controller.js": 1617032536468,
  "Component-dbg.js": 1617032536468,
  "i18n/i18n.properties": 1617032536468,
  "view/LandingPage.view.xml": 1617032536468,
  "css/style.css": 1617032537140,
  "index.html": 1617032536468
}