{
  "view/LandingPage.view.xml": 1625047558888,
  "controller/LandingPage.controller.js": 1625047558888,
  "model/models.js": 1625047558888,
  "manifest.json": 1625648165842,
  "Component.js": 1625047558888,
  "manifest-bundle.zip": 1625648165645,
  "Component-preload.js": 1625648165809,
  "controller/LandingPage-dbg.controller.js": 1625047558888,
  "model/models-dbg.js": 1625047558888,
  "Component-dbg.js": 1625047558888,
  "resources.json": 1625648165848,
  "i18n/i18n.properties": 1625047558888,
  "css/style.css": 1625047558888,
  "index.html": 1625047558888
}