{
    "resources": [
        {
            "name": "../mdmpackinglisttype/controller/Master.controller.js"
        },
        {
            "name": "../mdmpackinglisttype/Component.js"
        },
        {
            "name": "../mdmpackinglisttype/model/models.js"
        },
        {
            "name": "../mdmpackinglisttype/i18n/i18n.properties",
            "raw": "i18n/i18n.properties"
        },
        {
            "name": "../mdmpackinglisttype/controller/ErrorHandler.js"
        },
        {
            "name": "../mdmpackinglisttype/controller/Detail.controller.js"
        },
        {
            "name": "../mdmpackinglisttype/controller/BaseController.js"
        },
        {
            "name": "../mdmpackinglisttype/controller/App.controller.js"
        },
        {
            "name": "../mdmpackinglisttype/manifest.json"
        },
        {
            "name": "../mdmpackinglisttype/manifest-bundle.zip"
        },
        {
            "name": "../mdmpackinglisttype/Component-preload.js",
            "merged": true
        },
        {
            "name": "../mdmpackinglisttype/Component-dbg.js",
            "isDebug": true
        },
        {
            "name": "../mdmpackinglisttype/controller/Master-dbg.controller.js",
            "isDebug": true
        },
        {
            "name": "../mdmpackinglisttype/controller/ErrorHandler-dbg.js",
            "isDebug": true
        },
        {
            "name": "../mdmpackinglisttype/controller/Detail-dbg.controller.js",
            "isDebug": true
        },
        {
            "name": "../mdmpackinglisttype/controller/BaseController-dbg.js",
            "isDebug": true
        },
        {
            "name": "../mdmpackinglisttype/controller/App-dbg.controller.js",
            "isDebug": true
        },
        {
            "name": "../mdmpackinglisttype/model/models-dbg.js",
            "isDebug": true
        },
        {
            "name": "../../../../sap-ui-version.json"
        },
        {
            "name": "../mdmpackinglisttype/view/fragments/FilterSortGroup.fragment.xml"
        },
        {
            "name": "../mdmpackinglisttype/view/Master.view.xml"
        },
        {
            "name": "../mdmpackinglisttype/view/Detail.view.xml"
        },
        {
            "name": "../mdmpackinglisttype/view/App.view.xml"
        },
        {
            "name": "../mdmpackinglisttype/css/style.css"
        },
        {
            "name": "../mdmpackinglisttype/index.html"
        }
    ]
}