{
    "resources": [
        {
            "name": "../mdmboqitems/manifest.json"
        },
        {
            "name": "../mdmboqitems/i18n/i18n_en_US.properties",
            "raw": "i18n/i18n.properties",
            "locale": "_en_US"
        },
        {
            "name": "../mdmboqitems/i18n/i18n_en.properties",
            "raw": "i18n/i18n.properties",
            "locale": "_en"
        },
        {
            "name": "../mdmboqitems/i18n/i18n.properties",
            "raw": "i18n/i18n.properties"
        },
        {
            "name": "../mdmboqitems/controller/Detail.controller.js"
        },
        {
            "name": "../mdmboqitems/model/models.js"
        },
        {
            "name": "../mdmboqitems/controller/LandingPage.controller.js"
        },
        {
            "name": "../mdmboqitems/controller/ErrorHandler.js"
        },
        {
            "name": "../mdmboqitems/i18n/i18n_en_GB.properties",
            "raw": "i18n/i18n.properties",
            "locale": "_en_GB"
        },
        {
            "name": "../mdmboqitems/controller/BaseController.js"
        },
        {
            "name": "../mdmboqitems/controller/App.controller.js"
        },
        {
            "name": "../mdmboqitems/Component.js"
        },
        {
            "name": "../mdmboqitems/manifest-bundle.zip"
        },
        {
            "name": "../mdmboqitems/Component-preload.js",
            "merged": true
        },
        {
            "name": "../mdmboqitems/Component-dbg.js",
            "isDebug": true
        },
        {
            "name": "../mdmboqitems/controller/LandingPage-dbg.controller.js",
            "isDebug": true
        },
        {
            "name": "../mdmboqitems/controller/ErrorHandler-dbg.js",
            "isDebug": true
        },
        {
            "name": "../mdmboqitems/controller/Detail-dbg.controller.js",
            "isDebug": true
        },
        {
            "name": "../mdmboqitems/controller/BaseController-dbg.js",
            "isDebug": true
        },
        {
            "name": "../mdmboqitems/controller/App-dbg.controller.js",
            "isDebug": true
        },
        {
            "name": "../mdmboqitems/model/models-dbg.js",
            "isDebug": true
        },
        {
            "name": "../../../../sap-ui-version.json"
        },
        {
            "name": "../mdmboqitems/view/fragments/FilterSortGroup.fragment.xml"
        },
        {
            "name": "../mdmboqitems/view/LandingPage.view.xml"
        },
        {
            "name": "../mdmboqitems/view/Detail.view.xml"
        },
        {
            "name": "../mdmboqitems/view/App.view.xml"
        },
        {
            "name": "../mdmboqitems/css/style.css"
        },
        {
            "name": "../mdmboqitems/index.html"
        }
    ]
}