{
  "view/LandingPage.view.xml": 1616998545410,
  "model/models.js": 1616998545410,
  "manifest.json": 1617202388117,
  "controller/LandingPage.controller.js": 1616998545410,
  "Component.js": 1616998545410,
  "manifest-bundle.zip": 1617202387621,
  "Component-preload.js": 1617202388031,
  "Component-dbg.js": 1616998545410,
  "controller/LandingPage-dbg.controller.js": 1616998545410,
  "model/models-dbg.js": 1616998545410,
  "resources.json": 1617202388124,
  "i18n/i18n.properties": 1616998545410,
  "css/style.css": 1616998545410,
  "index.html": 1616998545410
}