{
  "index.html": 1616998545410,
  "Component.js": 1616998545410,
  "model/models.js": 1616998545410,
  "controller/LandingPage.controller.js": 1616998545410,
  "manifest.json": 1624262611268,
  "manifest-bundle.zip": 1624262610936,
  "Component-preload.js": 1624262611232,
  "controller/LandingPage-dbg.controller.js": 1616998545410,
  "model/models-dbg.js": 1616998545410,
  "Component-dbg.js": 1616998545410,
  "resources.json": 1624262611271,
  "view/LandingPage.view.xml": 1616998545410,
  "css/style.css": 1616998545410,
  "i18n/i18n.properties": 1616998545410
}