{
  "Component-dbg.js": 1616500604501,
  "manifest.json": 1616562160717,
  "model/models.js": 1616500604501,
  "controller/LandingPage.controller.js": 1616500604501,
  "Component.js": 1616500604501,
  "manifest-bundle.zip": 1616562160537,
  "Component-preload.js": 1616562160692,
  "i18n/i18n.properties": 1616500604501,
  "controller/LandingPage-dbg.controller.js": 1616500604501,
  "model/models-dbg.js": 1616500604501,
  "resources.json": 1616562160720,
  "view/LandingPage.view.xml": 1616500604501,
  "css/style.css": 1616500604501,
  "index.html": 1616500604501
}