{
  "i18n/i18n.properties": 1621941637765,
  "controller/LandingPage.controller.js": 1621941637761,
  "model/models.js": 1621941637765,
  "manifest.json": 1625648766611,
  "Component.js": 1621941637761,
  "manifest-bundle.zip": 1625648766277,
  "Component-preload.js": 1625648766571,
  "model/models-dbg.js": 1621941637765,
  "controller/LandingPage-dbg.controller.js": 1621941637761,
  "Component-dbg.js": 1621941637761,
  "resources.json": 1625648766614,
  "view/LandingPage.view.xml": 1621941637765,
  "css/style.css": 1621941637761,
  "index.html": 1621941637765
}