{
  "Component-preload.js": 1616752636550,
  "model/models.js": 1616746929729,
  "manifest.json": 1616752636577,
  "controller/LandingPage.controller.js": 1616746929729,
  "Component.js": 1616746929729,
  "manifest-bundle.zip": 1616752636339,
  "i18n/i18n.properties": 1616746929729,
  "Component-dbg.js": 1616746929729,
  "controller/LandingPage-dbg.controller.js": 1616746929729,
  "model/models-dbg.js": 1616746929729,
  "resources.json": 1616752636580,
  "view/LandingPage.view.xml": 1616746929729,
  "css/style.css": 1616746929729,
  "index.html": 1616746929729
}