{
  "index.html": 1625047572349,
  "Component.js": 1625047572349,
  "model/models.js": 1625047572349,
  "controller/LandingPage.controller.js": 1625047572349,
  "manifest.json": 1625648152039,
  "manifest-bundle.zip": 1625648151859,
  "Component-preload.js": 1625648151995,
  "controller/LandingPage-dbg.controller.js": 1625047572349,
  "model/models-dbg.js": 1625047572349,
  "Component-dbg.js": 1625047572349,
  "resources.json": 1625648152043,
  "view/LandingPage.view.xml": 1625047572349,
  "css/style.css": 1625047572349,
  "i18n/i18n.properties": 1625047572349
}