{
  "model/models-dbg.js": 1617000176806,
  "controller/LandingPage.controller.js": 1617000176806,
  "model/models.js": 1617000176806,
  "manifest.json": 1617086843641,
  "Component.js": 1617000176806,
  "manifest-bundle.zip": 1617086843500,
  "Component-preload.js": 1617086843617,
  "i18n/i18n.properties": 1617000176806,
  "controller/LandingPage-dbg.controller.js": 1617000176806,
  "Component-dbg.js": 1617000176806,
  "resources.json": 1617086843645,
  "view/LandingPage.view.xml": 1617000176810,
  "css/style.css": 1617000176806,
  "index.html": 1617000176806
}