{
  "model/models-dbg.js": 1625237466116,
  "manifest.json": 1625479710978,
  "model/models.js": 1625237466116,
  "controller/LandingPage.controller.js": 1625237466116,
  "Component.js": 1625237466116,
  "manifest-bundle.zip": 1625479710619,
  "Component-preload.js": 1625479710929,
  "controller/LandingPage-dbg.controller.js": 1625237466116,
  "i18n/i18n.properties": 1625237466116,
  "Component-dbg.js": 1625237466116,
  "resources.json": 1625479710981,
  "view/LandingPage.view.xml": 1625237466116,
  "css/style.css": 1625237466116,
  "index.html": 1625237466116
}