{
  "model/models.js": 1617100223285,
  "controller/LandingPage.controller.js": 1617100223285,
  "i18n/i18n.properties": 1617100223285,
  "manifest.json": 1623923633184,
  "Component.js": 1617100223285,
  "manifest-bundle.zip": 1623923632916,
  "Component-preload.js": 1623923633150,
  "controller/LandingPage-dbg.controller.js": 1617100223285,
  "model/models-dbg.js": 1617100223285,
  "Component-dbg.js": 1617100223285,
  "resources.json": 1623923633187,
  "view/LandingPage.view.xml": 1617100223285,
  "css/style.css": 1617100223285,
  "index.html": 1617100223285
}