{
  "Component.js": 1616998545410,
  "controller/LandingPage.controller.js": 1616998545410,
  "model/models.js": 1616998545410,
  "manifest.json": 1617978549651,
  "i18n/i18n.properties": 1616998545410,
  "manifest-bundle.zip": 1617978549318,
  "Component-preload.js": 1617978549619,
  "model/models-dbg.js": 1616998545410,
  "controller/LandingPage-dbg.controller.js": 1616998545410,
  "Component-dbg.js": 1616998545410,
  "resources.json": 1617978549655,
  "view/LandingPage.view.xml": 1616998545410,
  "css/style.css": 1616998545410,
  "index.html": 1616998545410
}