{
  "view/LandingPage.view.xml": 1617100223285,
  "model/models.js": 1617100223285,
  "manifest.json": 1625767773604,
  "controller/LandingPage.controller.js": 1617100223285,
  "Component.js": 1617100223285,
  "manifest-bundle.zip": 1625767773432,
  "Component-preload.js": 1625767773574,
  "Component-dbg.js": 1617100223285,
  "controller/LandingPage-dbg.controller.js": 1617100223285,
  "model/models-dbg.js": 1617100223285,
  "resources.json": 1625767773607,
  "i18n/i18n.properties": 1617100223285,
  "css/style.css": 1617100223285,
  "index.html": 1617100223285
}