{
  "resources.json": 1617199304981,
  "Component.js": 1617100223285,
  "model/models.js": 1617100223285,
  "controller/LandingPage.controller.js": 1617100223285,
  "manifest.json": 1617199304978,
  "manifest-bundle.zip": 1617199304707,
  "Component-preload.js": 1617199304946,
  "model/models-dbg.js": 1617100223285,
  "controller/LandingPage-dbg.controller.js": 1617100223285,
  "Component-dbg.js": 1617100223285,
  "i18n/i18n.properties": 1617100223285,
  "view/LandingPage.view.xml": 1617100223285,
  "css/style.css": 1617100223285,
  "index.html": 1617100223285
}