{
  "manifest-bundle.zip": 1625514836646,
  "manifest.json": 1625514836788,
  "model/models.js": 1625237466116,
  "controller/LandingPage.controller.js": 1625237466116,
  "Component.js": 1625237466116,
  "i18n/i18n.properties": 1625237466116,
  "Component-preload.js": 1625514836756,
  "model/models-dbg.js": 1625237466116,
  "controller/LandingPage-dbg.controller.js": 1625237466116,
  "Component-dbg.js": 1625237466116,
  "resources.json": 1625514836790,
  "view/LandingPage.view.xml": 1625237466116,
  "css/style.css": 1625237466116,
  "index.html": 1625237466116
}