{
  "Component.js": 1617100223285,
  "model/models.js": 1617100223285,
  "manifest.json": 1624954640719,
  "controller/LandingPage.controller.js": 1617100223285,
  "i18n/i18n.properties": 1617100223285,
  "manifest-bundle.zip": 1624954640536,
  "Component-preload.js": 1624954640690,
  "controller/LandingPage-dbg.controller.js": 1617100223285,
  "model/models-dbg.js": 1617100223285,
  "Component-dbg.js": 1617100223285,
  "resources.json": 1624954640723,
  "view/LandingPage.view.xml": 1617100223285,
  "css/style.css": 1617100223285,
  "index.html": 1617100223285
}