{
  "manifest.json": 1622151954458,
  "i18n/i18n.properties": 1617100223285,
  "model/models.js": 1617100223285,
  "controller/LandingPage.controller.js": 1617100223285,
  "Component.js": 1617100223285,
  "manifest-bundle.zip": 1622151954324,
  "Component-preload.js": 1622151954433,
  "model/models-dbg.js": 1617100223285,
  "controller/LandingPage-dbg.controller.js": 1617100223285,
  "Component-dbg.js": 1617100223285,
  "resources.json": 1622151954460,
  "view/LandingPage.view.xml": 1617100223285,
  "css/style.css": 1617100223285,
  "index.html": 1617100223285
}