{
  "Component-preload.js": 1623236486015,
  "controller/LandingPage.controller.js": 1621941637761,
  "model/models.js": 1621941637765,
  "manifest.json": 1623236486057,
  "Component.js": 1621941637761,
  "manifest-bundle.zip": 1623236485694,
  "i18n/i18n.properties": 1621941637765,
  "model/models-dbg.js": 1621941637765,
  "controller/LandingPage-dbg.controller.js": 1621941637761,
  "Component-dbg.js": 1621941637761,
  "resources.json": 1623236486060,
  "view/LandingPage.view.xml": 1621941637765,
  "css/style.css": 1621941637761,
  "index.html": 1621941637765
}