{
  "Component-dbg.js": 1625237452509,
  "Component.js": 1625237452509,
  "model/models.js": 1625237452509,
  "controller/LandingPage.controller.js": 1625237452509,
  "controller/ErrorHandler.js": 1625237452509,
  "controller/Detail.controller.js": 1625237452509,
  "controller/BaseController.js": 1625237452509,
  "controller/App.controller.js": 1625237452509,
  "manifest.json": 1627387400499,
  "manifest-bundle.zip": 1627387400038,
  "Component-preload.js": 1627387400413,
  "i18n/i18n.properties": 1625237452509,
  "controller/LandingPage-dbg.controller.js": 1625237452509,
  "controller/ErrorHandler-dbg.js": 1625237452509,
  "controller/Detail-dbg.controller.js": 1625237452509,
  "controller/BaseController-dbg.js": 1625237452509,
  "controller/App-dbg.controller.js": 1625237452509,
  "model/models-dbg.js": 1625237452509,
  "view/fragments/FilterSortGroup.fragment.xml": 1625237452509,
  "view/LandingPage.view.xml": 1625237452509,
  "view/Detail.view.xml": 1626786072665,
  "view/App.view.xml": 1625237452509,
  "css/style.css": 1625237452509,
  "index.html": 1625237452509
}