{
  "manifest.json": 1622700423557,
  "controller/Detail.controller.js": 1622700069613,
  "model/models.js": 1622015896478,
  "controller/LandingPage.controller.js": 1622525066276,
  "controller/ErrorHandler.js": 1622525066276,
  "i18n/i18n.properties": 1622525066276,
  "controller/BaseController.js": 1622015896478,
  "controller/App.controller.js": 1622015896478,
  "Component.js": 1622525066276,
  "manifest-bundle.zip": 1622700423038,
  "Component-preload.js": 1622700423453,
  "controller/App-dbg.controller.js": 1622015896478,
  "controller/LandingPage-dbg.controller.js": 1622525066276,
  "controller/ErrorHandler-dbg.js": 1622525066276,
  "controller/Detail-dbg.controller.js": 1622700069613,
  "controller/BaseController-dbg.js": 1622015896478,
  "model/models-dbg.js": 1622015896478,
  "Component-dbg.js": 1622525066276,
  "view/fragments/FilterSortGroup.fragment.xml": 1622525066276,
  "view/LandingPage.view.xml": 1622525066276,
  "view/Detail.view.xml": 1622549095031,
  "view/App.view.xml": 1622015896478,
  "css/style.css": 1622015896478,
  "index.html": 1622015896478
}