{
  "view/fragments/FilterSortGroup.fragment.xml": 1625047555784,
  "controller/BaseController.js": 1625047555780,
  "model/models.js": 1625047555780,
  "controller/LandingPage.controller.js": 1625047555780,
  "controller/ErrorHandler.js": 1625047555780,
  "controller/Detail.controller.js": 1625047555780,
  "manifest.json": 1626264903222,
  "controller/App.controller.js": 1625047555780,
  "Component.js": 1625047555780,
  "manifest-bundle.zip": 1626264902891,
  "Component-preload.js": 1626264903135,
  "controller/BaseController-dbg.js": 1625047555780,
  "controller/LandingPage-dbg.controller.js": 1625047555780,
  "controller/ErrorHandler-dbg.js": 1625047555780,
  "controller/Detail-dbg.controller.js": 1625047555780,
  "model/models-dbg.js": 1625047555780,
  "controller/App-dbg.controller.js": 1625047555780,
  "Component-dbg.js": 1625047555780,
  "i18n/i18n.properties": 1625047555780,
  "view/LandingPage.view.xml": 1625047555784,
  "view/Detail.view.xml": 1625047555784,
  "view/App.view.xml": 1625047555784,
  "css/style.css": 1625047555780,
  "index.html": 1625047555780
}