{
  "view/LandingPage.view.xml": 1622015728502,
  "model/models.js": 1622015728498,
  "manifest.json": 1622099113232,
  "controller/LandingPage.controller.js": 1622015728498,
  "controller/Detail.controller.js": 1622015728498,
  "controller/BaseController.js": 1622015728498,
  "controller/App.controller.js": 1622015728498,
  "Component.js": 1622015728498,
  "manifest-bundle.zip": 1622099112686,
  "Component-preload.js": 1622099113115,
  "model/models-dbg.js": 1622015728498,
  "controller/LandingPage-dbg.controller.js": 1622015728498,
  "controller/Detail-dbg.controller.js": 1622015728498,
  "controller/BaseController-dbg.js": 1622015728498,
  "controller/App-dbg.controller.js": 1622015728498,
  "Component-dbg.js": 1622015728498,
  "view/fragments/FilterSortGroup.fragment.xml": 1622015728502,
  "i18n/i18n.properties": 1622015728498,
  "view/Detail.view.xml": 1622015728502,
  "view/App.view.xml": 1622015728502,
  "css/style.css": 1622015728498,
  "index.html": 1622015728498
}