{
  "controller/LandingPage.controller.js": 1622801154464,
  "Component.js": 1622546884613,
  "model/models.js": 1621942849306,
  "i18n/i18n.properties": 1622547103944,
  "controller/ErrorHandler.js": 1622546884613,
  "controller/Detail.controller.js": 1622801154464,
  "controller/BaseController.js": 1621942849306,
  "controller/App.controller.js": 1622009557601,
  "manifest.json": 1626288247358,
  "manifest-bundle.zip": 1626288247029,
  "Component-preload.js": 1626288247278,
  "controller/App-dbg.controller.js": 1622009557601,
  "controller/LandingPage-dbg.controller.js": 1622801154464,
  "controller/ErrorHandler-dbg.js": 1622546884613,
  "controller/Detail-dbg.controller.js": 1622801154464,
  "controller/BaseController-dbg.js": 1621942849306,
  "model/models-dbg.js": 1621942849306,
  "Component-dbg.js": 1622546884613,
  "view/fragments/FilterSortGroup.fragment.xml": 1622801154468,
  "view/LandingPage.view.xml": 1622547103944,
  "view/Detail.view.xml": 1622801154468,
  "view/App.view.xml": 1621942849310,
  "css/style.css": 1621942849306,
  "index.html": 1621942849306
}