{
  "index.html": 1623676882797,
  "Component.js": 1623676882797,
  "model/models.js": 1623676882801,
  "controller/LandingPage.controller.js": 1623676882797,
  "controller/ErrorHandler.js": 1623676882797,
  "controller/Detail.controller.js": 1623676882797,
  "controller/BaseController.js": 1623676882797,
  "controller/App.controller.js": 1623676882797,
  "manifest.json": 1623911566489,
  "manifest-bundle.zip": 1623911565805,
  "Component-preload.js": 1623911566384,
  "controller/ErrorHandler-dbg.js": 1623676882797,
  "controller/LandingPage-dbg.controller.js": 1623676882797,
  "model/models-dbg.js": 1623676882801,
  "controller/Detail-dbg.controller.js": 1623676882797,
  "controller/BaseController-dbg.js": 1623676882797,
  "controller/App-dbg.controller.js": 1623676882797,
  "Component-dbg.js": 1623676882797,
  "view/fragments/FilterSortGroup.fragment.xml": 1623676882801,
  "view/LandingPage.view.xml": 1623676882801,
  "view/Detail.view.xml": 1623676882801,
  "view/App.view.xml": 1623676882801,
  "css/style.css": 1623676882797,
  "i18n/i18n.properties": 1623676882797
}