{
  "controller/App.controller.js": 1622015728498,
  "i18n/i18n.properties": 1622551822152,
  "model/models.js": 1622015728498,
  "controller/LandingPage.controller.js": 1623749062244,
  "controller/ErrorHandler.js": 1622551822152,
  "controller/Detail.controller.js": 1623749062244,
  "controller/BaseController.js": 1622015728498,
  "manifest.json": 1623941006470,
  "Component.js": 1622551822152,
  "manifest-bundle.zip": 1623941005972,
  "Component-preload.js": 1623941006350,
  "controller/BaseController-dbg.js": 1622015728498,
  "controller/LandingPage-dbg.controller.js": 1623749062244,
  "controller/ErrorHandler-dbg.js": 1622551822152,
  "controller/Detail-dbg.controller.js": 1623749062244,
  "model/models-dbg.js": 1622015728498,
  "controller/App-dbg.controller.js": 1622015728498,
  "Component-dbg.js": 1622551822152,
  "view/fragments/FilterSortGroup.fragment.xml": 1623749062252,
  "view/LandingPage.view.xml": 1622551822152,
  "view/Detail.view.xml": 1623749062248,
  "view/App.view.xml": 1622015728502,
  "css/style.css": 1622015728498,
  "index.html": 1622015728498
}