{
  "index.html": 1622015728498,
  "Component.js": 1622551822152,
  "model/models.js": 1622015728498,
  "controller/LandingPage.controller.js": 1622717242351,
  "controller/ErrorHandler.js": 1622551822152,
  "controller/Detail.controller.js": 1622717242347,
  "controller/BaseController.js": 1622015728498,
  "controller/App.controller.js": 1622015728498,
  "manifest.json": 1623052088608,
  "manifest-bundle.zip": 1623052088114,
  "Component-preload.js": 1623052088511,
  "controller/ErrorHandler-dbg.js": 1622551822152,
  "controller/LandingPage-dbg.controller.js": 1622717242351,
  "model/models-dbg.js": 1622015728498,
  "controller/Detail-dbg.controller.js": 1622717242347,
  "controller/BaseController-dbg.js": 1622015728498,
  "controller/App-dbg.controller.js": 1622015728498,
  "Component-dbg.js": 1622551822152,
  "view/fragments/FilterSortGroup.fragment.xml": 1622717242351,
  "view/LandingPage.view.xml": 1622551822152,
  "view/Detail.view.xml": 1622552657577,
  "view/App.view.xml": 1622015728502,
  "css/style.css": 1622015728498,
  "i18n/i18n.properties": 1622551822152
}