{
  "Component-dbg.js": 1624876713472,
  "model/models.js": 1624876713472,
  "utils/formatter.js": 1624876713476,
  "manifest.json": 1626288269040,
  "controller/PackingListProceed.controller.js": 1625749939442,
  "controller/InitiateDispatch.controller.js": 1625842592037,
  "controller/ErrorHandler.js": 1624876713472,
  "controller/BaseController.js": 1624876713472,
  "controller/App.controller.js": 1624876713472,
  "Component.js": 1624876713472,
  "manifest-bundle.zip": 1626288268675,
  "Component-preload.js": 1626288268968,
  "model/models-dbg.js": 1624876713472,
  "utils/formatter-dbg.js": 1624876713476,
  "controller/PackingListProceed-dbg.controller.js": 1625749939442,
  "controller/InitiateDispatch-dbg.controller.js": 1625842592037,
  "controller/ErrorHandler-dbg.js": 1624876713472,
  "controller/BaseController-dbg.js": 1624876713472,
  "controller/App-dbg.controller.js": 1624876713472,
  "i18n/i18n.properties": 1625842592037,
  "view/fragments/DispatchView/TreeTableView.fragment.xml": 1625842592037,
  "view/fragments/TreeTableView.fragment.xml": 1625749939442,
  "view/PackingListProceed.view.xml": 1625842592037,
  "view/InitiateDispatch.view.xml": 1625842592037,
  "view/App.view.xml": 1624876713476,
  "css/style.css": 1624876713472,
  "index.html": 1624876713472
}