{
  "Component-dbg.js": 1623739604006,
  "controller/InitiateDispatch.controller.js": 1624262303278,
  "model/models.js": 1623739604010,
  "controller/PackingListProceed.controller.js": 1624347920014,
  "controller/Main.controller.js": 1624347890202,
  "manifest.json": 1624348296765,
  "controller/ErrorHandler.js": 1623739604006,
  "controller/BaseController.js": 1623739604006,
  "controller/App.controller.js": 1623739604006,
  "Component.js": 1623739604006,
  "manifest-bundle.zip": 1624348296122,
  "Component-preload.js": 1624348296654,
  "controller/Main-dbg.controller.js": 1624347890202,
  "controller/PackingListProceed-dbg.controller.js": 1624347920014,
  "model/models-dbg.js": 1623739604010,
  "controller/InitiateDispatch-dbg.controller.js": 1624262303278,
  "controller/ErrorHandler-dbg.js": 1623739604006,
  "controller/BaseController-dbg.js": 1623739604006,
  "controller/App-dbg.controller.js": 1623739604006,
  "i18n/i18n.properties": 1623965142988,
  "view/fragments/DispatchView/TreeTableView.fragment.xml": 1624347920014,
  "view/fragments/TreeTableView.fragment.xml": 1623965171368,
  "view/PackingListProceed.view.xml": 1624347920014,
  "view/Main.view.xml": 1623965142988,
  "view/InitiateDispatch.view.xml": 1624347920014,
  "view/App.view.xml": 1623913704629,
  "css/style.css": 1623739604006,
  "index.html": 1623739604006
}