{
  "Component-preload.js": 1632228399744,
  "Component.js": 1625047568053,
  "utils/formatter.js": 1625047568297,
  "model/models.js": 1625047568241,
  "controller/PackingListProceed.controller.js": 1630928449717,
  "controller/InitiateDispatch.controller.js": 1629879012585,
  "controller/ErrorHandler.js": 1625047568073,
  "controller/BaseController.js": 1625047568053,
  "controller/App.controller.js": 1625047568053,
  "manifest.json": 1632228399833,
  "manifest-bundle.zip": 1632228399385,
  "i18n/i18n.properties": 1627536961809,
  "controller/PackingListProceed-dbg.controller.js": 1630928449717,
  "model/models-dbg.js": 1625047568241,
  "utils/formatter-dbg.js": 1625047568297,
  "controller/InitiateDispatch-dbg.controller.js": 1629879012585,
  "controller/ErrorHandler-dbg.js": 1625047568073,
  "controller/BaseController-dbg.js": 1625047568053,
  "controller/App-dbg.controller.js": 1625047568053,
  "Component-dbg.js": 1625047568053,
  "view/fragments/DispatchView/TreeTableView.fragment.xml": 1628760638141,
  "view/fragments/TreeTableView.fragment.xml": 1625574746280,
  "view/PackingListProceed.view.xml": 1627536961809,
  "view/InitiateDispatch.view.xml": 1627537699510,
  "view/App.view.xml": 1625047568297,
  "css/style.css": 1625047568109,
  "index.html": 1625047568209
}