{
  "view/InitiateDispatch.view.xml": 1625574757928,
  "model/models.js": 1623739604010,
  "utils/formatter.js": 1624535760934,
  "manifest.json": 1625579225100,
  "controller/PackingListProceed.controller.js": 1625574716628,
  "controller/InitiateDispatch.controller.js": 1625574757928,
  "controller/ErrorHandler.js": 1623739604006,
  "controller/BaseController.js": 1623739604006,
  "controller/App.controller.js": 1623739604006,
  "Component.js": 1623739604006,
  "manifest-bundle.zip": 1625579224731,
  "Component-preload.js": 1625579225014,
  "controller/InitiateDispatch-dbg.controller.js": 1625574757928,
  "model/models-dbg.js": 1623739604010,
  "controller/PackingListProceed-dbg.controller.js": 1625574716628,
  "utils/formatter-dbg.js": 1624535760934,
  "controller/ErrorHandler-dbg.js": 1623739604006,
  "controller/BaseController-dbg.js": 1623739604006,
  "controller/App-dbg.controller.js": 1623739604006,
  "Component-dbg.js": 1623739604006,
  "view/fragments/DispatchView/TreeTableView.fragment.xml": 1625578459315,
  "view/fragments/TreeTableView.fragment.xml": 1625574716632,
  "view/PackingListProceed.view.xml": 1625578490207,
  "i18n/i18n.properties": 1625574757928,
  "view/App.view.xml": 1623913704629,
  "css/style.css": 1623739604006,
  "index.html": 1623739604006
}