{
  "controller/ErrorHandler.js": 1623749254384,
  "manifest.json": 1625751010580,
  "utils/formatter.js": 1624394311447,
  "model/models.js": 1623749254388,
  "controller/PackingListProceed.controller.js": 1625731850925,
  "controller/Main.controller.js": 1625731850925,
  "controller/InitiateDispatch.controller.js": 1625731850925,
  "i18n/i18n.properties": 1625731850929,
  "controller/BaseController.js": 1623749254384,
  "controller/App.controller.js": 1623749254384,
  "Component.js": 1623749254384,
  "manifest-bundle.zip": 1625751009882,
  "Component-preload.js": 1625751010457,
  "controller/App-dbg.controller.js": 1623749254384,
  "model/models-dbg.js": 1623749254388,
  "controller/PackingListProceed-dbg.controller.js": 1625731850925,
  "controller/Main-dbg.controller.js": 1625731850925,
  "controller/InitiateDispatch-dbg.controller.js": 1625731850925,
  "controller/ErrorHandler-dbg.js": 1623749254384,
  "controller/BaseController-dbg.js": 1623749254384,
  "utils/formatter-dbg.js": 1624394311447,
  "Component-dbg.js": 1623749254384,
  "view/fragments/DispatchView/TreeTableView.fragment.xml": 1625731850929,
  "view/fragments/TreeTableView.fragment.xml": 1625731850929,
  "view/PackingListProceed.view.xml": 1625731850929,
  "view/Main.view.xml": 1625731850929,
  "view/InitiateDispatch.view.xml": 1625731850929,
  "view/App.view.xml": 1623749254388,
  "css/style.css": 1623749254384,
  "index.html": 1623749254384
}