{
  "manifest.json": 1624259764719,
  "controller/PackingListProceed.controller.js": 1624258476979,
  "model/models.js": 1623739604010,
  "i18n/i18n.properties": 1623965142988,
  "controller/Main.controller.js": 1624259420847,
  "controller/InitiateDispatch.controller.js": 1624253961738,
  "controller/ErrorHandler.js": 1623739604006,
  "controller/BaseController.js": 1623739604006,
  "controller/App.controller.js": 1623739604006,
  "Component.js": 1623739604006,
  "manifest-bundle.zip": 1624259764302,
  "Component-preload.js": 1624259764631,
  "controller/App-dbg.controller.js": 1623739604006,
  "controller/PackingListProceed-dbg.controller.js": 1624258476979,
  "controller/Main-dbg.controller.js": 1624259420847,
  "controller/InitiateDispatch-dbg.controller.js": 1624253961738,
  "controller/ErrorHandler-dbg.js": 1623739604006,
  "controller/BaseController-dbg.js": 1623739604006,
  "model/models-dbg.js": 1623739604010,
  "Component-dbg.js": 1623739604006,
  "view/fragments/DispatchView/TreeTableView.fragment.xml": 1623739604010,
  "view/fragments/TreeTableView.fragment.xml": 1623965171368,
  "view/PackingListProceed.view.xml": 1624253961742,
  "view/Main.view.xml": 1623965142988,
  "view/InitiateDispatch.view.xml": 1624112341140,
  "view/App.view.xml": 1623913704629,
  "css/style.css": 1623739604006,
  "index.html": 1623739604006
}