{
  "view/fragments/TreeTableView.fragment.xml": 1625488934615,
  "controller/InitiateDispatch.controller.js": 1626347550942,
  "utils/formatter.js": 1625237462189,
  "model/models.js": 1625237462189,
  "controller/PackingListProceed.controller.js": 1627303305457,
  "manifest.json": 1627387427292,
  "controller/ErrorHandler.js": 1625237462185,
  "controller/BaseController.js": 1625237462185,
  "controller/App.controller.js": 1625237462185,
  "Component.js": 1625237462185,
  "manifest-bundle.zip": 1627387426864,
  "Component-preload.js": 1627387427211,
  "Component-dbg.js": 1625237462185,
  "model/models-dbg.js": 1625237462189,
  "controller/PackingListProceed-dbg.controller.js": 1627303305457,
  "controller/InitiateDispatch-dbg.controller.js": 1626347550942,
  "controller/ErrorHandler-dbg.js": 1625237462185,
  "controller/BaseController-dbg.js": 1625237462185,
  "controller/App-dbg.controller.js": 1625237462185,
  "utils/formatter-dbg.js": 1625237462189,
  "view/fragments/DispatchView/TreeTableView.fragment.xml": 1626087354939,
  "i18n/i18n.properties": 1626087354939,
  "view/PackingListProceed.view.xml": 1626087354939,
  "view/InitiateDispatch.view.xml": 1627387253391,
  "view/App.view.xml": 1625237462189,
  "css/style.css": 1625237462185,
  "index.html": 1625237462185
}