{
  "view/InitiateDispatch.view.xml": 1624112341140,
  "controller/PackingListProceed.controller.js": 1624276921396,
  "model/models.js": 1623739604010,
  "manifest.json": 1624277229886,
  "controller/Main.controller.js": 1624276921396,
  "controller/InitiateDispatch.controller.js": 1624262303278,
  "controller/ErrorHandler.js": 1623739604006,
  "controller/BaseController.js": 1623739604006,
  "controller/App.controller.js": 1623739604006,
  "Component.js": 1623739604006,
  "manifest-bundle.zip": 1624277229199,
  "Component-preload.js": 1624277229779,
  "model/models-dbg.js": 1623739604010,
  "controller/PackingListProceed-dbg.controller.js": 1624276921396,
  "controller/Main-dbg.controller.js": 1624276921396,
  "controller/InitiateDispatch-dbg.controller.js": 1624262303278,
  "controller/ErrorHandler-dbg.js": 1623739604006,
  "controller/BaseController-dbg.js": 1623739604006,
  "controller/App-dbg.controller.js": 1623739604006,
  "Component-dbg.js": 1623739604006,
  "view/fragments/DispatchView/TreeTableView.fragment.xml": 1623739604010,
  "view/fragments/TreeTableView.fragment.xml": 1623965171368,
  "view/PackingListProceed.view.xml": 1624262303278,
  "view/Main.view.xml": 1623965142988,
  "i18n/i18n.properties": 1623965142988,
  "view/App.view.xml": 1623913704629,
  "css/style.css": 1623739604006,
  "index.html": 1623739604006
}