{
  "view/App.view.xml": 1625047568297,
  "controller/ErrorHandler.js": 1625047568073,
  "utils/formatter.js": 1625047568297,
  "model/models.js": 1625047568241,
  "controller/PackingListProceed.controller.js": 1625574746280,
  "controller/InitiateDispatch.controller.js": 1625842399120,
  "manifest.json": 1626266090230,
  "controller/BaseController.js": 1625047568053,
  "controller/App.controller.js": 1625047568053,
  "Component.js": 1625047568053,
  "manifest-bundle.zip": 1626266089830,
  "Component-preload.js": 1626266090153,
  "controller/ErrorHandler-dbg.js": 1625047568073,
  "model/models-dbg.js": 1625047568241,
  "controller/PackingListProceed-dbg.controller.js": 1625574746280,
  "controller/InitiateDispatch-dbg.controller.js": 1625842399120,
  "utils/formatter-dbg.js": 1625047568297,
  "controller/BaseController-dbg.js": 1625047568053,
  "controller/App-dbg.controller.js": 1625047568053,
  "Component-dbg.js": 1625047568053,
  "view/fragments/DispatchView/TreeTableView.fragment.xml": 1625842399120,
  "view/fragments/TreeTableView.fragment.xml": 1625574746280,
  "view/PackingListProceed.view.xml": 1625842399120,
  "view/InitiateDispatch.view.xml": 1625842399120,
  "i18n/i18n.properties": 1625842399120,
  "css/style.css": 1625047568109,
  "index.html": 1625047568209
}