{
  "controller/App.controller.js": 1623739604006,
  "controller/BaseController.js": 1623739604006,
  "utils/formatter.js": 1624535760934,
  "model/models.js": 1623739604010,
  "controller/PackingListProceed.controller.js": 1624960859064,
  "controller/Main.controller.js": 1624535760930,
  "controller/InitiateDispatch.controller.js": 1624535760930,
  "controller/ErrorHandler.js": 1623739604006,
  "manifest.json": 1624962170308,
  "i18n/i18n.properties": 1624535760930,
  "Component.js": 1623739604006,
  "manifest-bundle.zip": 1624962169726,
  "Component-preload.js": 1624962170194,
  "Component-dbg.js": 1623739604006,
  "model/models-dbg.js": 1623739604010,
  "controller/PackingListProceed-dbg.controller.js": 1624960859064,
  "controller/Main-dbg.controller.js": 1624535760930,
  "controller/InitiateDispatch-dbg.controller.js": 1624535760930,
  "controller/ErrorHandler-dbg.js": 1623739604006,
  "controller/BaseController-dbg.js": 1623739604006,
  "controller/App-dbg.controller.js": 1623739604006,
  "utils/formatter-dbg.js": 1624535760934,
  "view/fragments/DispatchView/TreeTableView.fragment.xml": 1624535760934,
  "view/fragments/TreeTableView.fragment.xml": 1624535760938,
  "view/PackingListProceed.view.xml": 1624535760934,
  "view/Main.view.xml": 1623965142988,
  "view/InitiateDispatch.view.xml": 1624535760934,
  "view/App.view.xml": 1623913704629,
  "css/style.css": 1623739604006,
  "index.html": 1623739604006
}