{
  "css/style.css": 1625237462185,
  "model/models.js": 1625237462189,
  "utils/formatter.js": 1625237462189,
  "manifest.json": 1625479874624,
  "controller/PackingListProceed.controller.js": 1625237462185,
  "controller/Main.controller.js": 1625237462185,
  "controller/InitiateDispatch.controller.js": 1625237462185,
  "controller/ErrorHandler.js": 1625237462185,
  "controller/BaseController.js": 1625237462185,
  "controller/App.controller.js": 1625237462185,
  "Component.js": 1625237462185,
  "manifest-bundle.zip": 1625479873897,
  "Component-preload.js": 1625479874471,
  "model/models-dbg.js": 1625237462189,
  "utils/formatter-dbg.js": 1625237462189,
  "controller/PackingListProceed-dbg.controller.js": 1625237462185,
  "controller/Main-dbg.controller.js": 1625237462185,
  "controller/InitiateDispatch-dbg.controller.js": 1625237462185,
  "controller/ErrorHandler-dbg.js": 1625237462185,
  "controller/BaseController-dbg.js": 1625237462185,
  "controller/App-dbg.controller.js": 1625237462185,
  "Component-dbg.js": 1625237462185,
  "view/fragments/DispatchView/TreeTableView.fragment.xml": 1625237462189,
  "view/fragments/TreeTableView.fragment.xml": 1625237462189,
  "view/PackingListProceed.view.xml": 1625237462189,
  "view/Main.view.xml": 1625237462189,
  "view/InitiateDispatch.view.xml": 1625237462189,
  "view/App.view.xml": 1625237462189,
  "i18n/i18n.properties": 1625237462185,
  "index.html": 1625237462185
}