{
  "Component.js": 1623739604006,
  "controller/BaseController.js": 1623739604006,
  "model/models.js": 1623739604010,
  "controller/PackingListProceed.controller.js": 1623932508635,
  "controller/Main.controller.js": 1623936695979,
  "controller/InitiateDispatch.controller.js": 1623932508635,
  "controller/ErrorHandler.js": 1623739604006,
  "manifest.json": 1623939354383,
  "controller/App.controller.js": 1623739604006,
  "i18n/i18n.properties": 1623932508635,
  "manifest-bundle.zip": 1623939353157,
  "Component-preload.js": 1623939354144,
  "controller/InitiateDispatch-dbg.controller.js": 1623932508635,
  "controller/PackingListProceed-dbg.controller.js": 1623932508635,
  "controller/Main-dbg.controller.js": 1623936695979,
  "model/models-dbg.js": 1623739604010,
  "controller/ErrorHandler-dbg.js": 1623739604006,
  "controller/BaseController-dbg.js": 1623739604006,
  "controller/App-dbg.controller.js": 1623739604006,
  "Component-dbg.js": 1623739604006,
  "view/fragments/DispatchView/TreeTableView.fragment.xml": 1623739604010,
  "view/fragments/TreeTableView.fragment.xml": 1623739604010,
  "view/PackingListProceed.view.xml": 1623739604010,
  "view/Main.view.xml": 1623932508639,
  "view/InitiateDispatch.view.xml": 1623932508639,
  "view/App.view.xml": 1623913704629,
  "css/style.css": 1623739604006,
  "index.html": 1623739604006
}