{
  "view/App.view.xml": 1623749254388,
  "manifest.json": 1628021670314,
  "utils/formatter.js": 1624394311447,
  "model/models.js": 1623749254388,
  "controller/PackingListProceed.controller.js": 1627995846410,
  "controller/InitiateDispatch.controller.js": 1626772095520,
  "controller/ErrorHandler.js": 1623749254384,
  "controller/BaseController.js": 1623749254384,
  "controller/App.controller.js": 1623749254384,
  "Component.js": 1623749254384,
  "manifest-bundle.zip": 1628021669468,
  "Component-preload.js": 1628021670104,
  "model/models-dbg.js": 1623749254388,
  "utils/formatter-dbg.js": 1624394311447,
  "controller/PackingListProceed-dbg.controller.js": 1627995846410,
  "controller/InitiateDispatch-dbg.controller.js": 1626772095520,
  "controller/ErrorHandler-dbg.js": 1623749254384,
  "controller/BaseController-dbg.js": 1623749254384,
  "controller/App-dbg.controller.js": 1623749254384,
  "Component-dbg.js": 1623749254384,
  "view/fragments/DispatchView/TreeTableView.fragment.xml": 1626183730183,
  "view/fragments/TreeTableView.fragment.xml": 1626183718299,
  "view/PackingListProceed.view.xml": 1626183730183,
  "view/InitiateDispatch.view.xml": 1627995846410,
  "i18n/i18n.properties": 1626183730183,
  "css/style.css": 1623749254384,
  "index.html": 1623749254384
}