{
  "view/blocks/UserDetails/basicDetails/BasicDetailsController-dbg.controller.js": 1623676889569,
  "i18n/i18n_en_GB.properties": 1623676889569,
  "i18n/i18n_en.properties": 1623676889569,
  "i18n/i18n_en_US.properties": 1623676889569,
  "controller/App.controller.js": 1623676889565,
  "view/blocks/UserDetails/basicDetails/blocks/BasicDetails.js": 1623676889569,
  "view/blocks/UserDetails/basicDetails/BasicDetailsController.controller.js": 1623676889569,
  "model/models.js": 1623676889569,
  "controller/UserList.controller.js": 1623676889565,
  "controller/UserDetails.controller.js": 1623676889565,
  "controller/ErrorHandler.js": 1623676889565,
  "controller/BaseController.js": 1623676889565,
  "manifest.json": 1624357941378,
  "Component.js": 1623676889565,
  "manifest-bundle.zip": 1624357940875,
  "Component-preload.js": 1624357941286,
  "controller/BaseController-dbg.js": 1623676889565,
  "i18n/i18n.properties": 1623676889569,
  "model/models-dbg.js": 1623676889569,
  "controller/UserList-dbg.controller.js": 1623676889565,
  "controller/UserDetails-dbg.controller.js": 1623676889565,
  "controller/ErrorHandler-dbg.js": 1623676889565,
  "view/blocks/UserDetails/basicDetails/blocks/BasicDetails-dbg.js": 1623676889569,
  "controller/App-dbg.controller.js": 1623676889565,
  "Component-dbg.js": 1623676889565,
  "view/blocks/UserDetails/basicDetails/BasicDetails.view.xml": 1623676889569,
  "view/fragments/UserRequestList/UserRequestTable.fragment.xml": 1623676889569,
  "view/fragments/UserRequestList/FilterBar.fragment.xml": 1623676889569,
  "view/fragments/AssignRole/AssignRoleDialog.fragment.xml": 1623676889569,
  "view/UserList.view.xml": 1623676889569,
  "view/UserDetails.view.xml": 1623676889569,
  "view/App.view.xml": 1623676889569,
  "css/style.css": 1623676889569,
  "index.html": 1623676889569
}