{
  "Component.js": 1622702713667,
  "i18n/i18n_en_GB.properties": 1622702713671,
  "i18n/i18n_en.properties": 1622702713671,
  "i18n/i18n.properties": 1622803029268,
  "controller/BaseController.js": 1622702713671,
  "view/blocks/UserDetails/basicDetails/blocks/BasicDetails.js": 1622803029416,
  "view/blocks/UserDetails/basicDetails/BasicDetailsController.controller.js": 1622803029268,
  "model/models.js": 1622702713671,
  "controller/UserList.controller.js": 1622702713671,
  "controller/UserDetails.controller.js": 1622803029268,
  "controller/ErrorHandler.js": 1622702713671,
  "manifest.json": 1623052107633,
  "controller/App.controller.js": 1622702713671,
  "i18n/i18n_en_US.properties": 1622702713671,
  "manifest-bundle.zip": 1623052107255,
  "Component-preload.js": 1623052107540,
  "controller/BaseController-dbg.js": 1622702713671,
  "view/blocks/UserDetails/basicDetails/BasicDetailsController-dbg.controller.js": 1622803029268,
  "model/models-dbg.js": 1622702713671,
  "controller/UserList-dbg.controller.js": 1622702713671,
  "controller/UserDetails-dbg.controller.js": 1622803029268,
  "controller/ErrorHandler-dbg.js": 1622702713671,
  "view/blocks/UserDetails/basicDetails/blocks/BasicDetails-dbg.js": 1622803029416,
  "controller/App-dbg.controller.js": 1622702713671,
  "Component-dbg.js": 1622702713667,
  "view/blocks/UserDetails/basicDetails/BasicDetails.view.xml": 1622803029268,
  "view/fragments/UserRequestList/UserRequestTable.fragment.xml": 1622702713675,
  "view/fragments/UserRequestList/FilterBar.fragment.xml": 1622702713675,
  "view/fragments/AssignRole/AssignRoleDialog.fragment.xml": 1622803029268,
  "view/UserList.view.xml": 1622702713675,
  "view/UserDetails.view.xml": 1622803029268,
  "view/App.view.xml": 1622702713675,
  "css/style.css": 1622702713671,
  "index.html": 1622702713671
}