{
  "model/models-dbg.js": 1622801160244,
  "i18n/i18n_en_US.properties": 1622801160244,
  "i18n/i18n_en.properties": 1622801160244,
  "i18n/i18n.properties": 1623130686740,
  "model/models.js": 1622801160244,
  "view/blocks/UserDetails/basicDetails/blocks/BasicDetails.js": 1623130688412,
  "view/blocks/UserDetails/basicDetails/BasicDetailsController.controller.js": 1623130686740,
  "manifest.json": 1623236639627,
  "controller/UserList.controller.js": 1622801160244,
  "controller/UserDetails.controller.js": 1623130686740,
  "controller/ErrorHandler.js": 1622801160236,
  "controller/BaseController.js": 1622801160236,
  "controller/App.controller.js": 1622801160236,
  "Component.js": 1622801160236,
  "manifest-bundle.zip": 1623236639123,
  "Component-preload.js": 1623236639545,
  "view/blocks/UserDetails/basicDetails/BasicDetailsController-dbg.controller.js": 1623130686740,
  "view/blocks/UserDetails/basicDetails/blocks/BasicDetails-dbg.js": 1623130688412,
  "i18n/i18n_en_GB.properties": 1622801160244,
  "controller/UserList-dbg.controller.js": 1622801160244,
  "controller/UserDetails-dbg.controller.js": 1623130686740,
  "controller/ErrorHandler-dbg.js": 1622801160236,
  "controller/BaseController-dbg.js": 1622801160236,
  "controller/App-dbg.controller.js": 1622801160236,
  "Component-dbg.js": 1622801160236,
  "view/blocks/UserDetails/basicDetails/BasicDetails.view.xml": 1623130686740,
  "view/fragments/UserRequestList/UserRequestTable.fragment.xml": 1622801160252,
  "view/fragments/UserRequestList/FilterBar.fragment.xml": 1622801160248,
  "view/fragments/AssignRole/AssignRoleDialog.fragment.xml": 1623130686740,
  "view/UserList.view.xml": 1622801160248,
  "view/UserDetails.view.xml": 1623130686740,
  "view/App.view.xml": 1622801160248,
  "css/style.css": 1622801160244,
  "index.html": 1622801160244
}