{
  "Component-dbg.js": 1623749068668,
  "i18n/i18n_en_GB.properties": 1623749068672,
  "i18n/i18n_en.properties": 1623749068672,
  "i18n/i18n.properties": 1623749068672,
  "manifest.json": 1628012835579,
  "view/blocks/UserDetails/basicDetails/blocks/BasicDetails.js": 1623749068680,
  "view/blocks/UserDetails/basicDetails/BasicDetailsController.controller.js": 1623749068680,
  "model/models.js": 1623749068676,
  "controller/UserList.controller.js": 1623749068672,
  "controller/UserDetails.controller.js": 1626183730183,
  "controller/ErrorHandler.js": 1623749068668,
  "controller/BaseController.js": 1623749068668,
  "controller/App.controller.js": 1623749068668,
  "Component.js": 1623749068668,
  "manifest-bundle.zip": 1628012834989,
  "Component-preload.js": 1628012835401,
  "view/blocks/UserDetails/basicDetails/BasicDetailsController-dbg.controller.js": 1623749068680,
  "view/blocks/UserDetails/basicDetails/blocks/BasicDetails-dbg.js": 1623749068680,
  "model/models-dbg.js": 1623749068676,
  "controller/UserList-dbg.controller.js": 1623749068672,
  "controller/UserDetails-dbg.controller.js": 1626183730183,
  "controller/ErrorHandler-dbg.js": 1623749068668,
  "controller/BaseController-dbg.js": 1623749068668,
  "controller/App-dbg.controller.js": 1623749068668,
  "i18n/i18n_en_US.properties": 1623749068672,
  "view/blocks/UserDetails/basicDetails/BasicDetails.view.xml": 1623749068680,
  "view/fragments/UserRequestList/UserRequestTable.fragment.xml": 1623749068680,
  "view/fragments/UserRequestList/FilterBar.fragment.xml": 1623749068680,
  "view/fragments/AssignRole/AssignRoleDialog.fragment.xml": 1626183730183,
  "view/UserList.view.xml": 1623749068676,
  "view/UserDetails.view.xml": 1623749068676,
  "view/App.view.xml": 1623749068676,
  "css/style.css": 1623749068672,
  "index.html": 1623749068672
}