{
    "resources": [
        {
            "name": "../securityscanhistory/i18n/i18n.properties",
            "raw": "i18n/i18n.properties"
        },
        {
            "name": "../securityscanhistory/i18n/i18n_en_GB.properties",
            "raw": "i18n/i18n.properties",
            "locale": "_en_GB"
        },
        {
            "name": "../securityscanhistory/i18n/i18n_en.properties",
            "raw": "i18n/i18n.properties",
            "locale": "_en"
        },
        {
            "name": "../securityscanhistory/i18n/i18n_en_US.properties",
            "raw": "i18n/i18n.properties",
            "locale": "_en_US"
        },
        {
            "name": "../securityscanhistory/view/blocks/packingListDetails/outerPackaging/OuterPackagingController.controller.js"
        },
        {
            "name": "../securityscanhistory/view/blocks/packingListDetails/packagingListContains/blocks/LineItemsTable.js"
        },
        {
            "name": "../securityscanhistory/view/blocks/packingListDetails/outerPackaging/blocks/OuterPackaging.js"
        },
        {
            "name": "../securityscanhistory/view/blocks/packingListDetails/lineItemsTable/blocks/LineItemsTable.js"
        },
        {
            "name": "../securityscanhistory/view/blocks/packingListDetails/innerPackaging/blocks/InnerPackaging.js"
        },
        {
            "name": "../securityscanhistory/view/blocks/packingListDetails/packagingListContains/LineItemsTableController.controller.js"
        },
        {
            "name": "../securityscanhistory/manifest.json"
        },
        {
            "name": "../securityscanhistory/view/blocks/packingListDetails/lineItemsTable/LineItemsTableController.controller.js"
        },
        {
            "name": "../securityscanhistory/view/blocks/packingListDetails/innerPackaging/InnerPackagingController.controller.js"
        },
        {
            "name": "../securityscanhistory/view/blocks/lineItemsTable/blocks/LineItemsTable.js"
        },
        {
            "name": "../securityscanhistory/view/blocks/lineItemsTable/LineItemsTableController.controller.js"
        },
        {
            "name": "../securityscanhistory/utils/formatter.js"
        },
        {
            "name": "../securityscanhistory/model/models.js"
        },
        {
            "name": "../securityscanhistory/controller/QRCodeDetail.controller.js"
        },
        {
            "name": "../securityscanhistory/controller/LandingPage.controller.js"
        },
        {
            "name": "../securityscanhistory/controller/ErrorHandler.js"
        },
        {
            "name": "../securityscanhistory/controller/BaseController.js"
        },
        {
            "name": "../securityscanhistory/controller/App.controller.js"
        },
        {
            "name": "../securityscanhistory/Component.js"
        },
        {
            "name": "../securityscanhistory/manifest-bundle.zip"
        },
        {
            "name": "../securityscanhistory/Component-preload.js",
            "merged": true
        },
        {
            "name": "../securityscanhistory/view/blocks/packingListDetails/innerPackaging/InnerPackagingController-dbg.controller.js",
            "isDebug": true
        },
        {
            "name": "../securityscanhistory/view/blocks/packingListDetails/outerPackaging/blocks/OuterPackaging-dbg.js",
            "isDebug": true
        },
        {
            "name": "../securityscanhistory/view/blocks/packingListDetails/lineItemsTable/blocks/LineItemsTable-dbg.js",
            "isDebug": true
        },
        {
            "name": "../securityscanhistory/view/blocks/packingListDetails/innerPackaging/blocks/InnerPackaging-dbg.js",
            "isDebug": true
        },
        {
            "name": "../securityscanhistory/view/blocks/packingListDetails/packagingListContains/LineItemsTableController-dbg.controller.js",
            "isDebug": true
        },
        {
            "name": "../securityscanhistory/view/blocks/packingListDetails/outerPackaging/OuterPackagingController-dbg.controller.js",
            "isDebug": true
        },
        {
            "name": "../securityscanhistory/view/blocks/packingListDetails/lineItemsTable/LineItemsTableController-dbg.controller.js",
            "isDebug": true
        },
        {
            "name": "../securityscanhistory/view/blocks/packingListDetails/packagingListContains/blocks/LineItemsTable-dbg.js",
            "isDebug": true
        },
        {
            "name": "../securityscanhistory/view/blocks/lineItemsTable/blocks/LineItemsTable-dbg.js",
            "isDebug": true
        },
        {
            "name": "../securityscanhistory/view/blocks/lineItemsTable/LineItemsTableController-dbg.controller.js",
            "isDebug": true
        },
        {
            "name": "../securityscanhistory/utils/formatter-dbg.js",
            "isDebug": true
        },
        {
            "name": "../securityscanhistory/model/models-dbg.js",
            "isDebug": true
        },
        {
            "name": "../securityscanhistory/controller/QRCodeDetail-dbg.controller.js",
            "isDebug": true
        },
        {
            "name": "../securityscanhistory/controller/LandingPage-dbg.controller.js",
            "isDebug": true
        },
        {
            "name": "../securityscanhistory/controller/ErrorHandler-dbg.js",
            "isDebug": true
        },
        {
            "name": "../securityscanhistory/controller/BaseController-dbg.js",
            "isDebug": true
        },
        {
            "name": "../securityscanhistory/controller/App-dbg.controller.js",
            "isDebug": true
        },
        {
            "name": "../securityscanhistory/Component-dbg.js",
            "isDebug": true
        },
        {
            "name": "../../../../sap-ui-version.json"
        },
        {
            "name": "../securityscanhistory/view/blocks/packingListDetails/packagingListContains/LineItemsTable.view.xml"
        },
        {
            "name": "../securityscanhistory/view/blocks/packingListDetails/outerPackaging/OuterPackaging.view.xml"
        },
        {
            "name": "../securityscanhistory/view/blocks/packingListDetails/lineItemsTable/LineItemsTable.view.xml"
        },
        {
            "name": "../securityscanhistory/view/blocks/packingListDetails/innerPackaging/InnerPackaging.view.xml"
        },
        {
            "name": "../securityscanhistory/view/fragments/packingListDetails/QRCodeViewer1.fragment.xml"
        },
        {
            "name": "../securityscanhistory/view/fragments/packingListDetails/QRCodeViewer.fragment.xml"
        },
        {
            "name": "../securityscanhistory/view/blocks/lineItemsTable/LineItemsTable.view.xml"
        },
        {
            "name": "../securityscanhistory/view/fragments/LineItemsTable.view.xml"
        },
        {
            "name": "../securityscanhistory/view/fragments/InternationalTable.fragment.xml"
        },
        {
            "name": "../securityscanhistory/view/fragments/FilterBar.fragment.xml"
        },
        {
            "name": "../securityscanhistory/view/fragments/DomesticTable.fragment.xml"
        },
        {
            "name": "../securityscanhistory/view/QRCodeDetail.view.xml"
        },
        {
            "name": "../securityscanhistory/view/LandingPage.view.xml"
        },
        {
            "name": "../securityscanhistory/view/App.view.xml"
        },
        {
            "name": "../securityscanhistory/css/style.css"
        },
        {
            "name": "../securityscanhistory/index.html"
        }
    ]
}