{
    "resources": [
        {
            "name": "../securityscanhistory/controller/App.controller.js"
        },
        {
            "name": "../securityscanhistory/view/blocks/lineItemsTable/LineItemsTableController.controller.js"
        },
        {
            "name": "../securityscanhistory/view/blocks/lineItemsTable/blocks/LineItemsTable.js"
        },
        {
            "name": "../securityscanhistory/manifest.json"
        },
        {
            "name": "../securityscanhistory/model/models.js"
        },
        {
            "name": "../securityscanhistory/controller/QRCodeDetail.controller.js"
        },
        {
            "name": "../securityscanhistory/controller/LandingPage.controller.js"
        },
        {
            "name": "../securityscanhistory/controller/ErrorHandler.js"
        },
        {
            "name": "../securityscanhistory/controller/BaseController.js"
        },
        {
            "name": "../securityscanhistory/i18n/i18n.properties",
            "raw": "i18n/i18n.properties"
        },
        {
            "name": "../securityscanhistory/Component.js"
        },
        {
            "name": "../securityscanhistory/manifest-bundle.zip"
        },
        {
            "name": "../securityscanhistory/Component-preload.js",
            "merged": true
        },
        {
            "name": "../securityscanhistory/controller/BaseController-dbg.js",
            "isDebug": true
        },
        {
            "name": "../securityscanhistory/view/blocks/lineItemsTable/LineItemsTableController-dbg.controller.js",
            "isDebug": true
        },
        {
            "name": "../securityscanhistory/model/models-dbg.js",
            "isDebug": true
        },
        {
            "name": "../securityscanhistory/controller/QRCodeDetail-dbg.controller.js",
            "isDebug": true
        },
        {
            "name": "../securityscanhistory/controller/LandingPage-dbg.controller.js",
            "isDebug": true
        },
        {
            "name": "../securityscanhistory/controller/ErrorHandler-dbg.js",
            "isDebug": true
        },
        {
            "name": "../securityscanhistory/view/blocks/lineItemsTable/blocks/LineItemsTable-dbg.js",
            "isDebug": true
        },
        {
            "name": "../securityscanhistory/controller/App-dbg.controller.js",
            "isDebug": true
        },
        {
            "name": "../securityscanhistory/Component-dbg.js",
            "isDebug": true
        },
        {
            "name": "../../../../sap-ui-version.json"
        },
        {
            "name": "../securityscanhistory/view/blocks/lineItemsTable/LineItemsTable.view.xml"
        },
        {
            "name": "../securityscanhistory/view/fragments/LineItemsTable.view.xml"
        },
        {
            "name": "../securityscanhistory/view/fragments/InternationalTable.fragment.xml"
        },
        {
            "name": "../securityscanhistory/view/fragments/FilterBar.fragment.xml"
        },
        {
            "name": "../securityscanhistory/view/fragments/DomesticTable.fragment.xml"
        },
        {
            "name": "../securityscanhistory/view/QRCodeDetail.view.xml"
        },
        {
            "name": "../securityscanhistory/view/LandingPage.view.xml"
        },
        {
            "name": "../securityscanhistory/view/App.view.xml"
        },
        {
            "name": "../securityscanhistory/css/style.css"
        },
        {
            "name": "../securityscanhistory/index.html"
        }
    ]
}