{
  "Component-dbg.js": 1616746927045,
  "controller/LandingPage.controller.js": 1616746927045,
  "model/models.js": 1616746927105,
  "manifest.json": 1616752638714,
  "Component.js": 1616746927045,
  "manifest-bundle.zip": 1616752638511,
  "Component-preload.js": 1616752638693,
  "i18n/i18n.properties": 1616746927105,
  "controller/LandingPage-dbg.controller.js": 1616746927045,
  "model/models-dbg.js": 1616746927105,
  "resources.json": 1616752638717,
  "view/LandingPage.view.xml": 1616746927105,
  "css/style.css": 1616746927105,
  "index.html": 1616746927105
}