{
  "Component.js": 1616559974255,
  "controller/LandingPage.controller.js": 1616559974255,
  "model/models.js": 1616559974255,
  "manifest.json": 1616562162956,
  "i18n/i18n.properties": 1616559974255,
  "manifest-bundle.zip": 1616562162798,
  "Component-preload.js": 1616562162936,
  "Component-dbg.js": 1616559974255,
  "controller/LandingPage-dbg.controller.js": 1616559974255,
  "model/models-dbg.js": 1616559974255,
  "resources.json": 1616562162958,
  "view/LandingPage.view.xml": 1616559974255,
  "css/style.css": 1616559974255,
  "index.html": 1616559974255
}