{
  "controller/LandingPage-dbg.controller.js": 1621941634365,
  "Component.js": 1621941634365,
  "model/models.js": 1621941634365,
  "controller/LandingPage.controller.js": 1621941634365,
  "manifest.json": 1623236558141,
  "manifest-bundle.zip": 1623236557936,
  "Component-preload.js": 1623236558110,
  "model/models-dbg.js": 1621941634365,
  "i18n/i18n.properties": 1621941634365,
  "Component-dbg.js": 1621941634365,
  "resources.json": 1623236558144,
  "view/LandingPage.view.xml": 1621941634365,
  "css/style.css": 1621941634365,
  "index.html": 1621941634365
}