{
  "resources.json": 1625648844977,
  "model/models.js": 1621941634365,
  "manifest.json": 1625648844974,
  "controller/LandingPage.controller.js": 1621941634365,
  "Component.js": 1621941634365,
  "manifest-bundle.zip": 1625648844800,
  "Component-preload.js": 1625648844946,
  "Component-dbg.js": 1621941634365,
  "controller/LandingPage-dbg.controller.js": 1621941634365,
  "model/models-dbg.js": 1621941634365,
  "i18n/i18n.properties": 1621941634365,
  "view/LandingPage.view.xml": 1621941634365,
  "css/style.css": 1621941634365,
  "index.html": 1621941634365
}