{
  "view/LandingPage.view.xml": 1617171552039,
  "controller/LandingPage.controller.js": 1617171552039,
  "model/models.js": 1617171552039,
  "manifest.json": 1624910394152,
  "Component.js": 1617171552039,
  "manifest-bundle.zip": 1624910394016,
  "Component-preload.js": 1624910394126,
  "controller/LandingPage-dbg.controller.js": 1617171552039,
  "model/models-dbg.js": 1617171552039,
  "Component-dbg.js": 1617171552039,
  "resources.json": 1624910394155,
  "i18n/i18n.properties": 1617171552039,
  "css/style.css": 1617171552039,
  "index.html": 1617171552039
}