{
  "resources.json": 1623911508618,
  "Component.js": 1617170945336,
  "model/models.js": 1617170945336,
  "controller/LandingPage.controller.js": 1617170945336,
  "manifest.json": 1623911508615,
  "manifest-bundle.zip": 1623911508438,
  "Component-preload.js": 1623911508588,
  "model/models-dbg.js": 1617170945336,
  "controller/LandingPage-dbg.controller.js": 1617170945336,
  "Component-dbg.js": 1617170945336,
  "i18n/i18n.properties": 1617170945336,
  "view/LandingPage.view.xml": 1617170945336,
  "css/style.css": 1617170945336,
  "index.html": 1617170945336
}