{
  "index.html": 1617171552039,
  "manifest.json": 1625767405385,
  "model/models.js": 1617171552039,
  "controller/LandingPage.controller.js": 1617171552039,
  "Component.js": 1617171552039,
  "manifest-bundle.zip": 1625767405217,
  "Component-preload.js": 1625767405340,
  "controller/LandingPage-dbg.controller.js": 1617171552039,
  "model/models-dbg.js": 1617171552039,
  "Component-dbg.js": 1617171552039,
  "resources.json": 1625767405388,
  "view/LandingPage.view.xml": 1617171552039,
  "css/style.css": 1617171552039,
  "i18n/i18n.properties": 1617171552039
}