{
  "view/LandingPage.view.xml": 1617170945336,
  "model/models.js": 1617170945336,
  "manifest.json": 1622700350002,
  "controller/LandingPage.controller.js": 1617170945336,
  "Component.js": 1617170945336,
  "manifest-bundle.zip": 1622700349823,
  "Component-preload.js": 1622700349973,
  "model/models-dbg.js": 1617170945336,
  "controller/LandingPage-dbg.controller.js": 1617170945336,
  "Component-dbg.js": 1617170945336,
  "resources.json": 1622700350005,
  "i18n/i18n.properties": 1617170945336,
  "css/style.css": 1617170945336,
  "index.html": 1617170945336
}