{
  "css/style.css": 1617171552039,
  "Component.js": 1617171552039,
  "model/models.js": 1617171552039,
  "controller/LandingPage.controller.js": 1617171552039,
  "manifest.json": 1618464744084,
  "manifest-bundle.zip": 1618464743872,
  "Component-preload.js": 1618464744059,
  "Component-dbg.js": 1617171552039,
  "controller/LandingPage-dbg.controller.js": 1617171552039,
  "model/models-dbg.js": 1617171552039,
  "resources.json": 1618464744087,
  "view/LandingPage.view.xml": 1617171552039,
  "i18n/i18n.properties": 1617171552039,
  "index.html": 1617171552039
}