{
  "manifest.json": 1626850612779,
  "controller/CreateView.controller.js": 1626786072685,
  "view/blocks/packingListDetails/packagingListContains/blocks/LineItemsTable.js": 1625237462229,
  "view/blocks/packingListDetails/outerPackaging/blocks/OuterPackaging.js": 1625237462229,
  "view/blocks/packingListDetails/lineItemsTable/blocks/LineItemsTable.js": 1625237462229,
  "view/blocks/packingListDetails/innerPackaging/blocks/InnerPackaging.js": 1625237462229,
  "view/blocks/createView/packingListContainsTable/block/PackingListContainsTable.js": 1625237462229,
  "view/blocks/createView/lineItemsTable/block/LineItemsTable.js": 1625237462229,
  "view/blocks/packingListDetails/packagingListContains/LineItemsTableController.controller.js": 1625237462229,
  "view/blocks/packingListDetails/outerPackaging/OuterPackagingController.controller.js": 1625237462229,
  "view/blocks/packingListDetails/lineItemsTable/LineItemsTableController.controller.js": 1625237462229,
  "view/blocks/packingListDetails/innerPackaging/InnerPackagingController.controller.js": 1625237462229,
  "view/blocks/createView/packingListContainsTable/PackingListContainsTableController.controller.js": 1625237462229,
  "view/blocks/createView/lineItemsTable/LineItemsTableController.controller.js": 1625237462229,
  "utils/formatter.js": 1625237462201,
  "model/models.js": 1625237462197,
  "controller/QRCodeDetails.controller.js": 1625237462197,
  "controller/PackingListDetails.controller.js": 1626786072685,
  "controller/NotFound.controller.js": 1625237462197,
  "controller/ErrorHandler.js": 1625237462197,
  "controller/CreateViewStep2.controller.js": 1625237462197,
  "i18n/i18n.properties": 1625237462197,
  "controller/BaseController.js": 1625237462197,
  "controller/App.controller.js": 1625237462197,
  "Component.js": 1625237462197,
  "manifest-bundle.zip": 1626850612175,
  "Component-preload.js": 1626850612661,
  "Component-dbg.js": 1625237462197,
  "view/blocks/packingListDetails/outerPackaging/blocks/OuterPackaging-dbg.js": 1625237462229,
  "view/blocks/packingListDetails/lineItemsTable/blocks/LineItemsTable-dbg.js": 1625237462229,
  "view/blocks/packingListDetails/innerPackaging/blocks/InnerPackaging-dbg.js": 1625237462229,
  "view/blocks/createView/packingListContainsTable/block/PackingListContainsTable-dbg.js": 1625237462229,
  "view/blocks/createView/lineItemsTable/block/LineItemsTable-dbg.js": 1625237462229,
  "view/blocks/packingListDetails/packagingListContains/LineItemsTableController-dbg.controller.js": 1625237462229,
  "view/blocks/packingListDetails/outerPackaging/OuterPackagingController-dbg.controller.js": 1625237462229,
  "view/blocks/packingListDetails/lineItemsTable/LineItemsTableController-dbg.controller.js": 1625237462229,
  "view/blocks/packingListDetails/innerPackaging/InnerPackagingController-dbg.controller.js": 1625237462229,
  "view/blocks/createView/packingListContainsTable/PackingListContainsTableController-dbg.controller.js": 1625237462229,
  "view/blocks/createView/lineItemsTable/LineItemsTableController-dbg.controller.js": 1625237462229,
  "utils/formatter-dbg.js": 1625237462201,
  "model/models-dbg.js": 1625237462197,
  "controller/QRCodeDetails-dbg.controller.js": 1625237462197,
  "controller/PackingListDetails-dbg.controller.js": 1626786072685,
  "controller/NotFound-dbg.controller.js": 1625237462197,
  "controller/ErrorHandler-dbg.js": 1625237462197,
  "controller/CreateViewStep2-dbg.controller.js": 1625237462197,
  "controller/CreateView-dbg.controller.js": 1626786072685,
  "controller/BaseController-dbg.js": 1625237462197,
  "controller/App-dbg.controller.js": 1625237462197,
  "view/blocks/packingListDetails/packagingListContains/blocks/LineItemsTable-dbg.js": 1625237462229,
  "view/blocks/packingListDetails/packagingListContains/LineItemsTable.view.xml": 1625237462229,
  "view/blocks/packingListDetails/outerPackaging/OuterPackaging.view.xml": 1625237462229,
  "view/blocks/packingListDetails/lineItemsTable/LineItemsTable.view.xml": 1625740535213,
  "view/blocks/packingListDetails/innerPackaging/InnerPackaging.view.xml": 1625740535209,
  "view/blocks/createView/packingListContainsTable/PackingListContainsTable.view.xml": 1625740535209,
  "view/blocks/createView/lineItemsTable/LineItemsTable.view.xml": 1625740535205,
  "view/fragments/packingListDetails/QRassistant.fragment.xml": 1626347550942,
  "view/fragments/packingListDetails/QRCodeViewer.fragment.xml": 1626341894777,
  "view/fragments/packingListDetails/PackingListWeightGetter.fragment.xml": 1625237462229,
  "view/fragments/createViewStep2/ValueHelpDialog.fragment.xml": 1625740535217,
  "view/fragments/createView/ViewBOQItems.fragment.xml": 1625237462229,
  "view/QRCodeDetails.view.xml": 1625237462225,
  "view/PackingListDetails.view.xml": 1626786072689,
  "view/NotFound.view.xml": 1625237462225,
  "view/CreateViewStep2.view.xml": 1625237462225,
  "view/CreateView.view.xml": 1625237462225,
  "view/App.view.xml": 1625237462225,
  "css/style.css": 1625237462197,
  "index.html": 1625237462197
}