{
  "Component.js": 1623749072920,
  "view/blocks/packingListDetails/packagingListContains/blocks/LineItemsTable.js": 1623954339049,
  "manifest.json": 1624954810828,
  "view/blocks/packingListDetails/outerPackaging/blocks/OuterPackaging.js": 1623954339049,
  "view/blocks/packingListDetails/lineItemsTable/blocks/LineItemsTable.js": 1623954339049,
  "view/blocks/packingListDetails/innerPackaging/blocks/InnerPackaging.js": 1623954339049,
  "view/blocks/createView/packingListContainsTable/block/PackingListContainsTable.js": 1623749072956,
  "view/blocks/createView/lineItemsTable/block/LineItemsTable.js": 1623749072952,
  "view/blocks/packingListDetails/packagingListContains/LineItemsTableController.controller.js": 1623954339049,
  "view/blocks/packingListDetails/outerPackaging/OuterPackagingController.controller.js": 1623954339049,
  "view/blocks/packingListDetails/lineItemsTable/LineItemsTableController.controller.js": 1623954339049,
  "view/blocks/packingListDetails/innerPackaging/InnerPackagingController.controller.js": 1623954339049,
  "view/blocks/createView/packingListContainsTable/PackingListContainsTableController.controller.js": 1624394297191,
  "view/blocks/createView/lineItemsTable/LineItemsTableController.controller.js": 1623749072952,
  "utils/formatter.js": 1623760484858,
  "model/models.js": 1623749072932,
  "controller/QRCodeDetails.controller.js": 1623749254392,
  "controller/PackingListDetails.controller.js": 1624347023647,
  "controller/ErrorHandler.js": 1623749072924,
  "controller/CreateViewStep2.controller.js": 1624954476754,
  "controller/CreateView.controller.js": 1624954476754,
  "controller/BaseController.js": 1623749072920,
  "controller/App.controller.js": 1623749072920,
  "i18n/i18n.properties": 1624954476754,
  "manifest-bundle.zip": 1624954810055,
  "Component-preload.js": 1624954810670,
  "controller/ErrorHandler-dbg.js": 1623749072924,
  "view/blocks/packingListDetails/outerPackaging/blocks/OuterPackaging-dbg.js": 1623954339049,
  "view/blocks/packingListDetails/lineItemsTable/blocks/LineItemsTable-dbg.js": 1623954339049,
  "view/blocks/packingListDetails/innerPackaging/blocks/InnerPackaging-dbg.js": 1623954339049,
  "view/blocks/createView/packingListContainsTable/block/PackingListContainsTable-dbg.js": 1623749072956,
  "view/blocks/createView/lineItemsTable/block/LineItemsTable-dbg.js": 1623749072952,
  "view/blocks/packingListDetails/packagingListContains/LineItemsTableController-dbg.controller.js": 1623954339049,
  "view/blocks/packingListDetails/outerPackaging/OuterPackagingController-dbg.controller.js": 1623954339049,
  "view/blocks/packingListDetails/lineItemsTable/LineItemsTableController-dbg.controller.js": 1623954339049,
  "view/blocks/packingListDetails/innerPackaging/InnerPackagingController-dbg.controller.js": 1623954339049,
  "view/blocks/createView/packingListContainsTable/PackingListContainsTableController-dbg.controller.js": 1624394297191,
  "view/blocks/createView/lineItemsTable/LineItemsTableController-dbg.controller.js": 1623749072952,
  "utils/formatter-dbg.js": 1623760484858,
  "model/models-dbg.js": 1623749072932,
  "controller/QRCodeDetails-dbg.controller.js": 1623749254392,
  "controller/PackingListDetails-dbg.controller.js": 1624347023647,
  "view/blocks/packingListDetails/packagingListContains/blocks/LineItemsTable-dbg.js": 1623954339049,
  "controller/CreateViewStep2-dbg.controller.js": 1624954476754,
  "controller/CreateView-dbg.controller.js": 1624954476754,
  "controller/BaseController-dbg.js": 1623749072920,
  "controller/App-dbg.controller.js": 1623749072920,
  "Component-dbg.js": 1623749072920,
  "view/blocks/packingListDetails/packagingListContains/LineItemsTable.view.xml": 1624517550025,
  "view/blocks/packingListDetails/outerPackaging/OuterPackaging.view.xml": 1623954339049,
  "view/blocks/packingListDetails/lineItemsTable/LineItemsTable.view.xml": 1624517550021,
  "view/blocks/packingListDetails/innerPackaging/InnerPackaging.view.xml": 1624517550021,
  "view/blocks/createView/packingListContainsTable/PackingListContainsTable.view.xml": 1624954476762,
  "view/blocks/createView/lineItemsTable/LineItemsTable.view.xml": 1624954476758,
  "view/fragments/packingListDetails/QRassistant.fragment.xml": 1623954339049,
  "view/fragments/packingListDetails/QRCodeViewer.fragment.xml": 1623954339049,
  "view/fragments/packingListDetails/PackingListWeightGetter.fragment.xml": 1623954339049,
  "view/fragments/createViewStep2/ValueHelpDialog.fragment.xml": 1623954339049,
  "view/fragments/createView/ViewBOQItems.fragment.xml": 1624394297195,
  "view/QRCodeDetails.view.xml": 1623749254392,
  "view/PackingListDetails.view.xml": 1624954476758,
  "view/CreateViewStep2.view.xml": 1624954476758,
  "view/CreateView.view.xml": 1624954476758,
  "view/App.view.xml": 1623749072948,
  "css/style.css": 1623749072924,
  "index.html": 1623749072932
}