{
  "model/models-dbg.js": 1625047568337,
  "view/blocks/createView/lineItemsTable/LineItemsTableController.controller.js": 1625047568341,
  "view/blocks/packingListDetails/packagingListContains/blocks/LineItemsTable.js": 1625047568345,
  "view/blocks/packingListDetails/outerPackaging/blocks/OuterPackaging.js": 1625047568341,
  "view/blocks/packingListDetails/lineItemsTable/blocks/LineItemsTable.js": 1625047568341,
  "view/blocks/packingListDetails/innerPackaging/blocks/InnerPackaging.js": 1625047568341,
  "view/blocks/createView/packingListContainsTable/block/PackingListContainsTable.js": 1625047568341,
  "view/blocks/createView/lineItemsTable/block/LineItemsTable.js": 1625047568341,
  "view/blocks/packingListDetails/packagingListContains/LineItemsTableController.controller.js": 1625047568345,
  "view/blocks/packingListDetails/outerPackaging/OuterPackagingController.controller.js": 1625047568341,
  "view/blocks/packingListDetails/lineItemsTable/LineItemsTableController.controller.js": 1625047568341,
  "view/blocks/packingListDetails/innerPackaging/InnerPackagingController.controller.js": 1625047568341,
  "view/blocks/createView/packingListContainsTable/PackingListContainsTableController.controller.js": 1625047568341,
  "manifest.json": 1632228421096,
  "utils/formatter.js": 1627657818769,
  "model/models.js": 1625047568337,
  "controller/QRCodeDetails.controller.js": 1625047568333,
  "controller/PackingListDetails.controller.js": 1631619939619,
  "controller/NotFound.controller.js": 1625574746284,
  "controller/ErrorHandler.js": 1625047568333,
  "controller/CreateViewStep2.controller.js": 1631709016021,
  "controller/CreateView.controller.js": 1631601719845,
  "controller/BaseController.js": 1625047568333,
  "controller/App.controller.js": 1625047568333,
  "Component.js": 1625047568333,
  "manifest-bundle.zip": 1632228420243,
  "Component-preload.js": 1632228420905,
  "utils/formatter-dbg.js": 1627657818769,
  "view/blocks/packingListDetails/outerPackaging/blocks/OuterPackaging-dbg.js": 1625047568341,
  "view/blocks/packingListDetails/lineItemsTable/blocks/LineItemsTable-dbg.js": 1625047568341,
  "view/blocks/packingListDetails/innerPackaging/blocks/InnerPackaging-dbg.js": 1625047568341,
  "view/blocks/createView/packingListContainsTable/block/PackingListContainsTable-dbg.js": 1625047568341,
  "view/blocks/createView/lineItemsTable/block/LineItemsTable-dbg.js": 1625047568341,
  "view/blocks/packingListDetails/packagingListContains/LineItemsTableController-dbg.controller.js": 1625047568345,
  "view/blocks/packingListDetails/outerPackaging/OuterPackagingController-dbg.controller.js": 1625047568341,
  "view/blocks/packingListDetails/lineItemsTable/LineItemsTableController-dbg.controller.js": 1625047568341,
  "view/blocks/packingListDetails/innerPackaging/InnerPackagingController-dbg.controller.js": 1625047568341,
  "view/blocks/createView/packingListContainsTable/PackingListContainsTableController-dbg.controller.js": 1625047568341,
  "view/blocks/createView/lineItemsTable/LineItemsTableController-dbg.controller.js": 1625047568341,
  "view/blocks/packingListDetails/packagingListContains/blocks/LineItemsTable-dbg.js": 1625047568345,
  "i18n/i18n.properties": 1625574746284,
  "controller/QRCodeDetails-dbg.controller.js": 1625047568333,
  "controller/PackingListDetails-dbg.controller.js": 1631619939619,
  "controller/NotFound-dbg.controller.js": 1625574746284,
  "controller/ErrorHandler-dbg.js": 1625047568333,
  "controller/CreateViewStep2-dbg.controller.js": 1631709016021,
  "controller/CreateView-dbg.controller.js": 1631601719845,
  "controller/BaseController-dbg.js": 1625047568333,
  "controller/App-dbg.controller.js": 1625047568333,
  "Component-dbg.js": 1625047568333,
  "view/blocks/packingListDetails/packagingListContains/LineItemsTable.view.xml": 1625047568345,
  "view/blocks/packingListDetails/outerPackaging/OuterPackaging.view.xml": 1625047568341,
  "view/blocks/packingListDetails/lineItemsTable/LineItemsTable.view.xml": 1625574746284,
  "view/blocks/packingListDetails/innerPackaging/InnerPackaging.view.xml": 1625574746284,
  "view/blocks/createView/packingListContainsTable/PackingListContainsTable.view.xml": 1625574746284,
  "view/blocks/createView/lineItemsTable/LineItemsTable.view.xml": 1629181576969,
  "view/fragments/packingListDetails/QRassistant.fragment.xml": 1627536961813,
  "view/fragments/packingListDetails/QRCodeViewer.fragment.xml": 1627536961813,
  "view/fragments/packingListDetails/PackingListWeightGetter.fragment.xml": 1630039663687,
  "view/fragments/createViewStep2/ValueHelpDialog.fragment.xml": 1625574746284,
  "view/fragments/createView/ViewBOQItems.fragment.xml": 1625047568345,
  "view/QRCodeDetails.view.xml": 1625047568341,
  "view/PackingListDetails.view.xml": 1630039663687,
  "view/NotFound.view.xml": 1625574746284,
  "view/CreateViewStep2.view.xml": 1631709016021,
  "view/CreateView.view.xml": 1628245219635,
  "view/App.view.xml": 1625047568341,
  "css/style.css": 1625047568333,
  "index.html": 1625047568333
}