{
  "view/CreateViewStep2.view.xml": 1625749939446,
  "controller/QRCodeDetails.controller.js": 1624876713496,
  "view/blocks/packingListDetails/packagingListContains/blocks/LineItemsTable.js": 1624876713540,
  "view/blocks/packingListDetails/outerPackaging/blocks/OuterPackaging.js": 1624994983465,
  "view/blocks/packingListDetails/lineItemsTable/blocks/LineItemsTable.js": 1624994704506,
  "view/blocks/packingListDetails/innerPackaging/blocks/InnerPackaging.js": 1624994578206,
  "view/blocks/createView/packingListContainsTable/block/PackingListContainsTable.js": 1624876713536,
  "view/blocks/createView/lineItemsTable/block/LineItemsTable.js": 1624876713536,
  "view/blocks/packingListDetails/packagingListContains/LineItemsTableController.controller.js": 1624876713540,
  "view/blocks/packingListDetails/outerPackaging/OuterPackagingController.controller.js": 1624994990213,
  "view/blocks/packingListDetails/lineItemsTable/LineItemsTableController.controller.js": 1624995000077,
  "view/blocks/packingListDetails/innerPackaging/InnerPackagingController.controller.js": 1624994632238,
  "view/blocks/createView/packingListContainsTable/PackingListContainsTableController.controller.js": 1624876713536,
  "view/blocks/createView/lineItemsTable/LineItemsTableController.controller.js": 1624876713516,
  "utils/formatter.js": 1624876713496,
  "model/models.js": 1624876713496,
  "manifest.json": 1626288283973,
  "controller/PackingListDetails.controller.js": 1624998532126,
  "controller/NotFound.controller.js": 1625749939446,
  "controller/ErrorHandler.js": 1624876713492,
  "controller/CreateViewStep2.controller.js": 1625749939442,
  "controller/CreateView.controller.js": 1625749939442,
  "controller/BaseController.js": 1624876713488,
  "controller/App.controller.js": 1624876713484,
  "Component.js": 1624876713484,
  "manifest-bundle.zip": 1626288283262,
  "Component-preload.js": 1626288283846,
  "utils/formatter-dbg.js": 1624876713496,
  "view/blocks/packingListDetails/outerPackaging/blocks/OuterPackaging-dbg.js": 1624994983465,
  "view/blocks/packingListDetails/lineItemsTable/blocks/LineItemsTable-dbg.js": 1624994704506,
  "view/blocks/packingListDetails/innerPackaging/blocks/InnerPackaging-dbg.js": 1624994578206,
  "view/blocks/createView/packingListContainsTable/block/PackingListContainsTable-dbg.js": 1624876713536,
  "view/blocks/createView/lineItemsTable/block/LineItemsTable-dbg.js": 1624876713536,
  "view/blocks/packingListDetails/packagingListContains/LineItemsTableController-dbg.controller.js": 1624876713540,
  "view/blocks/packingListDetails/outerPackaging/OuterPackagingController-dbg.controller.js": 1624994990213,
  "view/blocks/packingListDetails/lineItemsTable/LineItemsTableController-dbg.controller.js": 1624995000077,
  "view/blocks/packingListDetails/innerPackaging/InnerPackagingController-dbg.controller.js": 1624994632238,
  "view/blocks/createView/packingListContainsTable/PackingListContainsTableController-dbg.controller.js": 1624876713536,
  "view/blocks/createView/lineItemsTable/LineItemsTableController-dbg.controller.js": 1624876713516,
  "view/blocks/packingListDetails/packagingListContains/blocks/LineItemsTable-dbg.js": 1624876713540,
  "model/models-dbg.js": 1624876713496,
  "controller/QRCodeDetails-dbg.controller.js": 1624876713496,
  "controller/PackingListDetails-dbg.controller.js": 1624998532126,
  "controller/NotFound-dbg.controller.js": 1625749939446,
  "controller/ErrorHandler-dbg.js": 1624876713492,
  "controller/CreateViewStep2-dbg.controller.js": 1625749939442,
  "controller/CreateView-dbg.controller.js": 1625749939442,
  "controller/BaseController-dbg.js": 1624876713488,
  "controller/App-dbg.controller.js": 1624876713484,
  "Component-dbg.js": 1624876713484,
  "view/blocks/packingListDetails/packagingListContains/LineItemsTable.view.xml": 1624953701965,
  "view/blocks/packingListDetails/outerPackaging/OuterPackaging.view.xml": 1624994985309,
  "view/blocks/packingListDetails/lineItemsTable/LineItemsTable.view.xml": 1625749939450,
  "view/blocks/packingListDetails/innerPackaging/InnerPackaging.view.xml": 1625749939450,
  "view/blocks/createView/packingListContainsTable/PackingListContainsTable.view.xml": 1625749939450,
  "view/blocks/createView/lineItemsTable/LineItemsTable.view.xml": 1625749939450,
  "view/fragments/packingListDetails/QRassistant.fragment.xml": 1624876713540,
  "view/fragments/packingListDetails/QRCodeViewer.fragment.xml": 1626287574481,
  "view/fragments/packingListDetails/PackingListWeightGetter.fragment.xml": 1624876713540,
  "view/fragments/createViewStep2/ValueHelpDialog.fragment.xml": 1625749939450,
  "view/fragments/createView/ViewBOQItems.fragment.xml": 1624876713540,
  "view/QRCodeDetails.view.xml": 1624876713516,
  "view/PackingListDetails.view.xml": 1625749939446,
  "view/NotFound.view.xml": 1625749939446,
  "i18n/i18n.properties": 1625749939446,
  "view/CreateView.view.xml": 1625749939446,
  "view/App.view.xml": 1624876713500,
  "css/style.css": 1624876713496,
  "index.html": 1624876713496
}