{
  "view/fragments/packingListDetails/PackingListWeightGetter.fragment.xml": 1623933168301,
  "view/blocks/createView/packingListContainsTable/PackingListContainsTableController.controller.js": 1624347939007,
  "view/blocks/packingListDetails/packagingListContains/blocks/LineItemsTable.js": 1623933168301,
  "view/blocks/packingListDetails/outerPackaging/blocks/OuterPackaging.js": 1623933168301,
  "view/blocks/packingListDetails/lineItemsTable/blocks/LineItemsTable.js": 1623933168301,
  "view/blocks/packingListDetails/innerPackaging/blocks/InnerPackaging.js": 1623933168301,
  "view/blocks/createView/packingListContainsTable/block/PackingListContainsTable.js": 1623746156168,
  "view/blocks/createView/lineItemsTable/block/LineItemsTable.js": 1623746156168,
  "view/blocks/packingListDetails/packagingListContains/LineItemsTableController.controller.js": 1623933168301,
  "view/blocks/packingListDetails/outerPackaging/OuterPackagingController.controller.js": 1623933168301,
  "view/blocks/packingListDetails/lineItemsTable/LineItemsTableController.controller.js": 1623933168301,
  "view/blocks/packingListDetails/innerPackaging/InnerPackagingController.controller.js": 1623933168301,
  "manifest.json": 1624348314482,
  "view/blocks/createView/lineItemsTable/LineItemsTableController.controller.js": 1623746156168,
  "utils/formatter.js": 1623746156164,
  "model/models.js": 1623676889641,
  "controller/QRCodeDetails.controller.js": 1623746156164,
  "controller/PackingListDetails.controller.js": 1623965171368,
  "controller/ErrorHandler.js": 1623746156164,
  "controller/CreateViewStep2.controller.js": 1624347939007,
  "controller/CreateView.controller.js": 1624348234040,
  "controller/BaseController.js": 1623746156164,
  "controller/App.controller.js": 1623746156164,
  "Component.js": 1623746156164,
  "manifest-bundle.zip": 1624348313658,
  "Component-preload.js": 1624348314304,
  "controller/ErrorHandler-dbg.js": 1623746156164,
  "view/blocks/packingListDetails/outerPackaging/blocks/OuterPackaging-dbg.js": 1623933168301,
  "view/blocks/packingListDetails/lineItemsTable/blocks/LineItemsTable-dbg.js": 1623933168301,
  "view/blocks/packingListDetails/innerPackaging/blocks/InnerPackaging-dbg.js": 1623933168301,
  "view/blocks/createView/packingListContainsTable/block/PackingListContainsTable-dbg.js": 1623746156168,
  "view/blocks/createView/lineItemsTable/block/LineItemsTable-dbg.js": 1623746156168,
  "view/blocks/packingListDetails/packagingListContains/LineItemsTableController-dbg.controller.js": 1623933168301,
  "view/blocks/packingListDetails/outerPackaging/OuterPackagingController-dbg.controller.js": 1623933168301,
  "view/blocks/packingListDetails/lineItemsTable/LineItemsTableController-dbg.controller.js": 1623933168301,
  "view/blocks/packingListDetails/innerPackaging/InnerPackagingController-dbg.controller.js": 1623933168301,
  "view/blocks/createView/packingListContainsTable/PackingListContainsTableController-dbg.controller.js": 1624347939007,
  "view/blocks/createView/lineItemsTable/LineItemsTableController-dbg.controller.js": 1623746156168,
  "utils/formatter-dbg.js": 1623746156164,
  "model/models-dbg.js": 1623676889641,
  "controller/QRCodeDetails-dbg.controller.js": 1623746156164,
  "controller/PackingListDetails-dbg.controller.js": 1623965171368,
  "view/blocks/packingListDetails/packagingListContains/blocks/LineItemsTable-dbg.js": 1623933168301,
  "controller/CreateViewStep2-dbg.controller.js": 1624347939007,
  "controller/CreateView-dbg.controller.js": 1624348234040,
  "controller/BaseController-dbg.js": 1623746156164,
  "controller/App-dbg.controller.js": 1623746156164,
  "Component-dbg.js": 1623746156164,
  "view/blocks/packingListDetails/packagingListContains/LineItemsTable.view.xml": 1623965171368,
  "view/blocks/packingListDetails/outerPackaging/OuterPackaging.view.xml": 1623933168301,
  "view/blocks/packingListDetails/lineItemsTable/LineItemsTable.view.xml": 1623933168301,
  "view/blocks/packingListDetails/innerPackaging/InnerPackaging.view.xml": 1623933168301,
  "view/blocks/createView/packingListContainsTable/PackingListContainsTable.view.xml": 1624347939007,
  "view/blocks/createView/lineItemsTable/LineItemsTable.view.xml": 1624347939007,
  "view/fragments/packingListDetails/QRassistant.fragment.xml": 1623933168301,
  "view/fragments/packingListDetails/QRCodeViewer.fragment.xml": 1623933168301,
  "i18n/i18n.properties": 1623933168297,
  "view/fragments/createViewStep2/ValueHelpDialog.fragment.xml": 1623933168301,
  "view/fragments/createView/ViewBOQItems.fragment.xml": 1624347939007,
  "view/QRCodeDetails.view.xml": 1623746156168,
  "view/PackingListDetails.view.xml": 1623933168301,
  "view/CreateViewStep2.view.xml": 1624347939007,
  "view/CreateView.view.xml": 1624347939007,
  "view/App.view.xml": 1623746156164,
  "css/style.css": 1623676889637,
  "index.html": 1623676889637
}