{
    "resources": [
        {
            "name": "manifest.json"
        },
        {
            "name": "i18n/i18n_en_GB.properties",
            "raw": "i18n/i18n.properties",
            "locale": "_en_GB"
        },
        {
            "name": "i18n/i18n_en_US.properties",
            "raw": "i18n/i18n.properties",
            "locale": "_en_US"
        },
        {
            "name": "i18n/i18n.properties",
            "raw": "i18n/i18n.properties"
        },
        {
            "name": "view/blocks/poDetails/inspectionTable/blocks/InspectionTable.js"
        },
        {
            "name": "view/blocks/poDetails/packingListTable/blocks/PackingListTable.js"
        },
        {
            "name": "i18n/i18n_en.properties",
            "raw": "i18n/i18n.properties",
            "locale": "_en"
        },
        {
            "name": "view/blocks/poDetails/boqItemsTable/blocks/BOQItemsTable.js"
        },
        {
            "name": "view/blocks/poDetails/sowForm/SOWForm.js"
        },
        {
            "name": "view/blocks/poDetails/sellerForm/SellerForm.js"
        },
        {
            "name": "view/blocks/poDetails/packingListTable/PackingListTableController.controller.js"
        },
        {
            "name": "view/blocks/poDetails/lineItemsForm/LineItemsForm.js"
        },
        {
            "name": "view/blocks/poDetails/inspectionTable/InspectionTableController.controller.js"
        },
        {
            "name": "view/blocks/poDetails/buyerForm/BuyerForm.js"
        },
        {
            "name": "view/blocks/poDetails/boqItemsTable/BOQItemsTableController.controller.js"
        },
        {
            "name": "utils/formatter.js"
        },
        {
            "name": "model/models.js"
        },
        {
            "name": "controller/PackingListDetails.controller.js"
        },
        {
            "name": "controller/PODetails.controller.js"
        },
        {
            "name": "controller/OfflineInspection.controller.js"
        },
        {
            "name": "controller/ManageBOQ.controller.js"
        },
        {
            "name": "controller/InspectionDetails.controller.js"
        },
        {
            "name": "controller/ErrorHandler.js"
        },
        {
            "name": "controller/DetailPage.controller.js"
        },
        {
            "name": "controller/BaseController.js"
        },
        {
            "name": "controller/App.controller.js"
        },
        {
            "name": "Component.js"
        },
        {
            "name": "manifest-bundle.zip"
        },
        {
            "name": "Component-preload.js",
            "merged": true
        },
        {
            "name": "controller/DetailPage-dbg.controller.js",
            "isDebug": true
        },
        {
            "name": "view/blocks/poDetails/inspectionTable/blocks/InspectionTable-dbg.js",
            "isDebug": true
        },
        {
            "name": "view/blocks/poDetails/boqItemsTable/blocks/BOQItemsTable-dbg.js",
            "isDebug": true
        },
        {
            "name": "view/blocks/poDetails/sowForm/SOWForm-dbg.js",
            "isDebug": true
        },
        {
            "name": "view/blocks/poDetails/sellerForm/SellerForm-dbg.js",
            "isDebug": true
        },
        {
            "name": "view/blocks/poDetails/packingListTable/PackingListTableController-dbg.controller.js",
            "isDebug": true
        },
        {
            "name": "view/blocks/poDetails/lineItemsForm/LineItemsForm-dbg.js",
            "isDebug": true
        },
        {
            "name": "view/blocks/poDetails/inspectionTable/InspectionTableController-dbg.controller.js",
            "isDebug": true
        },
        {
            "name": "view/blocks/poDetails/buyerForm/BuyerForm-dbg.js",
            "isDebug": true
        },
        {
            "name": "view/blocks/poDetails/boqItemsTable/BOQItemsTableController-dbg.controller.js",
            "isDebug": true
        },
        {
            "name": "utils/formatter-dbg.js",
            "isDebug": true
        },
        {
            "name": "model/models-dbg.js",
            "isDebug": true
        },
        {
            "name": "controller/PackingListDetails-dbg.controller.js",
            "isDebug": true
        },
        {
            "name": "controller/PODetails-dbg.controller.js",
            "isDebug": true
        },
        {
            "name": "controller/OfflineInspection-dbg.controller.js",
            "isDebug": true
        },
        {
            "name": "controller/ManageBOQ-dbg.controller.js",
            "isDebug": true
        },
        {
            "name": "controller/InspectionDetails-dbg.controller.js",
            "isDebug": true
        },
        {
            "name": "controller/ErrorHandler-dbg.js",
            "isDebug": true
        },
        {
            "name": "view/blocks/poDetails/packingListTable/blocks/PackingListTable-dbg.js",
            "isDebug": true
        },
        {
            "name": "controller/BaseController-dbg.js",
            "isDebug": true
        },
        {
            "name": "controller/App-dbg.controller.js",
            "isDebug": true
        },
        {
            "name": "Component-dbg.js",
            "isDebug": true
        },
        {
            "name": "../../../../sap-ui-version.json"
        },
        {
            "name": "view/blocks/poDetails/sowForm/SOWForm.view.xml"
        },
        {
            "name": "view/blocks/poDetails/sellerForm/SellerForm.view.xml"
        },
        {
            "name": "view/blocks/poDetails/packingListTable/PackingListTable.view.xml"
        },
        {
            "name": "view/blocks/poDetails/lineItemsForm/LineItemsForm.view.xml"
        },
        {
            "name": "view/blocks/poDetails/inspectionTable/InspectionTable.view.xml"
        },
        {
            "name": "view/blocks/poDetails/buyerForm/BuyerForm.view.xml"
        },
        {
            "name": "view/blocks/poDetails/boqItemsTable/BOQItemsTable.view.xml"
        },
        {
            "name": "view/fragments/packingListDetails/SortDialog.fragment.xml"
        },
        {
            "name": "view/fragments/packingListDetails/QRassistant.fragment.xml"
        },
        {
            "name": "view/fragments/packingListDetails/PackingListChildLineItems.fragment.xml"
        },
        {
            "name": "view/fragments/packingListDetails/FilterDialog.fragment.xml"
        },
        {
            "name": "view/fragments/landingPage/SortDialog.fragment.xml"
        },
        {
            "name": "view/fragments/landingPage/FilterDialog.fragment.xml"
        },
        {
            "name": "view/fragments/inspectionDetails/PackingListNameGetter.fragment.xml"
        },
        {
            "name": "view/fragments/inspectionDetails/InspectionCallChildLineItems.fragment.xml"
        },
        {
            "name": "view/fragments/detailPage/ViewLineItemsDialog.fragment.xml"
        },
        {
            "name": "view/fragments/detailPage/OpenPOTable.fragment.xml"
        },
        {
            "name": "view/fragments/detailPage/FilterBar.fragment.xml"
        },
        {
            "name": "view/fragments/detailPage/DispatchedPOTable.fragment.xml"
        },
        {
            "name": "view/fragments/detailPage/ConfirmedPOTable.fragment.xml"
        },
        {
            "name": "view/fragments/common/lineItems.fragment.xml"
        },
        {
            "name": "view/fragments/PODetails/ViewBOQItems.fragment.xml"
        },
        {
            "name": "view/fragments/PODetails/SortDialogParentItemTable.fragment.xml"
        },
        {
            "name": "view/fragments/PODetails/FilterDialogParentItemTable.fragment.xml"
        },
        {
            "name": "view/fragments/PODetails/CreateParentItem.fragment.xml"
        },
        {
            "name": "view/fragments/PODetails/CreateChildItem.fragment.xml"
        },
        {
            "name": "view/fragments/PODetails/ChildItemsDialog.fragment.xml"
        },
        {
            "name": "view/PackingListDetails.view.xml"
        },
        {
            "name": "view/PODetails.view.xml"
        },
        {
            "name": "view/OfflineInspection.view.xml"
        },
        {
            "name": "view/ManageBOQ.view.xml"
        },
        {
            "name": "view/InspectionDetails.view.xml"
        },
        {
            "name": "view/DetailPage.view.xml"
        },
        {
            "name": "view/App.view.xml"
        },
        {
            "name": "css/style.css"
        },
        {
            "name": "index.html"
        }
    ]
}