{
    "resources": [
        {
            "name": "model/models-dbg.js",
            "isDebug": true
        },
        {
            "name": "controller/App.controller.js"
        },
        {
            "name": "model/models.js"
        },
        {
            "name": "controller/PODetails.controller.js"
        },
        {
            "name": "controller/LandingPage.controller.js"
        },
        {
            "name": "controller/InspectionDetails.controller.js"
        },
        {
            "name": "controller/ErrorHandler.js"
        },
        {
            "name": "controller/DetailPage.controller.js"
        },
        {
            "name": "controller/BaseController.js"
        },
        {
            "name": "manifest.json"
        },
        {
            "name": "Component.js"
        },
        {
            "name": "manifest-bundle.zip"
        },
        {
            "name": "Component-preload.js",
            "merged": true
        },
        {
            "name": "controller/ErrorHandler-dbg.js",
            "isDebug": true
        },
        {
            "name": "controller/PODetails-dbg.controller.js",
            "isDebug": true
        },
        {
            "name": "controller/LandingPage-dbg.controller.js",
            "isDebug": true
        },
        {
            "name": "controller/InspectionDetails-dbg.controller.js",
            "isDebug": true
        },
        {
            "name": "i18n/i18n.properties",
            "raw": "i18n/i18n.properties"
        },
        {
            "name": "controller/DetailPage-dbg.controller.js",
            "isDebug": true
        },
        {
            "name": "controller/BaseController-dbg.js",
            "isDebug": true
        },
        {
            "name": "controller/App-dbg.controller.js",
            "isDebug": true
        },
        {
            "name": "Component-dbg.js",
            "isDebug": true
        },
        {
            "name": "../../../../sap-ui-version.json"
        },
        {
            "name": "view/fragments/landingPage/SortDialog.fragment.xml"
        },
        {
            "name": "view/fragments/landingPage/FilterDialog.fragment.xml"
        },
        {
            "name": "view/fragments/inspectionDetails/InspectionCallChildLineItems.fragment.xml"
        },
        {
            "name": "view/fragments/detailPage/SortDialog.fragment.xml"
        },
        {
            "name": "view/fragments/detailPage/FilterDialog.fragment.xml"
        },
        {
            "name": "view/fragments/detailPage/ChildItemsDialog.fragment.xml"
        },
        {
            "name": "view/fragments/PODetails/CreateParentItem.fragment.xml"
        },
        {
            "name": "view/PODetails.view.xml"
        },
        {
            "name": "view/LandingPage.view.xml"
        },
        {
            "name": "view/InspectionDetails.view.xml"
        },
        {
            "name": "view/DetailPage.view.xml"
        },
        {
            "name": "view/App.view.xml"
        },
        {
            "name": "css/style.css"
        },
        {
            "name": "index.html"
        }
    ]
}