{
  "view/InspectionDetails.view.xml": 1618422167881,
  "controller/App.controller.js": 1617100223289,
  "utils/formatter.js": 1618430611147,
  "model/models.js": 1617100223289,
  "controller/PackingListDetails.controller.js": 1618289995794,
  "controller/PODetails.controller.js": 1618430084951,
  "controller/InspectionDetails.controller.js": 1618464524293,
  "controller/ErrorHandler.js": 1618289995794,
  "controller/DetailPage.controller.js": 1618427534374,
  "controller/BaseController.js": 1617100223289,
  "manifest.json": 1618464617772,
  "Component.js": 1617181824534,
  "manifest-bundle.zip": 1618464617058,
  "Component-preload.js": 1618464617607,
  "controller/PODetails-dbg.controller.js": 1618430084951,
  "model/models-dbg.js": 1617100223289,
  "controller/PackingListDetails-dbg.controller.js": 1618289995794,
  "utils/formatter-dbg.js": 1618430611147,
  "controller/InspectionDetails-dbg.controller.js": 1618464524293,
  "controller/ErrorHandler-dbg.js": 1618289995794,
  "controller/DetailPage-dbg.controller.js": 1618427534374,
  "controller/BaseController-dbg.js": 1617100223289,
  "controller/App-dbg.controller.js": 1617100223289,
  "Component-dbg.js": 1617181824534,
  "resources.json": 1618464617777,
  "view/fragments/landingPage/SortDialog.fragment.xml": 1617100223293,
  "view/fragments/landingPage/FilterDialog.fragment.xml": 1617100223293,
  "view/fragments/inspectionDetails/InspectionCallChildLineItems.fragment.xml": 1618422167881,
  "view/fragments/detailPage/SortDialog.fragment.xml": 1617100223293,
  "view/fragments/detailPage/FilterDialog.fragment.xml": 1617100223293,
  "view/fragments/detailPage/ChildItemsDialog.fragment.xml": 1618404839008,
  "view/fragments/PODetails/CreateParentItem.fragment.xml": 1618289995802,
  "view/fragments/PODetails/CreateChildItem.fragment.xml": 1618289995802,
  "view/fragments/MessagePopover.fragment.xml": 1618289995802,
  "view/PackingListDetails.view.xml": 1618289995802,
  "view/PODetails.view.xml": 1618430947497,
  "i18n/i18n.properties": 1618425390186,
  "view/DetailPage.view.xml": 1618289995798,
  "view/App.view.xml": 1617100223289,
  "css/style.css": 1617100223289,
  "index.html": 1617100223289
}