{
  "Component-dbg.js": 1617250871392,
  "manifest.json": 1617978538628,
  "model/models.js": 1616998545414,
  "controller/PackingListDetails.controller.js": 1617875185286,
  "controller/PODetails.controller.js": 1617875185286,
  "controller/InspectionDetails.controller.js": 1617875185286,
  "controller/ErrorHandler.js": 1617875185286,
  "controller/DetailPage.controller.js": 1617977048756,
  "controller/BaseController.js": 1616998545414,
  "controller/App.controller.js": 1616998545414,
  "Component.js": 1617250871392,
  "manifest-bundle.zip": 1617978537986,
  "Component-preload.js": 1617978538528,
  "controller/DetailPage-dbg.controller.js": 1617977048756,
  "controller/PackingListDetails-dbg.controller.js": 1617875185286,
  "controller/PODetails-dbg.controller.js": 1617875185286,
  "controller/InspectionDetails-dbg.controller.js": 1617875185286,
  "controller/ErrorHandler-dbg.js": 1617875185286,
  "model/models-dbg.js": 1616998545414,
  "controller/BaseController-dbg.js": 1616998545414,
  "controller/App-dbg.controller.js": 1616998545414,
  "i18n/i18n.properties": 1617875185286,
  "resources.json": 1617978538632,
  "view/fragments/landingPage/SortDialog.fragment.xml": 1616998545418,
  "view/fragments/landingPage/FilterDialog.fragment.xml": 1616998545418,
  "view/fragments/inspectionDetails/InspectionCallChildLineItems.fragment.xml": 1617875185286,
  "view/fragments/detailPage/SortDialog.fragment.xml": 1616998545418,
  "view/fragments/detailPage/FilterDialog.fragment.xml": 1616998545418,
  "view/fragments/detailPage/ChildItemsDialog.fragment.xml": 1617875185286,
  "view/fragments/PODetails/CreateParentItem.fragment.xml": 1617875185286,
  "view/fragments/PODetails/CreateChildItem.fragment.xml": 1617875185286,
  "view/fragments/MessagePopover.fragment.xml": 1617875185286,
  "view/PackingListDetails.view.xml": 1617875185286,
  "view/PODetails.view.xml": 1617978487674,
  "view/InspectionDetails.view.xml": 1617875185286,
  "view/DetailPage.view.xml": 1617955433674,
  "view/App.view.xml": 1616998545414,
  "css/style.css": 1616998545414,
  "index.html": 1616998545414
}