{
  "view/blocks/poDetails/sellerForm/SellerForm-dbg.js": 1621838620389,
  "view/blocks/poDetails/lineItemsForm/LineItemsForm.js": 1621838620389,
  "view/blocks/poDetails/packingListTable/blocks/PackingListTable.js": 1621838620389,
  "view/blocks/poDetails/inspectionTable/blocks/InspectionTable.js": 1621838620389,
  "view/blocks/poDetails/boqItemsTable/blocks/BOQItemsTable.js": 1622015722634,
  "view/blocks/poDetails/sowForm/SOWForm.js": 1621838620389,
  "view/blocks/poDetails/sellerForm/SellerForm.js": 1621838620389,
  "view/blocks/poDetails/packingListTable/PackingListTableController.controller.js": 1621838620389,
  "manifest.json": 1622098889340,
  "view/blocks/poDetails/inspectionTable/InspectionTableController.controller.js": 1622015722638,
  "view/blocks/poDetails/buyerForm/BuyerForm.js": 1621838620389,
  "view/blocks/poDetails/boqItemsTable/BOQItemsTableController.controller.js": 1622015722634,
  "utils/formatter.js": 1622015702437,
  "model/models.js": 1621880872320,
  "controller/PackingListDetails.controller.js": 1620149194717,
  "controller/PODetails.controller.js": 1622015722626,
  "controller/ManageBOQ.controller.js": 1621838620385,
  "controller/InspectionDetails.controller.js": 1622015722626,
  "controller/ErrorHandler.js": 1621838620385,
  "controller/DetailPage.controller.js": 1622008484268,
  "controller/BaseController.js": 1621838620385,
  "controller/App.controller.js": 1617100223289,
  "Component.js": 1621838620385,
  "manifest-bundle.zip": 1622098888456,
  "Component-preload.js": 1622098889171,
  "controller/ManageBOQ-dbg.controller.js": 1621838620385,
  "view/blocks/poDetails/inspectionTable/blocks/InspectionTable-dbg.js": 1621838620389,
  "view/blocks/poDetails/boqItemsTable/blocks/BOQItemsTable-dbg.js": 1622015722634,
  "view/blocks/poDetails/sowForm/SOWForm-dbg.js": 1621838620389,
  "i18n/i18n.properties": 1622034953099,
  "view/blocks/poDetails/packingListTable/PackingListTableController-dbg.controller.js": 1621838620389,
  "view/blocks/poDetails/lineItemsForm/LineItemsForm-dbg.js": 1621838620389,
  "view/blocks/poDetails/inspectionTable/InspectionTableController-dbg.controller.js": 1622015722638,
  "view/blocks/poDetails/buyerForm/BuyerForm-dbg.js": 1621838620389,
  "view/blocks/poDetails/boqItemsTable/BOQItemsTableController-dbg.controller.js": 1622015722634,
  "utils/formatter-dbg.js": 1622015702437,
  "model/models-dbg.js": 1621880872320,
  "controller/PackingListDetails-dbg.controller.js": 1620149194717,
  "controller/PODetails-dbg.controller.js": 1622015722626,
  "view/blocks/poDetails/packingListTable/blocks/PackingListTable-dbg.js": 1621838620389,
  "controller/InspectionDetails-dbg.controller.js": 1622015722626,
  "controller/ErrorHandler-dbg.js": 1621838620385,
  "controller/DetailPage-dbg.controller.js": 1622008484268,
  "controller/BaseController-dbg.js": 1621838620385,
  "controller/App-dbg.controller.js": 1617100223289,
  "Component-dbg.js": 1621838620385,
  "resources.json": 1622098889346,
  "view/blocks/poDetails/sowForm/SOWForm.view.xml": 1622015722638,
  "view/blocks/poDetails/sellerForm/SellerForm.view.xml": 1622015722638,
  "view/blocks/poDetails/packingListTable/PackingListTable.view.xml": 1622020601220,
  "view/blocks/poDetails/lineItemsForm/LineItemsForm.view.xml": 1621838620389,
  "view/blocks/poDetails/inspectionTable/InspectionTable.view.xml": 1622020534991,
  "view/blocks/poDetails/buyerForm/BuyerForm.view.xml": 1622015722634,
  "view/blocks/poDetails/boqItemsTable/BOQItemsTable.view.xml": 1622021318027,
  "view/fragments/packingListDetails/SortDialog.fragment.xml": 1618900516885,
  "view/fragments/packingListDetails/QRassistant.fragment.xml": 1618910675821,
  "view/fragments/packingListDetails/PackingListChildLineItems.fragment.xml": 1618900516885,
  "view/fragments/packingListDetails/FilterDialog.fragment.xml": 1618900516885,
  "view/fragments/landingPage/SortDialog.fragment.xml": 1617100223293,
  "view/fragments/landingPage/FilterDialog.fragment.xml": 1617100223293,
  "view/fragments/inspectionDetails/PackingListNameGetter.fragment.xml": 1618910675821,
  "view/fragments/inspectionDetails/InspectionCallChildLineItems.fragment.xml": 1618900516885,
  "view/fragments/detailPage/ViewLineItemsDialog.fragment.xml": 1621838620389,
  "view/fragments/detailPage/OpenPOTable.fragment.xml": 1622019700619,
  "view/fragments/detailPage/FilterBar.fragment.xml": 1621838620389,
  "view/fragments/detailPage/DispatchedPOTable.fragment.xml": 1622019730779,
  "view/fragments/detailPage/ConfirmedPOTable.fragment.xml": 1622019730571,
  "view/fragments/common/lineItems.fragment.xml": 1622008484260,
  "view/fragments/PODetails/ViewBOQItems.fragment.xml": 1622015722638,
  "view/fragments/PODetails/SortDialogParentItemTable.fragment.xml": 1618900516885,
  "view/fragments/PODetails/FilterDialogParentItemTable.fragment.xml": 1618900516885,
  "view/fragments/PODetails/CreateParentItem.fragment.xml": 1618289995802,
  "view/fragments/PODetails/CreateChildItem.fragment.xml": 1618900516885,
  "view/fragments/PODetails/ChildItemsDialog.fragment.xml": 1621838620389,
  "view/PackingListDetails.view.xml": 1621880872332,
  "view/PODetails.view.xml": 1622015722630,
  "view/ManageBOQ.view.xml": 1621838620389,
  "view/InspectionDetails.view.xml": 1622015722630,
  "view/DetailPage.view.xml": 1621963863032,
  "view/App.view.xml": 1622015702437,
  "css/style.css": 1621838620385,
  "index.html": 1622038784244
}