{
  "controller/InspectionDetails-dbg.controller.js": 1626087354943,
  "i18n/i18n_en_US.properties": 1625237466128,
  "i18n/i18n_en.properties": 1625237466128,
  "i18n/i18n.properties": 1625740535249,
  "view/blocks/poDetails/inspectionTable/blocks/InspectionTable.js": 1625237466132,
  "view/blocks/poDetails/packingListTable/blocks/PackingListTable.js": 1625237466132,
  "manifest.json": 1626348387059,
  "view/blocks/poDetails/boqItemsTable/blocks/BOQItemsTable.js": 1625237466128,
  "view/blocks/poDetails/sowForm/SOWForm.js": 1625237466132,
  "view/blocks/poDetails/sellerForm/SellerForm.js": 1625237466132,
  "view/blocks/poDetails/packingListTable/PackingListTableController.controller.js": 1625237466132,
  "view/blocks/poDetails/lineItemsForm/LineItemsForm.js": 1625237466132,
  "view/blocks/poDetails/inspectionTable/InspectionTableController.controller.js": 1625237466132,
  "view/blocks/poDetails/buyerForm/BuyerForm.js": 1625237466128,
  "view/blocks/poDetails/boqItemsTable/BOQItemsTableController.controller.js": 1625237466128,
  "utils/formatter.js": 1625488934615,
  "model/models.js": 1625237466128,
  "controller/PackingListDetails.controller.js": 1625237466128,
  "controller/PODetails.controller.js": 1625758173804,
  "controller/OfflineInspection.controller.js": 1626347550942,
  "controller/ManageBOQ.controller.js": 1625237466128,
  "controller/InspectionDetails.controller.js": 1626087354943,
  "controller/ErrorHandler.js": 1625237466128,
  "controller/DetailPage.controller.js": 1626348368522,
  "controller/BaseController.js": 1625237466128,
  "controller/App.controller.js": 1625237466128,
  "Component.js": 1625237466128,
  "manifest-bundle.zip": 1626348386209,
  "Component-preload.js": 1626348386824,
  "utils/formatter-dbg.js": 1625488934615,
  "view/blocks/poDetails/inspectionTable/blocks/InspectionTable-dbg.js": 1625237466132,
  "view/blocks/poDetails/boqItemsTable/blocks/BOQItemsTable-dbg.js": 1625237466128,
  "view/blocks/poDetails/sowForm/SOWForm-dbg.js": 1625237466132,
  "view/blocks/poDetails/sellerForm/SellerForm-dbg.js": 1625237466132,
  "view/blocks/poDetails/packingListTable/PackingListTableController-dbg.controller.js": 1625237466132,
  "view/blocks/poDetails/lineItemsForm/LineItemsForm-dbg.js": 1625237466132,
  "view/blocks/poDetails/inspectionTable/InspectionTableController-dbg.controller.js": 1625237466132,
  "view/blocks/poDetails/buyerForm/BuyerForm-dbg.js": 1625237466128,
  "view/blocks/poDetails/boqItemsTable/BOQItemsTableController-dbg.controller.js": 1625237466128,
  "view/blocks/poDetails/packingListTable/blocks/PackingListTable-dbg.js": 1625237466132,
  "model/models-dbg.js": 1625237466128,
  "controller/PackingListDetails-dbg.controller.js": 1625237466128,
  "controller/PODetails-dbg.controller.js": 1625758173804,
  "controller/OfflineInspection-dbg.controller.js": 1626347550942,
  "controller/ManageBOQ-dbg.controller.js": 1625237466128,
  "i18n/i18n_en_GB.properties": 1625237466128,
  "controller/ErrorHandler-dbg.js": 1625237466128,
  "controller/DetailPage-dbg.controller.js": 1626348368522,
  "controller/BaseController-dbg.js": 1625237466128,
  "controller/App-dbg.controller.js": 1625237466128,
  "Component-dbg.js": 1625237466128,
  "resources.json": 1626348387066,
  "view/blocks/poDetails/sowForm/SOWForm.view.xml": 1625237466132,
  "view/blocks/poDetails/sellerForm/SellerForm.view.xml": 1625237466132,
  "view/blocks/poDetails/packingListTable/PackingListTable.view.xml": 1625740535257,
  "view/blocks/poDetails/lineItemsForm/LineItemsForm.view.xml": 1625237466132,
  "view/blocks/poDetails/inspectionTable/InspectionTable.view.xml": 1625237466132,
  "view/blocks/poDetails/buyerForm/BuyerForm.view.xml": 1625237466128,
  "view/blocks/poDetails/boqItemsTable/BOQItemsTable.view.xml": 1625237466128,
  "view/fragments/packingListDetails/SortDialog.fragment.xml": 1625237466132,
  "view/fragments/packingListDetails/QRassistant.fragment.xml": 1625237466132,
  "view/fragments/packingListDetails/PackingListChildLineItems.fragment.xml": 1625237466132,
  "view/fragments/packingListDetails/FilterDialog.fragment.xml": 1625237466132,
  "view/fragments/landingPage/SortDialog.fragment.xml": 1625237466132,
  "view/fragments/landingPage/FilterDialog.fragment.xml": 1625237466132,
  "view/fragments/inspectionDetails/TreeTableView.fragment.xml": 1625488934615,
  "view/fragments/inspectionDetails/ShowFileNamesMDCC.fragment.xml": 1625488934615,
  "view/fragments/inspectionDetails/PackingListNameGetter.fragment.xml": 1625237466132,
  "view/fragments/inspectionDetails/InspectionCallChildLineItems.fragment.xml": 1625237466132,
  "view/fragments/detailPage/ViewLineItemsDialog.fragment.xml": 1625237466132,
  "view/fragments/detailPage/OpenPOTable.fragment.xml": 1625740535289,
  "view/fragments/detailPage/FilterBar.fragment.xml": 1625237466132,
  "view/fragments/detailPage/DispatchedPOTable.fragment.xml": 1625740535273,
  "view/fragments/detailPage/ConfirmedPOTable.fragment.xml": 1625740535269,
  "view/fragments/common/lineItems.fragment.xml": 1625237466132,
  "view/fragments/PODetails/ViewBOQItems.fragment.xml": 1625237466132,
  "view/fragments/PODetails/SortDialogParentItemTable.fragment.xml": 1625237466132,
  "view/fragments/PODetails/FilterDialogParentItemTable.fragment.xml": 1625237466132,
  "view/fragments/PODetails/CreateParentItem.fragment.xml": 1625237466132,
  "view/fragments/PODetails/CreateChildItem.fragment.xml": 1625237466132,
  "view/fragments/PODetails/ChildItemsDialog.fragment.xml": 1625237466132,
  "view/PackingListDetails.view.xml": 1625237466128,
  "view/PODetails.view.xml": 1625740535253,
  "view/OfflineInspection.view.xml": 1626347550942,
  "view/ManageBOQ.view.xml": 1625237466128,
  "view/InspectionDetails.view.xml": 1626087354943,
  "view/DetailPage.view.xml": 1625237466128,
  "view/App.view.xml": 1625237466128,
  "css/style.css": 1625237466128,
  "index.html": 1625237466128
}