{
  "view/fragments/detailPage/FilterDialog.fragment.xml": 1615827695674,
  "model/models.js": 1615801868828,
  "manifest.json": 1616162680673,
  "controller/PODetails.controller.js": 1616162148964,
  "controller/LandingPage.controller.js": 1616162606338,
  "controller/ErrorHandler.js": 1615799727338,
  "controller/DetailPage.controller.js": 1616162606342,
  "controller/BaseController.js": 1615460030798,
  "controller/App.controller.js": 1615376780808,
  "Component.js": 1616162606342,
  "manifest-bundle.zip": 1616162680314,
  "Component-preload.js": 1616162680604,
  "model/models-dbg.js": 1615801868828,
  "controller/PODetails-dbg.controller.js": 1616162148964,
  "controller/LandingPage-dbg.controller.js": 1616162606338,
  "controller/ErrorHandler-dbg.js": 1615799727338,
  "controller/DetailPage-dbg.controller.js": 1616162606342,
  "controller/BaseController-dbg.js": 1615460030798,
  "controller/App-dbg.controller.js": 1615376780808,
  "Component-dbg.js": 1616162606342,
  "resources.json": 1616162680676,
  "view/fragments/landingPage/SortDialog.fragment.xml": 1615805654246,
  "view/fragments/landingPage/FilterDialog.fragment.xml": 1615827695674,
  "view/fragments/detailPage/SortDialog.fragment.xml": 1615827695674,
  "i18n/i18n.properties": 1615545899101,
  "view/fragments/PODetails/CreateParentItem.fragment.xml": 1615920186195,
  "view/PODetails.view.xml": 1616162148968,
  "view/LandingPage.view.xml": 1616162606342,
  "view/DetailPage.view.xml": 1616162606374,
  "view/App.view.xml": 1615479848789,
  "css/style.css": 1615185633139,
  "index.html": 1615376780804
}