{
  "controller/DetailPage.controller.js": 1616558965937,
  "controller/LandingPage.controller.js": 1616558965941,
  "model/models.js": 1616558965953,
  "controller/PODetails.controller.js": 1616558965945,
  "manifest.json": 1616562153696,
  "controller/ErrorHandler.js": 1616558965941,
  "i18n/i18n.properties": 1616558965945,
  "controller/BaseController.js": 1616558965937,
  "controller/App.controller.js": 1616558965937,
  "Component.js": 1616558965933,
  "manifest-bundle.zip": 1616562153319,
  "Component-preload.js": 1616562153628,
  "Component-dbg.js": 1616558965933,
  "controller/PODetails-dbg.controller.js": 1616558965945,
  "controller/LandingPage-dbg.controller.js": 1616558965941,
  "controller/ErrorHandler-dbg.js": 1616558965941,
  "controller/DetailPage-dbg.controller.js": 1616558965937,
  "controller/BaseController-dbg.js": 1616558965937,
  "controller/App-dbg.controller.js": 1616558965937,
  "model/models-dbg.js": 1616558965953,
  "resources.json": 1616562153699,
  "view/fragments/landingPage/SortDialog.fragment.xml": 1616558965985,
  "view/fragments/landingPage/FilterDialog.fragment.xml": 1616558965985,
  "view/fragments/detailPage/SortDialog.fragment.xml": 1616558965981,
  "view/fragments/detailPage/FilterDialog.fragment.xml": 1616558965981,
  "view/fragments/PODetails/CreateParentItem.fragment.xml": 1616558965977,
  "view/PODetails.view.xml": 1616558965977,
  "view/LandingPage.view.xml": 1616558965973,
  "view/DetailPage.view.xml": 1616558965973,
  "view/App.view.xml": 1616558965973,
  "css/style.css": 1616558965945,
  "index.html": 1616558965949
}