{
  "view/DetailPage.view.xml": 1627995846410,
  "i18n/i18n_en_GB.properties": 1623915499360,
  "i18n/i18n_en_US.properties": 1623915499360,
  "i18n/i18n.properties": 1627995846410,
  "controller/ManageBOQ.controller.js": 1621838620385,
  "view/blocks/poDetails/packingListTable/blocks/PackingListTable.js": 1621838620389,
  "view/blocks/poDetails/inspectionTable/blocks/InspectionTable.js": 1621838620389,
  "view/blocks/poDetails/boqItemsTable/blocks/BOQItemsTable.js": 1622442133584,
  "view/blocks/poDetails/sowForm/SOWForm.js": 1621838620389,
  "view/blocks/poDetails/sellerForm/SellerForm.js": 1621838620389,
  "view/blocks/poDetails/packingListTable/PackingListTableController.controller.js": 1627995846414,
  "view/blocks/poDetails/lineItemsForm/LineItemsForm.js": 1621838620389,
  "view/blocks/poDetails/inspectionTable/InspectionTableController.controller.js": 1627995846414,
  "view/blocks/poDetails/buyerForm/BuyerForm.js": 1621838620389,
  "view/blocks/poDetails/boqItemsTable/BOQItemsTableController.controller.js": 1623749073028,
  "utils/formatter.js": 1626183718303,
  "model/models.js": 1621880872320,
  "controller/PackingListDetails.controller.js": 1626772095528,
  "controller/PODetails.controller.js": 1626772095528,
  "controller/OfflineInspection.controller.js": 1626772095528,
  "manifest.json": 1627997550108,
  "controller/InspectionDetails.controller.js": 1627995846410,
  "controller/ErrorHandler.js": 1621838620385,
  "controller/DetailPage.controller.js": 1627995846410,
  "controller/BaseController.js": 1623749073020,
  "controller/App.controller.js": 1617100223289,
  "Component.js": 1623063479603,
  "manifest-bundle.zip": 1627997549343,
  "Component-preload.js": 1627997549935,
  "controller/OfflineInspection-dbg.controller.js": 1626772095528,
  "view/blocks/poDetails/inspectionTable/blocks/InspectionTable-dbg.js": 1621838620389,
  "view/blocks/poDetails/boqItemsTable/blocks/BOQItemsTable-dbg.js": 1622442133584,
  "view/blocks/poDetails/sowForm/SOWForm-dbg.js": 1621838620389,
  "view/blocks/poDetails/sellerForm/SellerForm-dbg.js": 1621838620389,
  "view/blocks/poDetails/packingListTable/PackingListTableController-dbg.controller.js": 1627995846414,
  "view/blocks/poDetails/lineItemsForm/LineItemsForm-dbg.js": 1621838620389,
  "view/blocks/poDetails/inspectionTable/InspectionTableController-dbg.controller.js": 1627995846414,
  "view/blocks/poDetails/buyerForm/BuyerForm-dbg.js": 1621838620389,
  "view/blocks/poDetails/boqItemsTable/BOQItemsTableController-dbg.controller.js": 1623749073028,
  "utils/formatter-dbg.js": 1626183718303,
  "model/models-dbg.js": 1621880872320,
  "controller/PackingListDetails-dbg.controller.js": 1626772095528,
  "controller/PODetails-dbg.controller.js": 1626772095528,
  "view/blocks/poDetails/packingListTable/blocks/PackingListTable-dbg.js": 1621838620389,
  "controller/ManageBOQ-dbg.controller.js": 1621838620385,
  "controller/InspectionDetails-dbg.controller.js": 1627995846410,
  "controller/ErrorHandler-dbg.js": 1621838620385,
  "controller/DetailPage-dbg.controller.js": 1627995846410,
  "controller/BaseController-dbg.js": 1623749073020,
  "controller/App-dbg.controller.js": 1617100223289,
  "Component-dbg.js": 1623063479603,
  "resources.json": 1627997550117,
  "view/blocks/poDetails/sowForm/SOWForm.view.xml": 1624954493686,
  "view/blocks/poDetails/sellerForm/SellerForm.view.xml": 1622442133584,
  "view/blocks/poDetails/packingListTable/PackingListTable.view.xml": 1627995846414,
  "view/blocks/poDetails/lineItemsForm/LineItemsForm.view.xml": 1623063479615,
  "view/blocks/poDetails/inspectionTable/InspectionTable.view.xml": 1627995846414,
  "view/blocks/poDetails/buyerForm/BuyerForm.view.xml": 1624383635679,
  "view/blocks/poDetails/boqItemsTable/BOQItemsTable.view.xml": 1623749073028,
  "view/fragments/packingListDetails/SortDialog.fragment.xml": 1618900516885,
  "view/fragments/packingListDetails/QRassistant.fragment.xml": 1626772095528,
  "view/fragments/packingListDetails/PackingListChildLineItems.fragment.xml": 1618900516885,
  "view/fragments/packingListDetails/FilterDialog.fragment.xml": 1618900516885,
  "view/fragments/landingPage/SortDialog.fragment.xml": 1617100223293,
  "view/fragments/landingPage/FilterDialog.fragment.xml": 1617100223293,
  "view/fragments/inspectionDetails/TreeTableView.fragment.xml": 1626183718307,
  "view/fragments/inspectionDetails/ShowFileNamesMDCC.fragment.xml": 1627995846418,
  "view/fragments/inspectionDetails/PackingListNameGetter.fragment.xml": 1618910675821,
  "view/fragments/inspectionDetails/InspectionCallChildLineItems.fragment.xml": 1618900516885,
  "view/fragments/detailPage/ViewLineItemsDialog.fragment.xml": 1624517550041,
  "view/fragments/detailPage/OpenPOTable.fragment.xml": 1626183718307,
  "view/fragments/detailPage/InProgressPOTable.fragment.xml": 1627995846414,
  "view/fragments/detailPage/FilterBar.fragment.xml": 1623749073040,
  "view/fragments/detailPage/DispatchedPOTable.fragment.xml": 1627995846414,
  "view/fragments/detailPage/ConfirmedPOTable.fragment.xml": 1627995846414,
  "view/fragments/common/lineItems.fragment.xml": 1624381334383,
  "view/fragments/PODetails/ViewBOQItems.fragment.xml": 1623749073036,
  "view/fragments/PODetails/SortDialogParentItemTable.fragment.xml": 1618900516885,
  "view/fragments/PODetails/FilterDialogParentItemTable.fragment.xml": 1618900516885,
  "view/fragments/PODetails/CreateParentItem.fragment.xml": 1618289995802,
  "view/fragments/PODetails/CreateChildItem.fragment.xml": 1618900516885,
  "view/fragments/PODetails/ChildItemsDialog.fragment.xml": 1621838620389,
  "view/PackingListDetails.view.xml": 1623313779283,
  "view/PODetails.view.xml": 1627995846410,
  "view/OfflineInspection.view.xml": 1627995846410,
  "view/ManageBOQ.view.xml": 1621838620389,
  "view/InspectionDetails.view.xml": 1626183730187,
  "i18n/i18n_en.properties": 1623915499360,
  "view/App.view.xml": 1622015702437,
  "css/style.css": 1624517550033,
  "index.html": 1623749073024
}