{
  "view/fragments/landingPage/SortDialog.fragment.xml": 1616558965985,
  "Component.js": 1616558965933,
  "model/models.js": 1616558965953,
  "controller/PODetails.controller.js": 1617039349429,
  "controller/LandingPage.controller.js": 1617024470208,
  "controller/InspectionDetails.controller.js": 1617039349429,
  "controller/ErrorHandler.js": 1617026625736,
  "controller/DetailPage.controller.js": 1617039349429,
  "controller/BaseController.js": 1616558965937,
  "controller/App.controller.js": 1616558965937,
  "manifest.json": 1617086836534,
  "manifest-bundle.zip": 1617086835969,
  "Component-preload.js": 1617086836450,
  "controller/BaseController-dbg.js": 1616558965937,
  "controller/PODetails-dbg.controller.js": 1617039349429,
  "controller/LandingPage-dbg.controller.js": 1617024470208,
  "controller/InspectionDetails-dbg.controller.js": 1617039349429,
  "controller/ErrorHandler-dbg.js": 1617026625736,
  "controller/DetailPage-dbg.controller.js": 1617039349429,
  "model/models-dbg.js": 1616558965953,
  "controller/App-dbg.controller.js": 1616558965937,
  "Component-dbg.js": 1616558965933,
  "resources.json": 1617086836538,
  "i18n/i18n.properties": 1617039349429,
  "view/fragments/landingPage/FilterDialog.fragment.xml": 1616558965985,
  "view/fragments/inspectionDetails/InspectionCallChildLineItems.fragment.xml": 1617039349429,
  "view/fragments/detailPage/SortDialog.fragment.xml": 1616558965981,
  "view/fragments/detailPage/FilterDialog.fragment.xml": 1616558965981,
  "view/fragments/detailPage/ChildItemsDialog.fragment.xml": 1617039349429,
  "view/fragments/PODetails/CreateParentItem.fragment.xml": 1617026625744,
  "view/PODetails.view.xml": 1617039349429,
  "view/LandingPage.view.xml": 1617024470208,
  "view/InspectionDetails.view.xml": 1617039349429,
  "view/DetailPage.view.xml": 1617039349429,
  "view/App.view.xml": 1616558965973,
  "css/style.css": 1616558965945,
  "index.html": 1616558965949
}