{
  "manifest.json": 1617199297369,
  "controller/BaseController.js": 1617100223289,
  "model/models.js": 1617100223289,
  "controller/PODetails.controller.js": 1617194747002,
  "controller/LandingPage.controller.js": 1617100223289,
  "controller/InspectionDetails.controller.js": 1617191466554,
  "controller/ErrorHandler.js": 1617181824534,
  "controller/DetailPage.controller.js": 1617193875586,
  "i18n/i18n.properties": 1617195031579,
  "controller/App.controller.js": 1617100223289,
  "Component.js": 1617181824534,
  "manifest-bundle.zip": 1617199296783,
  "Component-preload.js": 1617199297266,
  "model/models-dbg.js": 1617100223289,
  "controller/PODetails-dbg.controller.js": 1617194747002,
  "controller/LandingPage-dbg.controller.js": 1617100223289,
  "controller/InspectionDetails-dbg.controller.js": 1617191466554,
  "controller/ErrorHandler-dbg.js": 1617181824534,
  "controller/DetailPage-dbg.controller.js": 1617193875586,
  "controller/BaseController-dbg.js": 1617100223289,
  "controller/App-dbg.controller.js": 1617100223289,
  "Component-dbg.js": 1617181824534,
  "resources.json": 1617199297374,
  "view/fragments/landingPage/SortDialog.fragment.xml": 1617100223293,
  "view/fragments/landingPage/FilterDialog.fragment.xml": 1617100223293,
  "view/fragments/inspectionDetails/InspectionCallChildLineItems.fragment.xml": 1617119238044,
  "view/fragments/detailPage/SortDialog.fragment.xml": 1617100223293,
  "view/fragments/detailPage/FilterDialog.fragment.xml": 1617100223293,
  "view/fragments/detailPage/ChildItemsDialog.fragment.xml": 1617181824566,
  "view/fragments/PODetails/CreateParentItem.fragment.xml": 1617171637868,
  "view/fragments/MessagePopover.fragment.xml": 1617171637868,
  "view/PODetails.view.xml": 1617196491582,
  "view/LandingPage.view.xml": 1617100223293,
  "view/InspectionDetails.view.xml": 1617191588686,
  "view/DetailPage.view.xml": 1617191466566,
  "view/App.view.xml": 1617100223289,
  "css/style.css": 1617100223289,
  "index.html": 1617100223289
}