{
  "controller/BaseController-dbg.js": 1616998545414,
  "controller/App.controller.js": 1616998545414,
  "model/models.js": 1616998545414,
  "controller/PODetails.controller.js": 1617197412283,
  "controller/LandingPage.controller.js": 1617017104512,
  "controller/InspectionDetails.controller.js": 1617016653514,
  "controller/ErrorHandler.js": 1617172803110,
  "controller/DetailPage.controller.js": 1617189899926,
  "controller/BaseController.js": 1616998545414,
  "manifest.json": 1617202378287,
  "Component.js": 1616998545414,
  "manifest-bundle.zip": 1617202377640,
  "Component-preload.js": 1617202378163,
  "controller/ErrorHandler-dbg.js": 1617172803110,
  "controller/PODetails-dbg.controller.js": 1617197412283,
  "controller/LandingPage-dbg.controller.js": 1617017104512,
  "controller/InspectionDetails-dbg.controller.js": 1617016653514,
  "model/models-dbg.js": 1616998545414,
  "controller/DetailPage-dbg.controller.js": 1617189899926,
  "i18n/i18n.properties": 1617189899938,
  "controller/App-dbg.controller.js": 1616998545414,
  "Component-dbg.js": 1616998545414,
  "resources.json": 1617202378292,
  "view/fragments/landingPage/SortDialog.fragment.xml": 1616998545418,
  "view/fragments/landingPage/FilterDialog.fragment.xml": 1616998545418,
  "view/fragments/inspectionDetails/InspectionCallChildLineItems.fragment.xml": 1617016653514,
  "view/fragments/detailPage/SortDialog.fragment.xml": 1616998545418,
  "view/fragments/detailPage/FilterDialog.fragment.xml": 1616998545418,
  "view/fragments/detailPage/ChildItemsDialog.fragment.xml": 1617189899930,
  "view/fragments/PODetails/CreateParentItem.fragment.xml": 1617172803110,
  "view/PODetails.view.xml": 1617197412283,
  "view/LandingPage.view.xml": 1617006995828,
  "view/InspectionDetails.view.xml": 1617016653514,
  "view/DetailPage.view.xml": 1617174265885,
  "view/App.view.xml": 1616998545414,
  "css/style.css": 1616998545414,
  "index.html": 1616998545414
}