{
  "model/models-dbg.js": 1616558965953,
  "controller/LandingPage.controller.js": 1616558965941,
  "model/models.js": 1616558965953,
  "controller/PODetails.controller.js": 1616748823611,
  "manifest.json": 1616752626294,
  "controller/InspectionDetails.controller.js": 1616748701942,
  "controller/ErrorHandler.js": 1616558965941,
  "controller/DetailPage.controller.js": 1616748701938,
  "controller/BaseController.js": 1616558965937,
  "controller/App.controller.js": 1616558965937,
  "Component.js": 1616558965933,
  "manifest-bundle.zip": 1616752625695,
  "Component-preload.js": 1616752626190,
  "controller/DetailPage-dbg.controller.js": 1616748701938,
  "controller/PODetails-dbg.controller.js": 1616748823611,
  "controller/LandingPage-dbg.controller.js": 1616558965941,
  "controller/InspectionDetails-dbg.controller.js": 1616748701942,
  "controller/ErrorHandler-dbg.js": 1616558965941,
  "i18n/i18n.properties": 1616748823627,
  "controller/BaseController-dbg.js": 1616558965937,
  "controller/App-dbg.controller.js": 1616558965937,
  "Component-dbg.js": 1616558965933,
  "resources.json": 1616752626297,
  "view/fragments/landingPage/SortDialog.fragment.xml": 1616558965985,
  "view/fragments/landingPage/FilterDialog.fragment.xml": 1616558965985,
  "view/fragments/inspectionDetails/InspectionCallChildLineItems.fragment.xml": 1616748701942,
  "view/fragments/detailPage/SortDialog.fragment.xml": 1616558965981,
  "view/fragments/detailPage/FilterDialog.fragment.xml": 1616558965981,
  "view/fragments/detailPage/ChildItemsDialog.fragment.xml": 1616748701942,
  "view/fragments/PODetails/CreateParentItem.fragment.xml": 1616558965977,
  "view/PODetails.view.xml": 1616749346649,
  "view/LandingPage.view.xml": 1616558965973,
  "view/InspectionDetails.view.xml": 1616748701942,
  "view/DetailPage.view.xml": 1616748701942,
  "view/App.view.xml": 1616558965973,
  "css/style.css": 1616558965945,
  "index.html": 1616558965949
}