{
  "index.html": 1622549834260,
  "i18n/i18n_en_US.properties": 1622549834256,
  "i18n/i18n_en.properties": 1622549834256,
  "i18n/i18n.properties": 1622700069613,
  "utils/formatter.js": 1621951898411,
  "view/blocks/poDetails/packingListTable/blocks/PackingListTable.js": 1621841777495,
  "view/blocks/poDetails/inspectionTable/blocks/InspectionTable.js": 1621841777495,
  "view/blocks/poDetails/boqItemsTable/blocks/BOQItemsTable.js": 1622541548764,
  "view/blocks/poDetails/sowForm/SOWForm.js": 1621841777495,
  "view/blocks/poDetails/sellerForm/SellerForm.js": 1621841777495,
  "view/blocks/poDetails/packingListTable/PackingListTableController.controller.js": 1621841777495,
  "view/blocks/poDetails/lineItemsForm/LineItemsForm.js": 1621841777495,
  "view/blocks/poDetails/inspectionTable/InspectionTableController.controller.js": 1622614170873,
  "view/blocks/poDetails/buyerForm/BuyerForm.js": 1621841777491,
  "view/blocks/poDetails/boqItemsTable/BOQItemsTableController.controller.js": 1622442964292,
  "manifest.json": 1622700219048,
  "model/models.js": 1616998545414,
  "controller/PackingListDetails.controller.js": 1621841777487,
  "controller/PODetails.controller.js": 1622549834256,
  "controller/OfflineInspection.controller.js": 1622614170873,
  "controller/ManageBOQ.controller.js": 1621841777483,
  "controller/InspectionDetails.controller.js": 1622697892883,
  "controller/ErrorHandler.js": 1621841777483,
  "controller/DetailPage.controller.js": 1622699881018,
  "controller/BaseController.js": 1622699881018,
  "controller/App.controller.js": 1616998545414,
  "Component.js": 1621841777483,
  "manifest-bundle.zip": 1622700218231,
  "Component-preload.js": 1622700218907,
  "controller/DetailPage-dbg.controller.js": 1622699881018,
  "view/blocks/poDetails/inspectionTable/blocks/InspectionTable-dbg.js": 1621841777495,
  "view/blocks/poDetails/boqItemsTable/blocks/BOQItemsTable-dbg.js": 1622541548764,
  "view/blocks/poDetails/sowForm/SOWForm-dbg.js": 1621841777495,
  "view/blocks/poDetails/sellerForm/SellerForm-dbg.js": 1621841777495,
  "view/blocks/poDetails/packingListTable/PackingListTableController-dbg.controller.js": 1621841777495,
  "view/blocks/poDetails/lineItemsForm/LineItemsForm-dbg.js": 1621841777495,
  "view/blocks/poDetails/inspectionTable/InspectionTableController-dbg.controller.js": 1622614170873,
  "view/blocks/poDetails/buyerForm/BuyerForm-dbg.js": 1621841777491,
  "view/blocks/poDetails/boqItemsTable/BOQItemsTableController-dbg.controller.js": 1622442964292,
  "utils/formatter-dbg.js": 1621951898411,
  "model/models-dbg.js": 1616998545414,
  "controller/PackingListDetails-dbg.controller.js": 1621841777487,
  "controller/PODetails-dbg.controller.js": 1622549834256,
  "controller/OfflineInspection-dbg.controller.js": 1622614170873,
  "controller/ManageBOQ-dbg.controller.js": 1621841777483,
  "controller/InspectionDetails-dbg.controller.js": 1622697892883,
  "controller/ErrorHandler-dbg.js": 1621841777483,
  "view/blocks/poDetails/packingListTable/blocks/PackingListTable-dbg.js": 1621841777495,
  "controller/BaseController-dbg.js": 1622699881018,
  "controller/App-dbg.controller.js": 1616998545414,
  "Component-dbg.js": 1621841777483,
  "resources.json": 1622700219055,
  "view/blocks/poDetails/sowForm/SOWForm.view.xml": 1622015956099,
  "view/blocks/poDetails/sellerForm/SellerForm.view.xml": 1622442964292,
  "view/blocks/poDetails/packingListTable/PackingListTable.view.xml": 1622442964292,
  "view/blocks/poDetails/lineItemsForm/LineItemsForm.view.xml": 1621841777495,
  "view/blocks/poDetails/inspectionTable/InspectionTable.view.xml": 1622614170873,
  "view/blocks/poDetails/buyerForm/BuyerForm.view.xml": 1622549834264,
  "view/blocks/poDetails/boqItemsTable/BOQItemsTable.view.xml": 1622538983940,
  "view/fragments/packingListDetails/SortDialog.fragment.xml": 1621841777507,
  "view/fragments/packingListDetails/QRassistant.fragment.xml": 1621841777507,
  "view/fragments/packingListDetails/PackingListChildLineItems.fragment.xml": 1621841777503,
  "view/fragments/packingListDetails/FilterDialog.fragment.xml": 1621841777503,
  "view/fragments/landingPage/SortDialog.fragment.xml": 1616998545418,
  "view/fragments/landingPage/FilterDialog.fragment.xml": 1618834332575,
  "view/fragments/inspectionDetails/PackingListNameGetter.fragment.xml": 1621841777503,
  "view/fragments/inspectionDetails/InspectionCallChildLineItems.fragment.xml": 1621841777499,
  "view/fragments/detailPage/ViewLineItemsDialog.fragment.xml": 1622541548736,
  "view/fragments/detailPage/OpenPOTable.fragment.xml": 1622699881022,
  "view/fragments/detailPage/FilterBar.fragment.xml": 1622699881022,
  "view/fragments/detailPage/DispatchedPOTable.fragment.xml": 1622699881022,
  "view/fragments/detailPage/ConfirmedPOTable.fragment.xml": 1622699881022,
  "view/fragments/common/lineItems.fragment.xml": 1622549834264,
  "view/fragments/PODetails/ViewBOQItems.fragment.xml": 1622442964292,
  "view/fragments/PODetails/SortDialogParentItemTable.fragment.xml": 1621841777499,
  "view/fragments/PODetails/FilterDialogParentItemTable.fragment.xml": 1621841777499,
  "view/fragments/PODetails/CreateParentItem.fragment.xml": 1617875185286,
  "view/fragments/PODetails/CreateChildItem.fragment.xml": 1621841777495,
  "view/fragments/PODetails/ChildItemsDialog.fragment.xml": 1621841777495,
  "view/PackingListDetails.view.xml": 1621841777491,
  "view/PODetails.view.xml": 1622549834260,
  "view/OfflineInspection.view.xml": 1622614170873,
  "view/ManageBOQ.view.xml": 1621841777491,
  "view/InspectionDetails.view.xml": 1622700069613,
  "view/DetailPage.view.xml": 1621841777487,
  "view/App.view.xml": 1621951898411,
  "css/style.css": 1622442964292,
  "i18n/i18n_en_GB.properties": 1622549834256
}