{
  "controller/PODetails.controller.js": 1624180492067,
  "i18n/i18n_en_US.properties": 1623676889781,
  "i18n/i18n_en.properties": 1623676889781,
  "i18n/i18n.properties": 1623933168305,
  "controller/PackingListDetails.controller.js": 1624262303282,
  "view/blocks/poDetails/packingListTable/blocks/PackingListTable.js": 1623676889833,
  "view/blocks/poDetails/inspectionTable/blocks/InspectionTable.js": 1623676889833,
  "view/blocks/poDetails/boqItemsTable/blocks/BOQItemsTable.js": 1623676889833,
  "view/blocks/poDetails/sowForm/SOWForm.js": 1623676889837,
  "view/blocks/poDetails/sellerForm/SellerForm.js": 1623676889833,
  "view/blocks/poDetails/packingListTable/PackingListTableController.controller.js": 1623965171372,
  "view/blocks/poDetails/lineItemsForm/LineItemsForm.js": 1623676889833,
  "view/blocks/poDetails/inspectionTable/InspectionTableController.controller.js": 1623676889833,
  "view/blocks/poDetails/buyerForm/BuyerForm.js": 1623676889833,
  "view/blocks/poDetails/boqItemsTable/BOQItemsTableController.controller.js": 1623676889829,
  "utils/formatter.js": 1624262303282,
  "model/models.js": 1616998545414,
  "manifest.json": 1624262601640,
  "i18n/i18n_en_GB.properties": 1623676889781,
  "controller/OfflineInspection.controller.js": 1623933168305,
  "controller/ManageBOQ.controller.js": 1623676889769,
  "controller/InspectionDetails.controller.js": 1624262319322,
  "controller/ErrorHandler.js": 1623676889765,
  "controller/DetailPage.controller.js": 1623965171372,
  "controller/BaseController.js": 1623676889765,
  "controller/App.controller.js": 1616998545414,
  "Component.js": 1623676889765,
  "manifest-bundle.zip": 1624262600830,
  "Component-preload.js": 1624262601474,
  "view/blocks/poDetails/boqItemsTable/BOQItemsTableController-dbg.controller.js": 1623676889829,
  "view/blocks/poDetails/inspectionTable/blocks/InspectionTable-dbg.js": 1623676889833,
  "view/blocks/poDetails/boqItemsTable/blocks/BOQItemsTable-dbg.js": 1623676889833,
  "view/blocks/poDetails/sowForm/SOWForm-dbg.js": 1623676889837,
  "view/blocks/poDetails/sellerForm/SellerForm-dbg.js": 1623676889833,
  "view/blocks/poDetails/packingListTable/PackingListTableController-dbg.controller.js": 1623965171372,
  "view/blocks/poDetails/lineItemsForm/LineItemsForm-dbg.js": 1623676889833,
  "view/blocks/poDetails/inspectionTable/InspectionTableController-dbg.controller.js": 1623676889833,
  "view/blocks/poDetails/buyerForm/BuyerForm-dbg.js": 1623676889833,
  "view/blocks/poDetails/packingListTable/blocks/PackingListTable-dbg.js": 1623676889833,
  "utils/formatter-dbg.js": 1624262303282,
  "model/models-dbg.js": 1616998545414,
  "controller/PackingListDetails-dbg.controller.js": 1624262303282,
  "controller/PODetails-dbg.controller.js": 1624180492067,
  "controller/OfflineInspection-dbg.controller.js": 1623933168305,
  "controller/ManageBOQ-dbg.controller.js": 1623676889769,
  "controller/InspectionDetails-dbg.controller.js": 1624262319322,
  "controller/ErrorHandler-dbg.js": 1623676889765,
  "controller/DetailPage-dbg.controller.js": 1623965171372,
  "controller/BaseController-dbg.js": 1623676889765,
  "controller/App-dbg.controller.js": 1616998545414,
  "Component-dbg.js": 1623676889765,
  "resources.json": 1624262601649,
  "view/blocks/poDetails/sowForm/SOWForm.view.xml": 1623676889837,
  "view/blocks/poDetails/sellerForm/SellerForm.view.xml": 1623676889837,
  "view/blocks/poDetails/packingListTable/PackingListTable.view.xml": 1623965171372,
  "view/blocks/poDetails/lineItemsForm/LineItemsForm.view.xml": 1623676889833,
  "view/blocks/poDetails/inspectionTable/InspectionTable.view.xml": 1623933168305,
  "view/blocks/poDetails/buyerForm/BuyerForm.view.xml": 1623676889833,
  "view/blocks/poDetails/boqItemsTable/BOQItemsTable.view.xml": 1624031805360,
  "view/fragments/packingListDetails/SortDialog.fragment.xml": 1621841777507,
  "view/fragments/packingListDetails/QRassistant.fragment.xml": 1623933168305,
  "view/fragments/packingListDetails/PackingListChildLineItems.fragment.xml": 1621841777503,
  "view/fragments/packingListDetails/FilterDialog.fragment.xml": 1621841777503,
  "view/fragments/landingPage/SortDialog.fragment.xml": 1616998545418,
  "view/fragments/landingPage/FilterDialog.fragment.xml": 1618834332575,
  "view/fragments/inspectionDetails/TreeTableView.fragment.xml": 1623965143004,
  "view/fragments/inspectionDetails/ShowFileNamesMDCC.fragment.xml": 1624262319322,
  "view/fragments/inspectionDetails/PackingListNameGetter.fragment.xml": 1623676889841,
  "view/fragments/inspectionDetails/InspectionCallChildLineItems.fragment.xml": 1621841777499,
  "view/fragments/detailPage/ViewLineItemsDialog.fragment.xml": 1623676889837,
  "view/fragments/detailPage/OpenPOTable.fragment.xml": 1623676889837,
  "view/fragments/detailPage/FilterBar.fragment.xml": 1623676889837,
  "view/fragments/detailPage/DispatchedPOTable.fragment.xml": 1623676889837,
  "view/fragments/detailPage/ConfirmedPOTable.fragment.xml": 1623676889837,
  "view/fragments/common/lineItems.fragment.xml": 1623834135268,
  "view/fragments/PODetails/ViewBOQItems.fragment.xml": 1623676889837,
  "view/fragments/PODetails/SortDialogParentItemTable.fragment.xml": 1621841777499,
  "view/fragments/PODetails/FilterDialogParentItemTable.fragment.xml": 1621841777499,
  "view/fragments/PODetails/CreateParentItem.fragment.xml": 1617875185286,
  "view/fragments/PODetails/CreateChildItem.fragment.xml": 1621841777495,
  "view/fragments/PODetails/ChildItemsDialog.fragment.xml": 1624111408626,
  "view/PackingListDetails.view.xml": 1623676889829,
  "view/PODetails.view.xml": 1623676889829,
  "view/OfflineInspection.view.xml": 1623933168305,
  "view/ManageBOQ.view.xml": 1623834135280,
  "view/InspectionDetails.view.xml": 1624262319322,
  "view/DetailPage.view.xml": 1623965171372,
  "view/App.view.xml": 1623676889825,
  "css/style.css": 1623676889773,
  "index.html": 1623676889781
}