{
  "view/PODetails.view.xml": 1619414674714,
  "Component.js": 1617250871392,
  "utils/formatter.js": 1618848278446,
  "model/models.js": 1616998545414,
  "controller/PackingListDetails.controller.js": 1619076209620,
  "controller/PODetails.controller.js": 1619414674702,
  "controller/InspectionDetails.controller.js": 1619414674714,
  "controller/ErrorHandler.js": 1617875185286,
  "controller/DetailPage.controller.js": 1619414674682,
  "controller/BaseController.js": 1616998545414,
  "controller/App.controller.js": 1616998545414,
  "manifest.json": 1619418337845,
  "manifest-bundle.zip": 1619418336940,
  "Component-preload.js": 1619418337696,
  "utils/formatter-dbg.js": 1618848278446,
  "model/models-dbg.js": 1616998545414,
  "controller/PackingListDetails-dbg.controller.js": 1619076209620,
  "controller/PODetails-dbg.controller.js": 1619414674702,
  "controller/InspectionDetails-dbg.controller.js": 1619414674714,
  "controller/ErrorHandler-dbg.js": 1617875185286,
  "controller/DetailPage-dbg.controller.js": 1619414674682,
  "controller/BaseController-dbg.js": 1616998545414,
  "controller/App-dbg.controller.js": 1616998545414,
  "Component-dbg.js": 1617250871392,
  "resources.json": 1619418337850,
  "view/fragments/packingListDetails/SortDialog.fragment.xml": 1618899778825,
  "view/fragments/packingListDetails/QRassistant.fragment.xml": 1619076209620,
  "view/fragments/packingListDetails/PackingListChildLineItems.fragment.xml": 1618899778825,
  "view/fragments/packingListDetails/FilterDialog.fragment.xml": 1618899778825,
  "view/fragments/landingPage/SortDialog.fragment.xml": 1616998545418,
  "view/fragments/landingPage/FilterDialog.fragment.xml": 1618834332575,
  "view/fragments/inspectionDetails/PackingListNameGetter.fragment.xml": 1619076209620,
  "view/fragments/inspectionDetails/InspectionCallChildLineItems.fragment.xml": 1618899778825,
  "view/fragments/detailPage/SortDialog.fragment.xml": 1616998545418,
  "view/fragments/detailPage/FilterDialog.fragment.xml": 1616998545418,
  "view/fragments/detailPage/ChildItemsDialog.fragment.xml": 1619182228082,
  "view/fragments/PODetails/SortDialogParentItemTable.fragment.xml": 1618899778825,
  "view/fragments/PODetails/FilterDialogParentItemTable.fragment.xml": 1618899778825,
  "view/fragments/PODetails/CreateParentItem.fragment.xml": 1617875185286,
  "view/fragments/PODetails/CreateChildItem.fragment.xml": 1618899778825,
  "view/fragments/MessagePopover.fragment.xml": 1617875185286,
  "view/PackingListDetails.view.xml": 1619178324654,
  "i18n/i18n.properties": 1619181151705,
  "view/InspectionDetails.view.xml": 1619076209620,
  "view/DetailPage.view.xml": 1619414674686,
  "view/App.view.xml": 1616998545414,
  "css/style.css": 1616998545414,
  "index.html": 1616998545414
}