{
  "view/LandingPage.view.xml": 1615185633143,
  "model/models.js": 1615185633139,
  "manifest.json": 1615275967681,
  "controller/LandingPage.controller.js": 1615202097663,
  "Component.js": 1615185633139,
  "manifest-bundle.zip": 1615275967508,
  "Component-preload.js": 1615275967661,
  "Component-dbg.js": 1615185633139,
  "controller/LandingPage-dbg.controller.js": 1615202097663,
  "model/models-dbg.js": 1615185633139,
  "resources.json": 1615275967683,
  "i18n/i18n.properties": 1615211805537,
  "css/style.css": 1615185633139,
  "index.html": 1615185633139
}