{
  "controller/PackingListDetails-dbg.controller.js": 1617344541685,
  "controller/PODetails.controller.js": 1617344447841,
  "model/models.js": 1617100223289,
  "controller/PackingListDetails.controller.js": 1617344541685,
  "manifest.json": 1617353268405,
  "controller/InspectionDetails.controller.js": 1617348246706,
  "controller/ErrorHandler.js": 1617181824534,
  "controller/DetailPage.controller.js": 1617270089440,
  "controller/BaseController.js": 1617100223289,
  "controller/App.controller.js": 1617100223289,
  "Component.js": 1617181824534,
  "manifest-bundle.zip": 1617353267564,
  "Component-preload.js": 1617353268196,
  "controller/InspectionDetails-dbg.controller.js": 1617348246706,
  "i18n/i18n.properties": 1617279998683,
  "controller/PODetails-dbg.controller.js": 1617344447841,
  "model/models-dbg.js": 1617100223289,
  "controller/ErrorHandler-dbg.js": 1617181824534,
  "controller/DetailPage-dbg.controller.js": 1617270089440,
  "controller/BaseController-dbg.js": 1617100223289,
  "controller/App-dbg.controller.js": 1617100223289,
  "Component-dbg.js": 1617181824534,
  "resources.json": 1617353268409,
  "view/fragments/landingPage/SortDialog.fragment.xml": 1617100223293,
  "view/fragments/landingPage/FilterDialog.fragment.xml": 1617100223293,
  "view/fragments/inspectionDetails/InspectionCallChildLineItems.fragment.xml": 1617344608466,
  "view/fragments/detailPage/SortDialog.fragment.xml": 1617100223293,
  "view/fragments/detailPage/FilterDialog.fragment.xml": 1617100223293,
  "view/fragments/detailPage/ChildItemsDialog.fragment.xml": 1617288846490,
  "view/fragments/PODetails/CreateParentItem.fragment.xml": 1617276780403,
  "view/fragments/PODetails/CreateChildItem.fragment.xml": 1617279120986,
  "view/fragments/MessagePopover.fragment.xml": 1617171637868,
  "view/PackingListDetails.view.xml": 1617348794322,
  "view/PODetails.view.xml": 1617279680169,
  "view/InspectionDetails.view.xml": 1617352255110,
  "view/DetailPage.view.xml": 1617270089468,
  "view/App.view.xml": 1617100223289,
  "css/style.css": 1617100223289,
  "index.html": 1617100223289
}