{
    "resources": [
        {
            "name": "../storeinchargeraisedpo/view/NotFound.view.xml"
        },
        {
            "name": "../storeinchargeraisedpo/i18n/i18n_en_GB.properties",
            "raw": "i18n/i18n.properties",
            "locale": "_en_GB"
        },
        {
            "name": "../storeinchargeraisedpo/i18n/i18n_en_US.properties",
            "raw": "i18n/i18n.properties",
            "locale": "_en_US"
        },
        {
            "name": "../storeinchargeraisedpo/i18n/i18n.properties",
            "raw": "i18n/i18n.properties"
        },
        {
            "name": "../storeinchargeraisedpo/utils/formatter.js"
        },
        {
            "name": "../storeinchargeraisedpo/manifest.json"
        },
        {
            "name": "../storeinchargeraisedpo/model/models.js"
        },
        {
            "name": "../storeinchargeraisedpo/controller/NotFound.controller.js"
        },
        {
            "name": "../storeinchargeraisedpo/controller/LandingPage.controller.js"
        },
        {
            "name": "../storeinchargeraisedpo/controller/ErrorHandler.js"
        },
        {
            "name": "../storeinchargeraisedpo/controller/BaseController.js"
        },
        {
            "name": "../storeinchargeraisedpo/controller/App.controller.js"
        },
        {
            "name": "../storeinchargeraisedpo/Component.js"
        },
        {
            "name": "../storeinchargeraisedpo/manifest-bundle.zip"
        },
        {
            "name": "../storeinchargeraisedpo/Component-preload.js",
            "merged": true
        },
        {
            "name": "../storeinchargeraisedpo/controller/LandingPage-dbg.controller.js",
            "isDebug": true
        },
        {
            "name": "../storeinchargeraisedpo/model/models-dbg.js",
            "isDebug": true
        },
        {
            "name": "../storeinchargeraisedpo/controller/NotFound-dbg.controller.js",
            "isDebug": true
        },
        {
            "name": "../storeinchargeraisedpo/utils/formatter-dbg.js",
            "isDebug": true
        },
        {
            "name": "../storeinchargeraisedpo/controller/ErrorHandler-dbg.js",
            "isDebug": true
        },
        {
            "name": "../storeinchargeraisedpo/controller/BaseController-dbg.js",
            "isDebug": true
        },
        {
            "name": "../storeinchargeraisedpo/controller/App-dbg.controller.js",
            "isDebug": true
        },
        {
            "name": "../storeinchargeraisedpo/Component-dbg.js",
            "isDebug": true
        },
        {
            "name": "../../../../sap-ui-version.json"
        },
        {
            "name": "../storeinchargeraisedpo/view/fragments/landingPage/ViewLineItemsDialog.fragment.xml"
        },
        {
            "name": "../storeinchargeraisedpo/view/fragments/landingPage/RaisedPOTable.fragment.xml"
        },
        {
            "name": "../storeinchargeraisedpo/view/fragments/landingPage/FilterBar.fragment.xml"
        },
        {
            "name": "../storeinchargeraisedpo/view/fragments/landingPage/ClosedPOTable.fragment.xml"
        },
        {
            "name": "../storeinchargeraisedpo/view/fragments/common/lineItems.fragment.xml"
        },
        {
            "name": "../storeinchargeraisedpo/i18n/i18n_en.properties",
            "raw": "i18n/i18n.properties",
            "locale": "_en"
        },
        {
            "name": "../storeinchargeraisedpo/view/LandingPage.view.xml"
        },
        {
            "name": "../storeinchargeraisedpo/view/App.view.xml"
        },
        {
            "name": "../storeinchargeraisedpo/css/style.css"
        },
        {
            "name": "../storeinchargeraisedpo/index.html"
        }
    ]
}