{
  "Component-preload.js": 1622099058148,
  "manifest.json": 1622099058185,
  "model/models.js": 1617171552035,
  "controller/LandingPage.controller.js": 1617171552035,
  "Component.js": 1617171552035,
  "manifest-bundle.zip": 1622099057907,
  "i18n/i18n.properties": 1617171552035,
  "controller/LandingPage-dbg.controller.js": 1617171552035,
  "model/models-dbg.js": 1617171552035,
  "Component-dbg.js": 1617171552035,
  "resources.json": 1622099058188,
  "view/LandingPage.view.xml": 1617171552039,
  "css/style.css": 1617171552035,
  "index.html": 1617171552035
}