{
  "controller/LandingPage.controller.js": 1617170945332,
  "i18n/i18n.properties": 1617170945332,
  "model/models.js": 1617170945336,
  "manifest.json": 1625579169133,
  "Component.js": 1617170945332,
  "manifest-bundle.zip": 1625579168964,
  "Component-preload.js": 1625579169106,
  "Component-dbg.js": 1617170945332,
  "controller/LandingPage-dbg.controller.js": 1617170945332,
  "model/models-dbg.js": 1617170945336,
  "resources.json": 1625579169136,
  "view/LandingPage.view.xml": 1617170945336,
  "css/style.css": 1617170945332,
  "index.html": 1617170945332
}