{
  "manifest-bundle.zip": 1624910402785,
  "Component.js": 1617171552035,
  "model/models.js": 1617171552035,
  "controller/LandingPage.controller.js": 1617171552035,
  "manifest.json": 1624910402934,
  "i18n/i18n.properties": 1617171552035,
  "Component-preload.js": 1624910402905,
  "Component-dbg.js": 1617171552035,
  "controller/LandingPage-dbg.controller.js": 1617171552035,
  "model/models-dbg.js": 1617171552035,
  "resources.json": 1624910402937,
  "view/LandingPage.view.xml": 1617171552039,
  "css/style.css": 1617171552035,
  "index.html": 1617171552035
}