{
  "css/style.css": 1617171552035,
  "controller/LandingPage.controller.js": 1617171552035,
  "model/models.js": 1617171552035,
  "manifest.json": 1625750926210,
  "Component.js": 1617171552035,
  "manifest-bundle.zip": 1625750925975,
  "Component-preload.js": 1625750926154,
  "controller/LandingPage-dbg.controller.js": 1617171552035,
  "model/models-dbg.js": 1617171552035,
  "Component-dbg.js": 1617171552035,
  "resources.json": 1625750926215,
  "view/LandingPage.view.xml": 1617171552039,
  "i18n/i18n.properties": 1617171552035,
  "index.html": 1617171552035
}