{
  "Component-preload.js": 1622700367706,
  "controller/LandingPage.controller.js": 1617170945332,
  "model/models.js": 1617170945336,
  "manifest.json": 1622700367734,
  "Component.js": 1617170945332,
  "manifest-bundle.zip": 1622700367551,
  "i18n/i18n.properties": 1617170945332,
  "model/models-dbg.js": 1617170945336,
  "controller/LandingPage-dbg.controller.js": 1617170945332,
  "Component-dbg.js": 1617170945332,
  "resources.json": 1622700367737,
  "view/LandingPage.view.xml": 1617170945336,
  "css/style.css": 1617170945332,
  "index.html": 1617170945332
}