{
  "Component-dbg.js": 1617171552035,
  "controller/LandingPage.controller.js": 1617171552035,
  "model/models.js": 1617171552035,
  "manifest.json": 1617973486722,
  "Component.js": 1617171552035,
  "manifest-bundle.zip": 1617973486520,
  "Component-preload.js": 1617973486687,
  "model/models-dbg.js": 1617171552035,
  "controller/LandingPage-dbg.controller.js": 1617171552035,
  "i18n/i18n.properties": 1617171552035,
  "resources.json": 1617973486725,
  "view/LandingPage.view.xml": 1617171552039,
  "css/style.css": 1617171552035,
  "index.html": 1617171552035
}