{
  "manifest-bundle.zip": 1623236567726,
  "Component.js": 1621941634361,
  "model/models.js": 1621941634361,
  "controller/LandingPage.controller.js": 1621941634361,
  "manifest.json": 1623236567920,
  "i18n/i18n.properties": 1621941634361,
  "Component-preload.js": 1623236567890,
  "model/models-dbg.js": 1621941634361,
  "controller/LandingPage-dbg.controller.js": 1621941634361,
  "Component-dbg.js": 1621941634361,
  "resources.json": 1623236567923,
  "view/LandingPage.view.xml": 1621941634365,
  "css/style.css": 1621941634361,
  "index.html": 1621941634361
}