{
  "resources.json": 1625648854691,
  "manifest.json": 1625648854687,
  "model/models.js": 1621941634361,
  "controller/LandingPage.controller.js": 1621941634361,
  "Component.js": 1621941634361,
  "manifest-bundle.zip": 1625648854499,
  "Component-preload.js": 1625648854651,
  "model/models-dbg.js": 1621941634361,
  "controller/LandingPage-dbg.controller.js": 1621941634361,
  "Component-dbg.js": 1621941634361,
  "i18n/i18n.properties": 1621941634361,
  "view/LandingPage.view.xml": 1621941634365,
  "css/style.css": 1621941634361,
  "index.html": 1621941634361
}