{
  "manifest.json": 1623911517672,
  "Component.js": 1617170945332,
  "model/models.js": 1617170945336,
  "controller/LandingPage.controller.js": 1617170945332,
  "i18n/i18n.properties": 1617170945332,
  "manifest-bundle.zip": 1623911517500,
  "Component-preload.js": 1623911517645,
  "model/models-dbg.js": 1617170945336,
  "controller/LandingPage-dbg.controller.js": 1617170945332,
  "Component-dbg.js": 1617170945332,
  "resources.json": 1623911517675,
  "view/LandingPage.view.xml": 1617170945336,
  "css/style.css": 1617170945332,
  "index.html": 1617170945332
}