{
  "css/style.css": 1617170945332,
  "controller/LandingPage.controller.js": 1617170945332,
  "model/models.js": 1617170945336,
  "manifest.json": 1617954684016,
  "Component.js": 1617170945332,
  "manifest-bundle.zip": 1617954683840,
  "Component-preload.js": 1617954683990,
  "Component-dbg.js": 1617170945332,
  "controller/LandingPage-dbg.controller.js": 1617170945332,
  "model/models-dbg.js": 1617170945336,
  "resources.json": 1617954684019,
  "view/LandingPage.view.xml": 1617170945336,
  "i18n/i18n.properties": 1617170945332,
  "index.html": 1617170945332
}