{
  "Component-preload.js": 1625648243371,
  "manifest.json": 1625648243402,
  "model/models.js": 1625047557748,
  "controller/LandingPage.controller.js": 1625047557748,
  "Component.js": 1625047557748,
  "manifest-bundle.zip": 1625648243200,
  "i18n/i18n.properties": 1625047557748,
  "controller/LandingPage-dbg.controller.js": 1625047557748,
  "model/models-dbg.js": 1625047557748,
  "Component-dbg.js": 1625047557748,
  "resources.json": 1625648243405,
  "view/LandingPage.view.xml": 1625047557748,
  "css/style.css": 1625047557748,
  "index.html": 1625047557748
}