{
  "manifest.json": 1625514909765,
  "model/models.js": 1625237454309,
  "i18n/i18n.properties": 1625237454309,
  "controller/LandingPage.controller.js": 1625237454309,
  "Component.js": 1625237454309,
  "manifest-bundle.zip": 1625514909556,
  "Component-preload.js": 1625514909721,
  "Component-dbg.js": 1625237454309,
  "controller/LandingPage-dbg.controller.js": 1625237454309,
  "model/models-dbg.js": 1625237454309,
  "resources.json": 1625514909769,
  "view/LandingPage.view.xml": 1625237454309,
  "css/style.css": 1625237454309,
  "index.html": 1625237454309
}