{
  "resources.json": 1622152055982,
  "model/models.js": 1617171552035,
  "manifest.json": 1622152055979,
  "controller/LandingPage.controller.js": 1617171552035,
  "Component.js": 1617171552035,
  "manifest-bundle.zip": 1622152055840,
  "Component-preload.js": 1622152055954,
  "Component-dbg.js": 1617171552035,
  "controller/LandingPage-dbg.controller.js": 1617171552035,
  "model/models-dbg.js": 1617171552035,
  "i18n/i18n.properties": 1617171552035,
  "view/LandingPage.view.xml": 1617171552039,
  "css/style.css": 1617171552035,
  "index.html": 1617171552035
}