{
  "controller/LandingPage.controller.js": 1617170945332,
  "manifest.json": 1619418462826,
  "model/models.js": 1617170945336,
  "i18n/i18n.properties": 1617170945332,
  "Component.js": 1617170945332,
  "manifest-bundle.zip": 1619418462651,
  "Component-preload.js": 1619418462800,
  "model/models-dbg.js": 1617170945336,
  "controller/LandingPage-dbg.controller.js": 1617170945332,
  "Component-dbg.js": 1617170945332,
  "resources.json": 1619418462829,
  "view/LandingPage.view.xml": 1617170945336,
  "css/style.css": 1617170945332,
  "index.html": 1617170945332
}