{
  "resources.json": 1624962112045,
  "manifest.json": 1624962112042,
  "model/models.js": 1617170945336,
  "controller/LandingPage.controller.js": 1617170945332,
  "Component.js": 1617170945332,
  "manifest-bundle.zip": 1624962111870,
  "Component-preload.js": 1624962112014,
  "Component-dbg.js": 1617170945332,
  "controller/LandingPage-dbg.controller.js": 1617170945332,
  "model/models-dbg.js": 1617170945336,
  "i18n/i18n.properties": 1617170945332,
  "view/LandingPage.view.xml": 1617170945336,
  "css/style.css": 1617170945332,
  "index.html": 1617170945332
}