{
  "controller/LandingPage-dbg.controller.js": 1617170945332,
  "manifest.json": 1624251760627,
  "model/models.js": 1617170945336,
  "controller/LandingPage.controller.js": 1617170945332,
  "Component.js": 1617170945332,
  "manifest-bundle.zip": 1624251760386,
  "Component-preload.js": 1624251760583,
  "Component-dbg.js": 1617170945332,
  "i18n/i18n.properties": 1617170945332,
  "model/models-dbg.js": 1617170945336,
  "resources.json": 1624251760631,
  "view/LandingPage.view.xml": 1617170945336,
  "css/style.css": 1617170945332,
  "index.html": 1617170945332
}