{
    "resources": [
        {
            "name": "../vendormanageboq/Component-dbg.js",
            "isDebug": true
        },
        {
            "name": "../vendormanageboq/utils/formatter.js"
        },
        {
            "name": "../vendormanageboq/manifest.json"
        },
        {
            "name": "../vendormanageboq/model/models.js"
        },
        {
            "name": "../vendormanageboq/controller/LandingPage.controller.js"
        },
        {
            "name": "../vendormanageboq/controller/ErrorHandler.js"
        },
        {
            "name": "../vendormanageboq/controller/DetailDetail.controller.js"
        },
        {
            "name": "../vendormanageboq/controller/Detail.controller.js"
        },
        {
            "name": "../vendormanageboq/controller/BaseController.js"
        },
        {
            "name": "../vendormanageboq/controller/App.controller.js"
        },
        {
            "name": "../vendormanageboq/Component.js"
        },
        {
            "name": "../vendormanageboq/manifest-bundle.zip"
        },
        {
            "name": "../vendormanageboq/Component-preload.js",
            "merged": true
        },
        {
            "name": "../vendormanageboq/controller/DetailDetail-dbg.controller.js",
            "isDebug": true
        },
        {
            "name": "../vendormanageboq/model/models-dbg.js",
            "isDebug": true
        },
        {
            "name": "../vendormanageboq/controller/LandingPage-dbg.controller.js",
            "isDebug": true
        },
        {
            "name": "../vendormanageboq/controller/ErrorHandler-dbg.js",
            "isDebug": true
        },
        {
            "name": "../vendormanageboq/utils/formatter-dbg.js",
            "isDebug": true
        },
        {
            "name": "../vendormanageboq/controller/Detail-dbg.controller.js",
            "isDebug": true
        },
        {
            "name": "../vendormanageboq/controller/BaseController-dbg.js",
            "isDebug": true
        },
        {
            "name": "../vendormanageboq/controller/App-dbg.controller.js",
            "isDebug": true
        },
        {
            "name": "../vendormanageboq/i18n/i18n.properties",
            "raw": "i18n/i18n.properties"
        },
        {
            "name": "../../../../sap-ui-version.json"
        },
        {
            "name": "../vendormanageboq/view/fragments/manageBOQ/AddRemarks.fragment.xml"
        },
        {
            "name": "../vendormanageboq/view/fragments/detailPage/ViewLineItemsDialog.fragment.xml"
        },
        {
            "name": "../vendormanageboq/view/fragments/detailPage/ViewBOQItemsDialog.fragment.xml"
        },
        {
            "name": "../vendormanageboq/view/fragments/detailPage/BOQQuantityGetter.fragment.xml"
        },
        {
            "name": "../vendormanageboq/view/LandingPage.view.xml"
        },
        {
            "name": "../vendormanageboq/view/DetailDetail.view.xml"
        },
        {
            "name": "../vendormanageboq/view/Detail.view.xml"
        },
        {
            "name": "../vendormanageboq/view/App.view.xml"
        },
        {
            "name": "../vendormanageboq/css/style.css"
        },
        {
            "name": "../vendormanageboq/index.html"
        }
    ]
}