{
  "Component.js": 1617016653514,
  "manifest.json": 1625579095112,
  "model/models.js": 1617016653514,
  "controller/LandingPage.controller.js": 1623965171372,
  "controller/App.controller.js": 1623965171372,
  "i18n/i18n.properties": 1617016653514,
  "manifest-bundle.zip": 1625579094906,
  "Component-preload.js": 1625579095075,
  "controller/LandingPage-dbg.controller.js": 1623965171372,
  "model/models-dbg.js": 1617016653514,
  "controller/App-dbg.controller.js": 1623965171372,
  "Component-dbg.js": 1617016653514,
  "resources.json": 1625579095115,
  "view/LandingPage.view.xml": 1623965171372,
  "view/App.view.xml": 1623965171372,
  "css/style.css": 1617016653514,
  "index.html": 1617016653514
}