{
  "controller/LandingPage.controller.js": 1622541548728,
  "Component.js": 1617016653514,
  "model/models.js": 1617016653514,
  "i18n/i18n.properties": 1617016653514,
  "manifest.json": 1623911435473,
  "manifest-bundle.zip": 1623911435276,
  "Component-preload.js": 1623911435444,
  "Component-dbg.js": 1617016653514,
  "controller/LandingPage-dbg.controller.js": 1622541548728,
  "model/models-dbg.js": 1617016653514,
  "resources.json": 1623911435476,
  "view/LandingPage.view.xml": 1622541548724,
  "css/style.css": 1617016653514,
  "index.html": 1617016653514
}