{
  "view/LandingPage.view.xml": 1625237466120,
  "controller/App.controller.js": 1625237466116,
  "model/models.js": 1625237466120,
  "controller/LandingPage.controller.js": 1625237466120,
  "manifest.json": 1625514839413,
  "Component.js": 1625237466116,
  "manifest-bundle.zip": 1625514839232,
  "Component-preload.js": 1625514839382,
  "Component-dbg.js": 1625237466116,
  "controller/LandingPage-dbg.controller.js": 1625237466120,
  "controller/App-dbg.controller.js": 1625237466116,
  "model/models-dbg.js": 1625237466120,
  "resources.json": 1625514839416,
  "i18n/i18n.properties": 1625237466120,
  "view/App.view.xml": 1625237466120,
  "css/style.css": 1625237466120,
  "index.html": 1625237466120
}