{
  "view/LandingPage.view.xml": 1617119238044,
  "model/models.js": 1617119238044,
  "manifest.json": 1623923637659,
  "controller/LandingPage.controller.js": 1617119238044,
  "Component.js": 1617119238044,
  "manifest-bundle.zip": 1623923637330,
  "Component-preload.js": 1623923637610,
  "model/models-dbg.js": 1617119238044,
  "controller/LandingPage-dbg.controller.js": 1617119238044,
  "Component-dbg.js": 1617119238044,
  "resources.json": 1623923637663,
  "i18n/i18n.properties": 1617119238044,
  "css/style.css": 1617119238044,
  "index.html": 1617119238044
}