{
  "manifest-bundle.zip": 1625648769703,
  "controller/LandingPage.controller.js": 1624876713620,
  "model/models.js": 1621941637765,
  "manifest.json": 1625648769954,
  "controller/App.controller.js": 1624876713620,
  "Component.js": 1621941637765,
  "i18n/i18n.properties": 1621941637765,
  "Component-preload.js": 1625648769915,
  "Component-dbg.js": 1621941637765,
  "controller/LandingPage-dbg.controller.js": 1624876713620,
  "controller/App-dbg.controller.js": 1624876713620,
  "model/models-dbg.js": 1621941637765,
  "resources.json": 1625648769957,
  "view/LandingPage.view.xml": 1624876713620,
  "view/App.view.xml": 1624876713620,
  "css/style.css": 1621941637765,
  "index.html": 1621941637765
}