{
  "controller/LandingPage.controller.js": 1617119238044,
  "i18n/i18n.properties": 1617119238044,
  "model/models.js": 1617119238044,
  "manifest.json": 1622098898659,
  "Component.js": 1617119238044,
  "manifest-bundle.zip": 1622098898376,
  "Component-preload.js": 1622098898623,
  "controller/LandingPage-dbg.controller.js": 1617119238044,
  "model/models-dbg.js": 1617119238044,
  "Component-dbg.js": 1617119238044,
  "resources.json": 1622098898662,
  "view/LandingPage.view.xml": 1617119238044,
  "css/style.css": 1617119238044,
  "index.html": 1617119238044
}