{
  "i18n/i18n.properties": 1617119238044,
  "controller/App.controller.js": 1623964401347,
  "model/models.js": 1617119238044,
  "controller/LandingPage.controller.js": 1623964401347,
  "manifest.json": 1623996225370,
  "Component.js": 1617119238044,
  "manifest-bundle.zip": 1623996225025,
  "Component-preload.js": 1623996225321,
  "model/models-dbg.js": 1617119238044,
  "controller/LandingPage-dbg.controller.js": 1623964401347,
  "controller/App-dbg.controller.js": 1623964401347,
  "Component-dbg.js": 1617119238044,
  "resources.json": 1623996225373,
  "view/LandingPage.view.xml": 1623964401351,
  "view/App.view.xml": 1623964401347,
  "css/style.css": 1617119238044,
  "index.html": 1617119238044
}