{
  "controller/App-dbg.controller.js": 1623965171372,
  "model/models.js": 1617016653514,
  "manifest.json": 1624259626172,
  "controller/LandingPage.controller.js": 1623965171372,
  "controller/App.controller.js": 1623965171372,
  "Component.js": 1617016653514,
  "manifest-bundle.zip": 1624259625915,
  "Component-preload.js": 1624259626136,
  "controller/LandingPage-dbg.controller.js": 1623965171372,
  "model/models-dbg.js": 1617016653514,
  "i18n/i18n.properties": 1617016653514,
  "Component-dbg.js": 1617016653514,
  "resources.json": 1624259626176,
  "view/LandingPage.view.xml": 1623965171372,
  "view/App.view.xml": 1623965171372,
  "css/style.css": 1617016653514,
  "index.html": 1617016653514
}