{
  "Component.js": 1617119238044,
  "controller/LandingPage.controller.js": 1624347023659,
  "model/models.js": 1617119238044,
  "manifest.json": 1624910330596,
  "controller/App.controller.js": 1624347023655,
  "i18n/i18n.properties": 1617119238044,
  "manifest-bundle.zip": 1624910330368,
  "Component-preload.js": 1624910330561,
  "controller/LandingPage-dbg.controller.js": 1624347023659,
  "model/models-dbg.js": 1617119238044,
  "controller/App-dbg.controller.js": 1624347023655,
  "Component-dbg.js": 1617119238044,
  "resources.json": 1624910330598,
  "view/LandingPage.view.xml": 1624347023663,
  "view/App.view.xml": 1624347023659,
  "css/style.css": 1617119238044,
  "index.html": 1617119238044
}