{
  "model/models-dbg.js": 1617016653514,
  "Component.js": 1617016653514,
  "model/models.js": 1617016653514,
  "controller/LandingPage.controller.js": 1617016653514,
  "manifest.json": 1617202391549,
  "manifest-bundle.zip": 1617202391378,
  "Component-preload.js": 1617202391525,
  "Component-dbg.js": 1617016653514,
  "controller/LandingPage-dbg.controller.js": 1617016653514,
  "i18n/i18n.properties": 1617016653514,
  "resources.json": 1617202391551,
  "view/LandingPage.view.xml": 1617016653514,
  "css/style.css": 1617016653514,
  "index.html": 1617016653514
}