{
  "index.html": 1621941637765,
  "Component.js": 1621941637765,
  "model/models.js": 1621941637765,
  "controller/LandingPage.controller.js": 1621941637765,
  "manifest.json": 1623236489571,
  "manifest-bundle.zip": 1623236489394,
  "Component-preload.js": 1623236489542,
  "model/models-dbg.js": 1621941637765,
  "controller/LandingPage-dbg.controller.js": 1621941637765,
  "Component-dbg.js": 1621941637765,
  "resources.json": 1623236489575,
  "view/LandingPage.view.xml": 1621941637765,
  "css/style.css": 1621941637765,
  "i18n/i18n.properties": 1621941637765
}