{
  "model/models.js": 1617119238044,
  "manifest.json": 1625767341807,
  "i18n/i18n.properties": 1617119238044,
  "controller/LandingPage.controller.js": 1624347023659,
  "controller/App.controller.js": 1624347023655,
  "Component.js": 1617119238044,
  "manifest-bundle.zip": 1625767341412,
  "Component-preload.js": 1625767341733,
  "controller/App-dbg.controller.js": 1624347023655,
  "controller/LandingPage-dbg.controller.js": 1624347023659,
  "model/models-dbg.js": 1617119238044,
  "Component-dbg.js": 1617119238044,
  "resources.json": 1625767341811,
  "view/LandingPage.view.xml": 1624347023663,
  "view/App.view.xml": 1624347023659,
  "css/style.css": 1617119238044,
  "index.html": 1617119238044
}