{
  "controller/LandingPage-dbg.controller.js": 1623929763565,
  "controller/App.controller.js": 1623933935767,
  "model/models.js": 1617119238044,
  "controller/LandingPage.controller.js": 1623929763565,
  "manifest.json": 1623940896045,
  "Component.js": 1617119238044,
  "manifest-bundle.zip": 1623940895888,
  "Component-preload.js": 1623940896010,
  "model/models-dbg.js": 1617119238044,
  "i18n/i18n.properties": 1617119238044,
  "controller/App-dbg.controller.js": 1623933935767,
  "Component-dbg.js": 1617119238044,
  "resources.json": 1623940896048,
  "view/LandingPage.view.xml": 1623933167666,
  "view/App.view.xml": 1623933137514,
  "css/style.css": 1617119238044,
  "index.html": 1617119238044
}