{
  "resources.json": 1623961989445,
  "model/models.js": 1617119238044,
  "manifest.json": 1623961989442,
  "controller/LandingPage.controller.js": 1623954359985,
  "controller/App.controller.js": 1623954359985,
  "Component.js": 1617119238044,
  "manifest-bundle.zip": 1623961989285,
  "Component-preload.js": 1623961989408,
  "controller/App-dbg.controller.js": 1623954359985,
  "controller/LandingPage-dbg.controller.js": 1623954359985,
  "model/models-dbg.js": 1617119238044,
  "Component-dbg.js": 1617119238044,
  "i18n/i18n.properties": 1617119238044,
  "view/LandingPage.view.xml": 1623954359985,
  "view/App.view.xml": 1623954359985,
  "css/style.css": 1617119238044,
  "index.html": 1617119238044
}