{
    "resources": [
        {
            "name": "../userroleassignment/view/blocks/UserDetails/basicDetails/BasicDetails.view.xml"
        },
        {
            "name": "../userroleassignment/i18n/i18n_en_GB.properties",
            "raw": "i18n/i18n.properties",
            "locale": "_en_GB"
        },
        {
            "name": "../userroleassignment/i18n/i18n_en_US.properties",
            "raw": "i18n/i18n.properties",
            "locale": "_en_US"
        },
        {
            "name": "../userroleassignment/i18n/i18n.properties",
            "raw": "i18n/i18n.properties"
        },
        {
            "name": "../userroleassignment/Component.js"
        },
        {
            "name": "../userroleassignment/view/blocks/UserDetails/basicDetails/blocks/BasicDetails.js"
        },
        {
            "name": "../userroleassignment/view/blocks/UserDetails/basicDetails/BasicDetailsController.controller.js"
        },
        {
            "name": "../userroleassignment/model/models.js"
        },
        {
            "name": "../userroleassignment/controller/UserList.controller.js"
        },
        {
            "name": "../userroleassignment/controller/UserDetails.controller.js"
        },
        {
            "name": "../userroleassignment/controller/ErrorHandler.js"
        },
        {
            "name": "../userroleassignment/controller/BaseController.js"
        },
        {
            "name": "../userroleassignment/controller/App.controller.js"
        },
        {
            "name": "../userroleassignment/manifest.json"
        },
        {
            "name": "../userroleassignment/manifest-bundle.zip"
        },
        {
            "name": "../userroleassignment/Component-preload.js",
            "merged": true
        },
        {
            "name": "../userroleassignment/view/blocks/UserDetails/basicDetails/blocks/BasicDetails-dbg.js",
            "isDebug": true
        },
        {
            "name": "../userroleassignment/view/blocks/UserDetails/basicDetails/BasicDetailsController-dbg.controller.js",
            "isDebug": true
        },
        {
            "name": "../userroleassignment/model/models-dbg.js",
            "isDebug": true
        },
        {
            "name": "../userroleassignment/controller/UserList-dbg.controller.js",
            "isDebug": true
        },
        {
            "name": "../userroleassignment/controller/UserDetails-dbg.controller.js",
            "isDebug": true
        },
        {
            "name": "../userroleassignment/controller/ErrorHandler-dbg.js",
            "isDebug": true
        },
        {
            "name": "../userroleassignment/controller/BaseController-dbg.js",
            "isDebug": true
        },
        {
            "name": "../userroleassignment/controller/App-dbg.controller.js",
            "isDebug": true
        },
        {
            "name": "../userroleassignment/Component-dbg.js",
            "isDebug": true
        },
        {
            "name": "../../../../sap-ui-version.json"
        },
        {
            "name": "../userroleassignment/i18n/i18n_en.properties",
            "raw": "i18n/i18n.properties",
            "locale": "_en"
        },
        {
            "name": "../userroleassignment/view/fragments/UserRequestList/UserRequestTable.fragment.xml"
        },
        {
            "name": "../userroleassignment/view/fragments/UserRequestList/FilterBar.fragment.xml"
        },
        {
            "name": "../userroleassignment/view/fragments/AssignRole/AssignRoleDialog.fragment.xml"
        },
        {
            "name": "../userroleassignment/view/UserList.view.xml"
        },
        {
            "name": "../userroleassignment/view/UserDetails.view.xml"
        },
        {
            "name": "../userroleassignment/view/App.view.xml"
        },
        {
            "name": "../userroleassignment/css/style.css"
        },
        {
            "name": "../userroleassignment/index.html"
        }
    ]
}