{
    "resources": [
        {
            "name": "view/fragments/common/lineItems.fragment.xml"
        },
        {
            "name": "i18n/i18n_en_GB.properties",
            "raw": "i18n/i18n.properties",
            "locale": "_en_GB"
        },
        {
            "name": "i18n/i18n_en_US.properties",
            "raw": "i18n/i18n.properties",
            "locale": "_en_US"
        },
        {
            "name": "i18n/i18n.properties",
            "raw": "i18n/i18n.properties"
        },
        {
            "name": "controller/BOQRequestList.controller.js"
        },
        {
            "name": "view/blocks/BOQDetails/boqItemsTable/blocks/BOQItemsTable.js"
        },
        {
            "name": "view/blocks/BOQDetails/sowForm/SOWForm.js"
        },
        {
            "name": "view/blocks/BOQDetails/sellerForm/SellerForm.js"
        },
        {
            "name": "view/blocks/BOQDetails/lineItemsForm/LineItemsForm.js"
        },
        {
            "name": "view/blocks/BOQDetails/buyerForm/BuyerForm.js"
        },
        {
            "name": "view/blocks/BOQDetails/boqItemsTable/BOQItemsTableController.controller.js"
        },
        {
            "name": "model/models.js"
        },
        {
            "name": "controller/ErrorHandler.js"
        },
        {
            "name": "controller/BaseController.js"
        },
        {
            "name": "manifest.json"
        },
        {
            "name": "controller/BOQDetails.controller.js"
        },
        {
            "name": "controller/App.controller.js"
        },
        {
            "name": "Component.js"
        },
        {
            "name": "manifest-bundle.zip"
        },
        {
            "name": "Component-preload.js",
            "merged": true
        },
        {
            "name": "view/blocks/BOQDetails/lineItemsForm/LineItemsForm-dbg.js",
            "isDebug": true
        },
        {
            "name": "view/blocks/BOQDetails/sowForm/SOWForm-dbg.js",
            "isDebug": true
        },
        {
            "name": "view/blocks/BOQDetails/sellerForm/SellerForm-dbg.js",
            "isDebug": true
        },
        {
            "name": "view/blocks/BOQDetails/boqItemsTable/blocks/BOQItemsTable-dbg.js",
            "isDebug": true
        },
        {
            "name": "view/blocks/BOQDetails/buyerForm/BuyerForm-dbg.js",
            "isDebug": true
        },
        {
            "name": "view/blocks/BOQDetails/boqItemsTable/BOQItemsTableController-dbg.controller.js",
            "isDebug": true
        },
        {
            "name": "model/models-dbg.js",
            "isDebug": true
        },
        {
            "name": "controller/ErrorHandler-dbg.js",
            "isDebug": true
        },
        {
            "name": "controller/BaseController-dbg.js",
            "isDebug": true
        },
        {
            "name": "controller/BOQRequestList-dbg.controller.js",
            "isDebug": true
        },
        {
            "name": "controller/BOQDetails-dbg.controller.js",
            "isDebug": true
        },
        {
            "name": "controller/App-dbg.controller.js",
            "isDebug": true
        },
        {
            "name": "Component-dbg.js",
            "isDebug": true
        },
        {
            "name": "../../../../sap-ui-version.json"
        },
        {
            "name": "view/blocks/BOQDetails/sowForm/SOWForm.view.xml"
        },
        {
            "name": "view/blocks/BOQDetails/sellerForm/SellerForm.view.xml"
        },
        {
            "name": "view/blocks/BOQDetails/lineItemsForm/LineItemsForm.view.xml"
        },
        {
            "name": "view/blocks/BOQDetails/buyerForm/BuyerForm.view.xml"
        },
        {
            "name": "view/blocks/BOQDetails/boqItemsTable/BOQItemsTable.view.xml"
        },
        {
            "name": "i18n/i18n_en.properties",
            "raw": "i18n/i18n.properties",
            "locale": "_en"
        },
        {
            "name": "view/fragments/BOQRequestList/FilterBar.fragment.xml"
        },
        {
            "name": "view/fragments/BOQRequestList/BOQRequestTable.fragment.xml"
        },
        {
            "name": "view/fragments/BOQDetails/BOQCommentGetter.fragment.xml"
        },
        {
            "name": "view/BOQRequestList.view.xml"
        },
        {
            "name": "view/BOQDetails.view.xml"
        },
        {
            "name": "view/App.view.xml"
        },
        {
            "name": "css/style.css"
        },
        {
            "name": "index.html"
        }
    ]
}