{
  "view/blocks/BOQDetails/boqItemsTable/blocks/BOQItemsTable-dbg.js": 1623676887537,
  "i18n/i18n_en_GB.properties": 1623676887513,
  "i18n/i18n_en.properties": 1623676887513,
  "i18n/i18n_en_US.properties": 1623676887513,
  "model/models.js": 1623676887525,
  "view/blocks/BOQDetails/boqItemsTable/blocks/BOQItemsTable.js": 1623676887537,
  "view/blocks/BOQDetails/sowForm/SOWForm.js": 1623676887537,
  "view/blocks/BOQDetails/sellerForm/SellerForm.js": 1623676887537,
  "view/blocks/BOQDetails/lineItemsForm/LineItemsForm.js": 1623676887537,
  "view/blocks/BOQDetails/buyerForm/BuyerForm.js": 1623676887537,
  "view/blocks/BOQDetails/boqItemsTable/BOQItemsTableController.controller.js": 1623676887537,
  "manifest.json": 1624962144718,
  "controller/ErrorHandler.js": 1623676887497,
  "controller/BaseController.js": 1623676887497,
  "controller/BOQRequestList.controller.js": 1623676887497,
  "controller/BOQDetails.controller.js": 1623676887485,
  "controller/App.controller.js": 1623676887481,
  "Component.js": 1623676887481,
  "manifest-bundle.zip": 1624962144193,
  "Component-preload.js": 1624962144626,
  "controller/BOQDetails-dbg.controller.js": 1623676887485,
  "view/blocks/BOQDetails/sowForm/SOWForm-dbg.js": 1623676887537,
  "view/blocks/BOQDetails/sellerForm/SellerForm-dbg.js": 1623676887537,
  "view/blocks/BOQDetails/lineItemsForm/LineItemsForm-dbg.js": 1623676887537,
  "view/blocks/BOQDetails/buyerForm/BuyerForm-dbg.js": 1623676887537,
  "view/blocks/BOQDetails/boqItemsTable/BOQItemsTableController-dbg.controller.js": 1623676887537,
  "model/models-dbg.js": 1623676887525,
  "controller/ErrorHandler-dbg.js": 1623676887497,
  "controller/BaseController-dbg.js": 1623676887497,
  "controller/BOQRequestList-dbg.controller.js": 1623676887497,
  "i18n/i18n.properties": 1623676887505,
  "controller/App-dbg.controller.js": 1623676887481,
  "Component-dbg.js": 1623676887481,
  "resources.json": 1624962144722,
  "view/blocks/BOQDetails/sowForm/SOWForm.view.xml": 1623676887537,
  "view/blocks/BOQDetails/sellerForm/SellerForm.view.xml": 1623676887537,
  "view/blocks/BOQDetails/lineItemsForm/LineItemsForm.view.xml": 1623676887537,
  "view/blocks/BOQDetails/buyerForm/BuyerForm.view.xml": 1623676887537,
  "view/blocks/BOQDetails/boqItemsTable/BOQItemsTable.view.xml": 1624535953299,
  "view/fragments/common/lineItems.fragment.xml": 1623676887545,
  "view/fragments/BOQRequestList/FilterBar.fragment.xml": 1623676887541,
  "view/fragments/BOQRequestList/BOQRequestTable.fragment.xml": 1624535953299,
  "view/fragments/BOQDetails/BOQCommentGetter.fragment.xml": 1623676887541,
  "view/BOQRequestList.view.xml": 1623676887537,
  "view/BOQDetails.view.xml": 1624535953299,
  "view/App.view.xml": 1623676887537,
  "css/style.css": 1624535953299,
  "index.html": 1623933168169
}