{
  "controller/App.controller.js": 1625653755706,
  "i18n/i18n_en_GB.properties": 1622801157884,
  "i18n/i18n_en_US.properties": 1622801157884,
  "i18n/i18n.properties": 1625811050287,
  "i18n/i18n_en.properties": 1622801157884,
  "view/blocks/BOQDetails/boqItemsTable/blocks/BOQItemsTable.js": 1622628277289,
  "view/blocks/BOQDetails/sowForm/SOWForm.js": 1622546884625,
  "view/blocks/BOQDetails/sellerForm/SellerForm.js": 1622546884625,
  "view/blocks/BOQDetails/lineItemsForm/LineItemsForm.js": 1622546884625,
  "view/blocks/BOQDetails/buyerForm/BuyerForm.js": 1622546884625,
  "view/blocks/BOQDetails/boqItemsTable/BOQItemsTableController.controller.js": 1622628264909,
  "model/models.js": 1622546884621,
  "controller/ErrorHandler.js": 1622546884621,
  "controller/BaseController.js": 1622546884621,
  "controller/BOQRequestList.controller.js": 1625749939318,
  "controller/BOQDetails.controller.js": 1622801157884,
  "manifest.json": 1626288239984,
  "Component.js": 1622546884621,
  "manifest-bundle.zip": 1626288239619,
  "Component-preload.js": 1626288239913,
  "model/models-dbg.js": 1622546884621,
  "view/blocks/BOQDetails/sowForm/SOWForm-dbg.js": 1622546884625,
  "view/blocks/BOQDetails/sellerForm/SellerForm-dbg.js": 1622546884625,
  "view/blocks/BOQDetails/lineItemsForm/LineItemsForm-dbg.js": 1622546884625,
  "view/blocks/BOQDetails/buyerForm/BuyerForm-dbg.js": 1622546884625,
  "view/blocks/BOQDetails/boqItemsTable/BOQItemsTableController-dbg.controller.js": 1622628264909,
  "view/blocks/BOQDetails/boqItemsTable/blocks/BOQItemsTable-dbg.js": 1622628277289,
  "controller/ErrorHandler-dbg.js": 1622546884621,
  "controller/BaseController-dbg.js": 1622546884621,
  "controller/BOQRequestList-dbg.controller.js": 1625749939318,
  "controller/BOQDetails-dbg.controller.js": 1622801157884,
  "controller/App-dbg.controller.js": 1625653755706,
  "Component-dbg.js": 1622546884621,
  "resources.json": 1626288239988,
  "view/blocks/BOQDetails/sowForm/SOWForm.view.xml": 1624876712196,
  "view/blocks/BOQDetails/sellerForm/SellerForm.view.xml": 1622547103948,
  "view/blocks/BOQDetails/lineItemsForm/LineItemsForm.view.xml": 1622546884625,
  "view/blocks/BOQDetails/buyerForm/BuyerForm.view.xml": 1622801157884,
  "view/blocks/BOQDetails/boqItemsTable/BOQItemsTable.view.xml": 1624953701961,
  "view/fragments/common/lineItems.fragment.xml": 1622801157884,
  "view/fragments/BOQRequestList/FilterBar.fragment.xml": 1625749939318,
  "view/fragments/BOQRequestList/BOQRequestTable.fragment.xml": 1624953701961,
  "view/fragments/BOQDetails/BOQCommentGetter.fragment.xml": 1622546884625,
  "view/BOQRequestList.view.xml": 1622546884625,
  "view/BOQDetails.view.xml": 1625811050287,
  "view/App.view.xml": 1622546884625,
  "css/style.css": 1624953701961,
  "index.html": 1624876712196
}