{
  "view/fragments/BOQDetails/BOQCommentGetter.fragment.xml": 1622015956099,
  "i18n/i18n_en_GB.properties": 1622549834228,
  "i18n/i18n_en_US.properties": 1622549834228,
  "i18n/i18n.properties": 1622549834224,
  "view/blocks/BOQDetails/boqItemsTable/blocks/BOQItemsTable.js": 1622015956099,
  "manifest.json": 1622700419248,
  "view/blocks/BOQDetails/sowForm/SOWForm.js": 1621951898407,
  "view/blocks/BOQDetails/sellerForm/SellerForm.js": 1621951898407,
  "view/blocks/BOQDetails/lineItemsForm/LineItemsForm.js": 1621951898407,
  "view/blocks/BOQDetails/buyerForm/BuyerForm.js": 1621951898407,
  "view/blocks/BOQDetails/boqItemsTable/BOQItemsTableController.controller.js": 1622015956099,
  "model/models.js": 1621951898407,
  "controller/ErrorHandler.js": 1621951898407,
  "controller/BaseController.js": 1621951898407,
  "controller/BOQRequestList.controller.js": 1622699876930,
  "controller/BOQDetails.controller.js": 1622614170873,
  "controller/App.controller.js": 1621951898407,
  "Component.js": 1622611054914,
  "manifest-bundle.zip": 1622700418794,
  "Component-preload.js": 1622700419165,
  "controller/BOQDetails-dbg.controller.js": 1622614170873,
  "view/blocks/BOQDetails/sowForm/SOWForm-dbg.js": 1621951898407,
  "view/blocks/BOQDetails/sellerForm/SellerForm-dbg.js": 1621951898407,
  "view/blocks/BOQDetails/lineItemsForm/LineItemsForm-dbg.js": 1621951898407,
  "view/blocks/BOQDetails/buyerForm/BuyerForm-dbg.js": 1621951898407,
  "view/blocks/BOQDetails/boqItemsTable/BOQItemsTableController-dbg.controller.js": 1622015956099,
  "model/models-dbg.js": 1621951898407,
  "controller/ErrorHandler-dbg.js": 1621951898407,
  "controller/BaseController-dbg.js": 1621951898407,
  "controller/BOQRequestList-dbg.controller.js": 1622699876930,
  "view/blocks/BOQDetails/boqItemsTable/blocks/BOQItemsTable-dbg.js": 1622015956099,
  "controller/App-dbg.controller.js": 1621951898407,
  "Component-dbg.js": 1622611054914,
  "resources.json": 1622700419252,
  "view/blocks/BOQDetails/sowForm/SOWForm.view.xml": 1622015956099,
  "view/blocks/BOQDetails/sellerForm/SellerForm.view.xml": 1622442964288,
  "view/blocks/BOQDetails/lineItemsForm/LineItemsForm.view.xml": 1621951898407,
  "view/blocks/BOQDetails/buyerForm/BuyerForm.view.xml": 1622549834228,
  "view/blocks/BOQDetails/boqItemsTable/BOQItemsTable.view.xml": 1622442964288,
  "view/fragments/common/lineItems.fragment.xml": 1622549834244,
  "view/fragments/BOQRequestList/FilterBar.fragment.xml": 1622549834236,
  "view/fragments/BOQRequestList/BOQRequestTable.fragment.xml": 1622699876930,
  "i18n/i18n_en.properties": 1622549834228,
  "view/BOQRequestList.view.xml": 1622641373326,
  "view/BOQDetails.view.xml": 1622541548776,
  "view/App.view.xml": 1621951898407,
  "css/style.css": 1622442964288,
  "index.html": 1621951898407
}