{
  "controller/ErrorHandler.js": 1622015702413,
  "i18n/i18n_en_GB.properties": 1622552659389,
  "i18n/i18n_en.properties": 1622552659389,
  "i18n/i18n.properties": 1622552659389,
  "view/blocks/BOQDetails/sowForm/SOWForm.js": 1622015702417,
  "view/blocks/BOQDetails/boqItemsTable/blocks/BOQItemsTable.js": 1622099573754,
  "manifest.json": 1623052083448,
  "view/blocks/BOQDetails/sellerForm/SellerForm.js": 1622015702417,
  "view/blocks/BOQDetails/lineItemsForm/LineItemsForm.js": 1622015702417,
  "view/blocks/BOQDetails/buyerForm/BuyerForm.js": 1622015702417,
  "view/blocks/BOQDetails/boqItemsTable/BOQItemsTableController.controller.js": 1622099573754,
  "model/models.js": 1622015702417,
  "i18n/i18n_en_US.properties": 1622552659389,
  "controller/BaseController.js": 1622015702413,
  "controller/BOQRequestList.controller.js": 1622803024484,
  "controller/BOQDetails.controller.js": 1622717242355,
  "controller/App.controller.js": 1622015702413,
  "Component.js": 1622015702413,
  "manifest-bundle.zip": 1623052082991,
  "Component-preload.js": 1623052083330,
  "view/blocks/BOQDetails/lineItemsForm/LineItemsForm-dbg.js": 1622015702417,
  "view/blocks/BOQDetails/sowForm/SOWForm-dbg.js": 1622015702417,
  "view/blocks/BOQDetails/sellerForm/SellerForm-dbg.js": 1622015702417,
  "view/blocks/BOQDetails/boqItemsTable/blocks/BOQItemsTable-dbg.js": 1622099573754,
  "view/blocks/BOQDetails/buyerForm/BuyerForm-dbg.js": 1622015702417,
  "view/blocks/BOQDetails/boqItemsTable/BOQItemsTableController-dbg.controller.js": 1622099573754,
  "model/models-dbg.js": 1622015702417,
  "controller/ErrorHandler-dbg.js": 1622015702413,
  "controller/BaseController-dbg.js": 1622015702413,
  "controller/BOQRequestList-dbg.controller.js": 1622803024484,
  "controller/BOQDetails-dbg.controller.js": 1622717242355,
  "controller/App-dbg.controller.js": 1622015702413,
  "Component-dbg.js": 1622015702413,
  "resources.json": 1623052083453,
  "view/blocks/BOQDetails/sowForm/SOWForm.view.xml": 1622803810721,
  "view/blocks/BOQDetails/sellerForm/SellerForm.view.xml": 1622442133580,
  "view/blocks/BOQDetails/lineItemsForm/LineItemsForm.view.xml": 1622015702417,
  "view/blocks/BOQDetails/buyerForm/BuyerForm.view.xml": 1622552659389,
  "view/blocks/BOQDetails/boqItemsTable/BOQItemsTable.view.xml": 1622717242359,
  "view/fragments/common/lineItems.fragment.xml": 1622552659389,
  "view/fragments/BOQRequestList/FilterBar.fragment.xml": 1622552659389,
  "view/fragments/BOQRequestList/BOQRequestTable.fragment.xml": 1622660758887,
  "view/fragments/BOQDetails/BOQCommentGetter.fragment.xml": 1622099573758,
  "view/BOQRequestList.view.xml": 1622034953107,
  "view/BOQDetails.view.xml": 1622442133580,
  "view/App.view.xml": 1622015702417,
  "css/style.css": 1622442133576,
  "index.html": 1622015702413
}