{
  "manifest.json": 1622099106208,
  "view/blocks/BOQDetails/lineItemsForm/LineItemsForm.js": 1622015702417,
  "view/blocks/BOQDetails/boqItemsTable/blocks/BOQItemsTable.js": 1622015722618,
  "view/blocks/BOQDetails/sowForm/SOWForm.js": 1622015702417,
  "view/blocks/BOQDetails/sellerForm/SellerForm.js": 1622015702417,
  "i18n/i18n.properties": 1622034953103,
  "view/blocks/BOQDetails/buyerForm/BuyerForm.js": 1622015702417,
  "view/blocks/BOQDetails/boqItemsTable/BOQItemsTableController.controller.js": 1622015722614,
  "model/models.js": 1622015702417,
  "controller/ErrorHandler.js": 1622015702413,
  "controller/BaseController.js": 1622015702413,
  "controller/BOQRequestList.controller.js": 1622015722610,
  "controller/BOQDetails.controller.js": 1622015722610,
  "controller/App.controller.js": 1622015702413,
  "Component.js": 1622015702413,
  "manifest-bundle.zip": 1622099105777,
  "Component-preload.js": 1622099106135,
  "controller/BOQRequestList-dbg.controller.js": 1622015722610,
  "view/blocks/BOQDetails/sowForm/SOWForm-dbg.js": 1622015702417,
  "view/blocks/BOQDetails/sellerForm/SellerForm-dbg.js": 1622015702417,
  "view/blocks/BOQDetails/lineItemsForm/LineItemsForm-dbg.js": 1622015702417,
  "view/blocks/BOQDetails/buyerForm/BuyerForm-dbg.js": 1622015702417,
  "view/blocks/BOQDetails/boqItemsTable/BOQItemsTableController-dbg.controller.js": 1622015722614,
  "model/models-dbg.js": 1622015702417,
  "controller/ErrorHandler-dbg.js": 1622015702413,
  "controller/BaseController-dbg.js": 1622015702413,
  "view/blocks/BOQDetails/boqItemsTable/blocks/BOQItemsTable-dbg.js": 1622015722618,
  "controller/BOQDetails-dbg.controller.js": 1622015722610,
  "controller/App-dbg.controller.js": 1622015702413,
  "Component-dbg.js": 1622015702413,
  "resources.json": 1622099106212,
  "view/blocks/BOQDetails/sowForm/SOWForm.view.xml": 1622015722622,
  "view/blocks/BOQDetails/sellerForm/SellerForm.view.xml": 1622015722618,
  "view/blocks/BOQDetails/lineItemsForm/LineItemsForm.view.xml": 1622015702417,
  "view/blocks/BOQDetails/buyerForm/BuyerForm.view.xml": 1622015722618,
  "view/blocks/BOQDetails/boqItemsTable/BOQItemsTable.view.xml": 1622015722614,
  "view/fragments/common/lineItems.fragment.xml": 1622015702433,
  "view/fragments/BOQRequestList/FilterBar.fragment.xml": 1622015702417,
  "view/fragments/BOQRequestList/BOQRequestTable.fragment.xml": 1622034953107,
  "view/fragments/BOQDetails/BOQCommentGetter.fragment.xml": 1622015722622,
  "view/BOQRequestList.view.xml": 1622034953107,
  "view/BOQDetails.view.xml": 1622015722614,
  "view/App.view.xml": 1622015702417,
  "css/style.css": 1622015702413,
  "index.html": 1622015702413
}