{
  "view/blocks/BOQDetails/sellerForm/SellerForm.view.xml": 1622442133580,
  "i18n/i18n_en_GB.properties": 1623749066428,
  "i18n/i18n_en.properties": 1623749066428,
  "i18n/i18n_en_US.properties": 1623749066428,
  "controller/BaseController.js": 1622015702413,
  "view/blocks/BOQDetails/boqItemsTable/blocks/BOQItemsTable.js": 1623063479635,
  "view/blocks/BOQDetails/sowForm/SOWForm.js": 1622015702417,
  "view/blocks/BOQDetails/sellerForm/SellerForm.js": 1622015702417,
  "view/blocks/BOQDetails/lineItemsForm/LineItemsForm.js": 1622015702417,
  "view/blocks/BOQDetails/buyerForm/BuyerForm.js": 1622015702417,
  "view/blocks/BOQDetails/boqItemsTable/BOQItemsTableController.controller.js": 1623063479643,
  "model/models.js": 1622015702417,
  "controller/ErrorHandler.js": 1622015702413,
  "manifest.json": 1625735357598,
  "controller/BOQRequestList.controller.js": 1625237277221,
  "controller/BOQDetails.controller.js": 1623749066428,
  "controller/App.controller.js": 1622015702413,
  "Component.js": 1622015702413,
  "manifest-bundle.zip": 1625735357062,
  "Component-preload.js": 1625735357503,
  "controller/BOQDetails-dbg.controller.js": 1623749066428,
  "view/blocks/BOQDetails/sowForm/SOWForm-dbg.js": 1622015702417,
  "view/blocks/BOQDetails/sellerForm/SellerForm-dbg.js": 1622015702417,
  "view/blocks/BOQDetails/lineItemsForm/LineItemsForm-dbg.js": 1622015702417,
  "view/blocks/BOQDetails/buyerForm/BuyerForm-dbg.js": 1622015702417,
  "view/blocks/BOQDetails/boqItemsTable/BOQItemsTableController-dbg.controller.js": 1623063479643,
  "model/models-dbg.js": 1622015702417,
  "controller/ErrorHandler-dbg.js": 1622015702413,
  "controller/BaseController-dbg.js": 1622015702413,
  "controller/BOQRequestList-dbg.controller.js": 1625237277221,
  "view/blocks/BOQDetails/boqItemsTable/blocks/BOQItemsTable-dbg.js": 1623063479635,
  "controller/App-dbg.controller.js": 1622015702413,
  "Component-dbg.js": 1622015702413,
  "resources.json": 1625735357603,
  "view/blocks/BOQDetails/sowForm/SOWForm.view.xml": 1623749066432,
  "i18n/i18n.properties": 1623749066428,
  "view/blocks/BOQDetails/lineItemsForm/LineItemsForm.view.xml": 1622015702417,
  "view/blocks/BOQDetails/buyerForm/BuyerForm.view.xml": 1623749066432,
  "view/blocks/BOQDetails/boqItemsTable/BOQItemsTable.view.xml": 1624517550009,
  "view/fragments/common/lineItems.fragment.xml": 1623749066432,
  "view/fragments/BOQRequestList/FilterBar.fragment.xml": 1625237277221,
  "view/fragments/BOQRequestList/BOQRequestTable.fragment.xml": 1624517550013,
  "view/fragments/BOQDetails/BOQCommentGetter.fragment.xml": 1622099573758,
  "view/BOQRequestList.view.xml": 1623063479615,
  "view/BOQDetails.view.xml": 1624517550009,
  "view/App.view.xml": 1622015702417,
  "css/style.css": 1624517550009,
  "index.html": 1623954338917
}