{
  "manifest-bundle.zip": 1637662117043,
  "i18n/i18n_en_GB.properties": 1625047563333,
  "i18n/i18n_en.properties": 1625047563333,
  "i18n/i18n_en_US.properties": 1625047563333,
  "view/blocks/BOQDetails/boqItemsTable/blocks/BOQItemsTable.js": 1625047563337,
  "manifest.json": 1637662118094,
  "view/blocks/BOQDetails/sowForm/SOWForm.js": 1625047563337,
  "view/blocks/BOQDetails/sellerForm/SellerForm.js": 1625047563337,
  "view/blocks/BOQDetails/lineItemsForm/LineItemsForm.js": 1625047563337,
  "view/blocks/BOQDetails/buyerForm/BuyerForm.js": 1625047563337,
  "view/blocks/BOQDetails/boqItemsTable/BOQItemsTableController.controller.js": 1625047563337,
  "model/models.js": 1625047563337,
  "controller/ErrorHandler.js": 1625047563333,
  "controller/BaseController.js": 1625047563333,
  "controller/BOQRequestList.controller.js": 1629355614567,
  "controller/BOQDetails.controller.js": 1630928449717,
  "controller/App.controller.js": 1625047563333,
  "Component.js": 1625047563333,
  "i18n/i18n.properties": 1625811055647,
  "Component-preload.js": 1637662117783,
  "view/blocks/BOQDetails/boqItemsTable/blocks/BOQItemsTable-dbg.js": 1625047563337,
  "view/blocks/BOQDetails/sowForm/SOWForm-dbg.js": 1625047563337,
  "view/blocks/BOQDetails/sellerForm/SellerForm-dbg.js": 1625047563337,
  "view/blocks/BOQDetails/lineItemsForm/LineItemsForm-dbg.js": 1625047563337,
  "view/blocks/BOQDetails/buyerForm/BuyerForm-dbg.js": 1625047563337,
  "view/blocks/BOQDetails/boqItemsTable/BOQItemsTableController-dbg.controller.js": 1625047563337,
  "model/models-dbg.js": 1625047563337,
  "controller/ErrorHandler-dbg.js": 1625047563333,
  "controller/BaseController-dbg.js": 1625047563333,
  "controller/BOQRequestList-dbg.controller.js": 1629355614567,
  "controller/BOQDetails-dbg.controller.js": 1630928449717,
  "controller/App-dbg.controller.js": 1625047563333,
  "Component-dbg.js": 1625047563333,
  "resources.json": 1637662118101,
  "view/blocks/BOQDetails/sowForm/SOWForm.view.xml": 1625047563337,
  "view/blocks/BOQDetails/sellerForm/SellerForm.view.xml": 1629372071009,
  "view/blocks/BOQDetails/lineItemsForm/LineItemsForm.view.xml": 1625047563337,
  "view/blocks/BOQDetails/buyerForm/BuyerForm.view.xml": 1630928449717,
  "view/blocks/BOQDetails/boqItemsTable/BOQItemsTable.view.xml": 1636619146155,
  "view/fragments/common/lineItems.fragment.xml": 1627537699506,
  "view/fragments/BOQRequestList/FilterBar.fragment.xml": 1627657818769,
  "view/fragments/BOQRequestList/BOQRequestTable.fragment.xml": 1629355614567,
  "view/fragments/BOQDetails/BOQCommentGetter.fragment.xml": 1625047563341,
  "view/BOQRequestList.view.xml": 1625047563337,
  "view/BOQDetails.view.xml": 1635255087613,
  "view/App.view.xml": 1625047563337,
  "css/style.css": 1625047563333,
  "index.html": 1625047563337
}