{
  "manifest-bundle.zip": 1623996230007,
  "model/models.js": 1617171552051,
  "manifest.json": 1623996230163,
  "controller/LandingPage.controller.js": 1617171552047,
  "Component.js": 1617171552047,
  "i18n/i18n.properties": 1617171552047,
  "Component-preload.js": 1623996230132,
  "controller/LandingPage-dbg.controller.js": 1617171552047,
  "model/models-dbg.js": 1617171552051,
  "Component-dbg.js": 1617171552047,
  "resources.json": 1623996230167,
  "view/LandingPage.view.xml": 1617171552051,
  "css/style.css": 1617171552047,
  "index.html": 1617171552047
}