{
  "Component.js": 1617032536472,
  "i18n/i18n.properties": 1617032536472,
  "model/models.js": 1617032536472,
  "controller/LandingPage.controller.js": 1617032536472,
  "manifest.json": 1619418358433,
  "manifest-bundle.zip": 1619418358247,
  "Component-preload.js": 1619418358409,
  "Component-dbg.js": 1617032536472,
  "controller/LandingPage-dbg.controller.js": 1617032536472,
  "model/models-dbg.js": 1617032536472,
  "resources.json": 1619418358436,
  "view/LandingPage.view.xml": 1617032536472,
  "css/style.css": 1617032536472,
  "index.html": 1617032536472
}