{
  "Component-dbg.js": 1617171552047,
  "Component.js": 1617171552047,
  "model/models.js": 1617171552051,
  "controller/LandingPage.controller.js": 1617171552047,
  "manifest.json": 1623923642213,
  "manifest-bundle.zip": 1623923642064,
  "Component-preload.js": 1623923642183,
  "i18n/i18n.properties": 1617171552047,
  "controller/LandingPage-dbg.controller.js": 1617171552047,
  "model/models-dbg.js": 1617171552051,
  "resources.json": 1623923642216,
  "view/LandingPage.view.xml": 1617171552051,
  "css/style.css": 1617171552047,
  "index.html": 1617171552047
}