{
  "Component-dbg.js": 1617171552047,
  "controller/LandingPage.controller.js": 1617171552047,
  "model/models.js": 1617171552051,
  "manifest.json": 1625735249935,
  "Component.js": 1617171552047,
  "manifest-bundle.zip": 1625735249779,
  "Component-preload.js": 1625735249902,
  "model/models-dbg.js": 1617171552051,
  "controller/LandingPage-dbg.controller.js": 1617171552047,
  "i18n/i18n.properties": 1617171552047,
  "resources.json": 1625735249938,
  "view/LandingPage.view.xml": 1617171552051,
  "css/style.css": 1617171552047,
  "index.html": 1617171552047
}