{
  "model/models-dbg.js": 1617171552051,
  "controller/LandingPage.controller.js": 1617171552047,
  "model/models.js": 1617171552051,
  "manifest.json": 1622657243255,
  "Component.js": 1617171552047,
  "manifest-bundle.zip": 1622657243120,
  "Component-preload.js": 1622657243230,
  "i18n/i18n.properties": 1617171552047,
  "controller/LandingPage-dbg.controller.js": 1617171552047,
  "Component-dbg.js": 1617171552047,
  "resources.json": 1622657243258,
  "view/LandingPage.view.xml": 1617171552051,
  "css/style.css": 1617171552047,
  "index.html": 1617171552047
}