{
  "css/style.css": 1617171552047,
  "model/models.js": 1617171552051,
  "manifest.json": 1625767854145,
  "controller/LandingPage.controller.js": 1617171552047,
  "Component.js": 1617171552047,
  "manifest-bundle.zip": 1625767853984,
  "Component-preload.js": 1625767854114,
  "controller/LandingPage-dbg.controller.js": 1617171552047,
  "model/models-dbg.js": 1617171552051,
  "Component-dbg.js": 1617171552047,
  "resources.json": 1625767854148,
  "view/LandingPage.view.xml": 1617171552051,
  "i18n/i18n.properties": 1617171552047,
  "index.html": 1617171552047
}