{
  "resources.json": 1622660921943,
  "manifest.json": 1622660921941,
  "model/models.js": 1617171552051,
  "controller/LandingPage.controller.js": 1617171552047,
  "Component.js": 1617171552047,
  "manifest-bundle.zip": 1622660921803,
  "Component-preload.js": 1622660921915,
  "model/models-dbg.js": 1617171552051,
  "controller/LandingPage-dbg.controller.js": 1617171552047,
  "Component-dbg.js": 1617171552047,
  "i18n/i18n.properties": 1617171552047,
  "view/LandingPage.view.xml": 1617171552051,
  "css/style.css": 1617171552047,
  "index.html": 1617171552047
}