{
  "css/style.css": 1617171552047,
  "controller/LandingPage.controller.js": 1617171552047,
  "model/models.js": 1617171552051,
  "manifest.json": 1617199317867,
  "Component.js": 1617171552047,
  "manifest-bundle.zip": 1617199317666,
  "Component-preload.js": 1617199317840,
  "model/models-dbg.js": 1617171552051,
  "controller/LandingPage-dbg.controller.js": 1617171552047,
  "Component-dbg.js": 1617171552047,
  "resources.json": 1617199317871,
  "view/LandingPage.view.xml": 1617171552051,
  "i18n/i18n.properties": 1617171552047,
  "index.html": 1617171552047
}