{
  "manifest-bundle.zip": 1623940900570,
  "Component.js": 1617171552047,
  "model/models.js": 1617171552051,
  "controller/LandingPage.controller.js": 1617171552047,
  "manifest.json": 1623940900761,
  "i18n/i18n.properties": 1617171552047,
  "Component-preload.js": 1623940900731,
  "model/models-dbg.js": 1617171552051,
  "controller/LandingPage-dbg.controller.js": 1617171552047,
  "Component-dbg.js": 1617171552047,
  "resources.json": 1623940900764,
  "view/LandingPage.view.xml": 1617171552051,
  "css/style.css": 1617171552047,
  "index.html": 1617171552047
}