{
  "model/models-dbg.js": 1617171552051,
  "model/models.js": 1617171552051,
  "manifest.json": 1617973343410,
  "controller/LandingPage.controller.js": 1617171552047,
  "Component.js": 1617171552047,
  "manifest-bundle.zip": 1617973343132,
  "Component-preload.js": 1617973343376,
  "Component-dbg.js": 1617171552047,
  "controller/LandingPage-dbg.controller.js": 1617171552047,
  "i18n/i18n.properties": 1617171552047,
  "resources.json": 1617973343414,
  "view/LandingPage.view.xml": 1617171552051,
  "css/style.css": 1617171552047,
  "index.html": 1617171552047
}