{
  "view/LandingPage.view.xml": 1617171552051,
  "controller/LandingPage.controller.js": 1617171552047,
  "model/models.js": 1617171552051,
  "manifest.json": 1624954651090,
  "Component.js": 1617171552047,
  "manifest-bundle.zip": 1624954650872,
  "Component-preload.js": 1624954651043,
  "Component-dbg.js": 1617171552047,
  "controller/LandingPage-dbg.controller.js": 1617171552047,
  "model/models-dbg.js": 1617171552051,
  "resources.json": 1624954651094,
  "i18n/i18n.properties": 1617171552047,
  "css/style.css": 1617171552047,
  "index.html": 1617171552047
}