{
  "controller/LandingPage.controller.js": 1617171552047,
  "model/models.js": 1617171552051,
  "manifest.json": 1623961993879,
  "i18n/i18n.properties": 1617171552047,
  "Component.js": 1617171552047,
  "manifest-bundle.zip": 1623961993639,
  "Component-preload.js": 1623961993845,
  "Component-dbg.js": 1617171552047,
  "controller/LandingPage-dbg.controller.js": 1617171552047,
  "model/models-dbg.js": 1617171552051,
  "resources.json": 1623961993882,
  "view/LandingPage.view.xml": 1617171552051,
  "css/style.css": 1617171552047,
  "index.html": 1617171552047
}