{
  "controller/LandingPage.controller.js": 1617032536472,
  "model/models.js": 1617032536472,
  "manifest.json": 1625579099471,
  "i18n/i18n.properties": 1617032536472,
  "Component.js": 1617032536472,
  "manifest-bundle.zip": 1625579099257,
  "Component-preload.js": 1625579099441,
  "model/models-dbg.js": 1617032536472,
  "controller/LandingPage-dbg.controller.js": 1617032536472,
  "Component-dbg.js": 1617032536472,
  "resources.json": 1625579099473,
  "view/LandingPage.view.xml": 1617032536472,
  "css/style.css": 1617032536472,
  "index.html": 1617032536472
}