{
  "Component.js": 1625574746204,
  "model/models.js": 1625574746204,
  "manifest.json": 1625648334281,
  "controller/MapView.controller.js": 1625574746204,
  "i18n/i18n.properties": 1625574746204,
  "manifest-bundle.zip": 1625648334082,
  "Component-preload.js": 1625648334245,
  "Component-dbg.js": 1625574746204,
  "controller/MapView-dbg.controller.js": 1625574746204,
  "model/models-dbg.js": 1625574746204,
  "view/MapView.view.xml": 1625574746204,
  "css/style.css": 1625574746204,
  "index.html": 1625574746204
}