{
  "controller/MapView.controller.js": 1626347576915,
  "controller/ErrorHandler.js": 1626087354935,
  "utils/formatter.js": 1626087354939,
  "model/models.js": 1625488934615,
  "i18n/i18n.properties": 1626087354939,
  "manifest.json": 1626413292948,
  "controller/BaseController.js": 1626087354935,
  "controller/App.controller.js": 1626087354935,
  "Component.js": 1626087354935,
  "manifest-bundle.zip": 1626413292579,
  "Component-preload.js": 1626413292862,
  "model/models-dbg.js": 1625488934615,
  "utils/formatter-dbg.js": 1626087354939,
  "controller/MapView-dbg.controller.js": 1626347576915,
  "controller/ErrorHandler-dbg.js": 1626087354935,
  "controller/BaseController-dbg.js": 1626087354935,
  "controller/App-dbg.controller.js": 1626087354935,
  "Component-dbg.js": 1626087354935,
  "view/MapView.view.xml": 1626087354939,
  "view/App.view.xml": 1626087354939,
  "css/style.css": 1625488934611,
  "index.html": 1625488934611
}