{
  "utils/formatter-dbg.js": 1626183730183,
  "controller/BaseController.js": 1626183730183,
  "utils/formatter.js": 1626183730183,
  "model/models.js": 1626183718299,
  "controller/MapView.controller.js": 1627658527185,
  "controller/ErrorHandler.js": 1626183730183,
  "manifest.json": 1627994484958,
  "controller/App.controller.js": 1626183730183,
  "Component.js": 1626183730183,
  "manifest-bundle.zip": 1627994484598,
  "Component-preload.js": 1627994484874,
  "controller/BaseController-dbg.js": 1626183730183,
  "model/models-dbg.js": 1626183718299,
  "controller/MapView-dbg.controller.js": 1627658527185,
  "controller/ErrorHandler-dbg.js": 1626183730183,
  "i18n/i18n.properties": 1626183730183,
  "controller/App-dbg.controller.js": 1626183730183,
  "Component-dbg.js": 1626183730183,
  "view/MapView.view.xml": 1627658527185,
  "view/App.view.xml": 1626183730183,
  "css/style.css": 1626183718299,
  "index.html": 1626183718299
}