{
  "css/style.css": 1625488934611,
  "Component.js": 1625488934611,
  "model/models.js": 1625488934615,
  "controller/MapView.controller.js": 1625488934611,
  "manifest.json": 1625514979876,
  "manifest-bundle.zip": 1625514979705,
  "Component-preload.js": 1625514979848,
  "controller/MapView-dbg.controller.js": 1625488934611,
  "model/models-dbg.js": 1625488934615,
  "Component-dbg.js": 1625488934611,
  "view/MapView.view.xml": 1625488934615,
  "i18n/i18n.properties": 1625488934611,
  "index.html": 1625488934611
}