{
  "controller/App.controller.js": 1627536961809,
  "controller/MapView.controller.js": 1630928449717,
  "utils/formatter.js": 1627536961809,
  "model/models.js": 1625574746204,
  "manifest.json": 1632228428778,
  "controller/ErrorHandler.js": 1627536961809,
  "controller/BaseController.js": 1627536961809,
  "i18n/i18n.properties": 1627536961809,
  "Component.js": 1627536961809,
  "manifest-bundle.zip": 1632228428273,
  "Component-preload.js": 1632228428659,
  "utils/formatter-dbg.js": 1627536961809,
  "model/models-dbg.js": 1625574746204,
  "controller/MapView-dbg.controller.js": 1630928449717,
  "controller/ErrorHandler-dbg.js": 1627536961809,
  "controller/BaseController-dbg.js": 1627536961809,
  "controller/App-dbg.controller.js": 1627536961809,
  "Component-dbg.js": 1627536961809,
  "view/MapView.view.xml": 1627537699506,
  "view/App.view.xml": 1627536961809,
  "css/style.css": 1625574746204,
  "index.html": 1625574746204
}