{
  "index.html": 1625749939318,
  "utils/formatter.js": 1625842592037,
  "manifest.json": 1626288291331,
  "model/models.js": 1625749939318,
  "controller/MapView.controller.js": 1625842592037,
  "controller/ErrorHandler.js": 1625842592037,
  "controller/BaseController.js": 1625842592037,
  "controller/App.controller.js": 1625842592037,
  "Component.js": 1625842592037,
  "manifest-bundle.zip": 1626288290978,
  "Component-preload.js": 1626288291255,
  "Component-dbg.js": 1625842592037,
  "model/models-dbg.js": 1625749939318,
  "controller/MapView-dbg.controller.js": 1625842592037,
  "controller/ErrorHandler-dbg.js": 1625842592037,
  "controller/BaseController-dbg.js": 1625842592037,
  "controller/App-dbg.controller.js": 1625842592037,
  "utils/formatter-dbg.js": 1625842592037,
  "view/MapView.view.xml": 1625842592037,
  "view/App.view.xml": 1625842592037,
  "css/style.css": 1625749939318,
  "i18n/i18n.properties": 1625842592037
}