{
  "manifest-bundle.zip": 1625767511103,
  "manifest.json": 1625767511253,
  "model/models.js": 1625731850781,
  "controller/MapView.controller.js": 1625731850781,
  "Component.js": 1625731850781,
  "i18n/i18n.properties": 1625731850781,
  "Component-preload.js": 1625767511219,
  "model/models-dbg.js": 1625731850781,
  "controller/MapView-dbg.controller.js": 1625731850781,
  "Component-dbg.js": 1625731850781,
  "view/MapView.view.xml": 1625731850781,
  "css/style.css": 1625731850781,
  "index.html": 1625731850781
}