{
  "controller/App-dbg.controller.js": 1625574757832,
  "Component.js": 1625578216549,
  "utils/formatter.js": 1625574757832,
  "model/models.js": 1625574716364,
  "controller/MapView.controller.js": 1625574757832,
  "controller/ErrorHandler.js": 1625574757832,
  "controller/BaseController.js": 1625574757832,
  "controller/App.controller.js": 1625574757832,
  "manifest.json": 1625579235254,
  "manifest-bundle.zip": 1625579234910,
  "Component-preload.js": 1625579235173,
  "model/models-dbg.js": 1625574716364,
  "utils/formatter-dbg.js": 1625574757832,
  "controller/MapView-dbg.controller.js": 1625574757832,
  "controller/ErrorHandler-dbg.js": 1625574757832,
  "controller/BaseController-dbg.js": 1625574757832,
  "i18n/i18n.properties": 1625574757832,
  "Component-dbg.js": 1625578216549,
  "view/MapView.view.xml": 1625574757832,
  "view/App.view.xml": 1625574757832,
  "css/style.css": 1625574716364,
  "index.html": 1625574716364
}