{
  "Component-dbg.js": 1625842399120,
  "controller/MapView.controller.js": 1625842399120,
  "utils/formatter.js": 1625842399120,
  "model/models.js": 1625574746204,
  "manifest.json": 1626264942157,
  "controller/ErrorHandler.js": 1625842399120,
  "controller/BaseController.js": 1625842399120,
  "controller/App.controller.js": 1625842399120,
  "Component.js": 1625842399120,
  "manifest-bundle.zip": 1626264941813,
  "Component-preload.js": 1626264942081,
  "utils/formatter-dbg.js": 1625842399120,
  "model/models-dbg.js": 1625574746204,
  "controller/MapView-dbg.controller.js": 1625842399120,
  "controller/ErrorHandler-dbg.js": 1625842399120,
  "controller/BaseController-dbg.js": 1625842399120,
  "controller/App-dbg.controller.js": 1625842399120,
  "i18n/i18n.properties": 1625842399120,
  "view/MapView.view.xml": 1625842399120,
  "view/App.view.xml": 1625842399120,
  "css/style.css": 1625574746204,
  "index.html": 1625574746204
}