{
    "resources": [
        {
            "name": "../securityinternationalimport/controller/BaseController-dbg.js",
            "isDebug": true
        },
        {
            "name": "../securityinternationalimport/i18n/i18n_en_US.properties",
            "raw": "i18n/i18n.properties",
            "locale": "_en_US"
        },
        {
            "name": "../securityinternationalimport/i18n/i18n_en.properties",
            "raw": "i18n/i18n.properties",
            "locale": "_en"
        },
        {
            "name": "../securityinternationalimport/i18n/i18n.properties",
            "raw": "i18n/i18n.properties"
        },
        {
            "name": "../securityinternationalimport/controller/ErrorHandler.js"
        },
        {
            "name": "../securityinternationalimport/model/models.js"
        },
        {
            "name": "../securityinternationalimport/controller/Main.controller.js"
        },
        {
            "name": "../securityinternationalimport/manifest.json"
        },
        {
            "name": "../securityinternationalimport/controller/BaseController.js"
        },
        {
            "name": "../securityinternationalimport/controller/App.controller.js"
        },
        {
            "name": "../securityinternationalimport/Component.js"
        },
        {
            "name": "../securityinternationalimport/manifest-bundle.zip"
        },
        {
            "name": "../securityinternationalimport/Component-preload.js",
            "merged": true
        },
        {
            "name": "../securityinternationalimport/i18n/i18n_en_GB.properties",
            "raw": "i18n/i18n.properties",
            "locale": "_en_GB"
        },
        {
            "name": "../securityinternationalimport/controller/Main-dbg.controller.js",
            "isDebug": true
        },
        {
            "name": "../securityinternationalimport/controller/ErrorHandler-dbg.js",
            "isDebug": true
        },
        {
            "name": "../securityinternationalimport/model/models-dbg.js",
            "isDebug": true
        },
        {
            "name": "../securityinternationalimport/controller/App-dbg.controller.js",
            "isDebug": true
        },
        {
            "name": "../securityinternationalimport/Component-dbg.js",
            "isDebug": true
        },
        {
            "name": "../../../../sap-ui-version.json"
        },
        {
            "name": "../securityinternationalimport/view/Main.view.xml"
        },
        {
            "name": "../securityinternationalimport/view/App.view.xml"
        },
        {
            "name": "../securityinternationalimport/css/style.css"
        },
        {
            "name": "../securityinternationalimport/index.html"
        }
    ]
}