{
    "resources": [
        {
            "name": "../storeinchargetotaldetails/controller/BaseController-dbg.js",
            "isDebug": true
        },
        {
            "name": "../storeinchargetotaldetails/i18n/i18n_en_GB.properties",
            "raw": "i18n/i18n.properties",
            "locale": "_en_GB"
        },
        {
            "name": "../storeinchargetotaldetails/i18n/i18n_en.properties",
            "raw": "i18n/i18n.properties",
            "locale": "_en"
        },
        {
            "name": "../storeinchargetotaldetails/i18n/i18n_en_US.properties",
            "raw": "i18n/i18n.properties",
            "locale": "_en_US"
        },
        {
            "name": "../storeinchargetotaldetails/model/models.js"
        },
        {
            "name": "../storeinchargetotaldetails/view/blocks/LandingPage/sowForm/SOWForm.js"
        },
        {
            "name": "../storeinchargetotaldetails/view/blocks/LandingPage/sellerForm/SellerForm.js"
        },
        {
            "name": "../storeinchargetotaldetails/view/blocks/LandingPage/packingItemsForm/PackingItemsForm.js"
        },
        {
            "name": "../storeinchargetotaldetails/view/blocks/LandingPage/packingItemsListForm/PackingListItemsForm.js"
        },
        {
            "name": "../storeinchargetotaldetails/view/blocks/LandingPage/lineItemsForm/LineItemsForm.js"
        },
        {
            "name": "../storeinchargetotaldetails/view/blocks/LandingPage/buyerForm/BuyerForm.js"
        },
        {
            "name": "../storeinchargetotaldetails/manifest.json"
        },
        {
            "name": "../storeinchargetotaldetails/controller/NotFound.controller.js"
        },
        {
            "name": "../storeinchargetotaldetails/controller/LandingPage.controller.js"
        },
        {
            "name": "../storeinchargetotaldetails/controller/ErrorHandler.js"
        },
        {
            "name": "../storeinchargetotaldetails/controller/BaseController.js"
        },
        {
            "name": "../storeinchargetotaldetails/controller/App.controller.js"
        },
        {
            "name": "../storeinchargetotaldetails/Component.js"
        },
        {
            "name": "../storeinchargetotaldetails/manifest-bundle.zip"
        },
        {
            "name": "../storeinchargetotaldetails/Component-preload.js",
            "merged": true
        },
        {
            "name": "../storeinchargetotaldetails/view/blocks/LandingPage/sellerForm/SellerForm-dbg.js",
            "isDebug": true
        },
        {
            "name": "../storeinchargetotaldetails/view/blocks/LandingPage/sowForm/SOWForm-dbg.js",
            "isDebug": true
        },
        {
            "name": "../storeinchargetotaldetails/view/blocks/LandingPage/packingItemsListForm/PackingListItemsForm-dbg.js",
            "isDebug": true
        },
        {
            "name": "../storeinchargetotaldetails/view/blocks/LandingPage/packingItemsForm/PackingItemsForm-dbg.js",
            "isDebug": true
        },
        {
            "name": "../storeinchargetotaldetails/view/blocks/LandingPage/lineItemsForm/LineItemsForm-dbg.js",
            "isDebug": true
        },
        {
            "name": "../storeinchargetotaldetails/view/blocks/LandingPage/buyerForm/BuyerForm-dbg.js",
            "isDebug": true
        },
        {
            "name": "../storeinchargetotaldetails/model/models-dbg.js",
            "isDebug": true
        },
        {
            "name": "../storeinchargetotaldetails/controller/NotFound-dbg.controller.js",
            "isDebug": true
        },
        {
            "name": "../storeinchargetotaldetails/controller/LandingPage-dbg.controller.js",
            "isDebug": true
        },
        {
            "name": "../storeinchargetotaldetails/controller/ErrorHandler-dbg.js",
            "isDebug": true
        },
        {
            "name": "../storeinchargetotaldetails/i18n/i18n.properties",
            "raw": "i18n/i18n.properties"
        },
        {
            "name": "../storeinchargetotaldetails/controller/App-dbg.controller.js",
            "isDebug": true
        },
        {
            "name": "../storeinchargetotaldetails/Component-dbg.js",
            "isDebug": true
        },
        {
            "name": "../../../../sap-ui-version.json"
        },
        {
            "name": "../storeinchargetotaldetails/view/blocks/LandingPage/sowForm/SOWForm.view.xml"
        },
        {
            "name": "../storeinchargetotaldetails/view/blocks/LandingPage/sellerForm/SellerForm.view.xml"
        },
        {
            "name": "../storeinchargetotaldetails/view/blocks/LandingPage/packingItemsListForm/PackingListItemsForm.view.xml"
        },
        {
            "name": "../storeinchargetotaldetails/view/blocks/LandingPage/packingItemsForm/PackingItemsForm.view.xml"
        },
        {
            "name": "../storeinchargetotaldetails/view/blocks/LandingPage/lineItemsForm/LineItemsForm.view.xml"
        },
        {
            "name": "../storeinchargetotaldetails/view/blocks/LandingPage/buyerForm/BuyerForm.view.xml"
        },
        {
            "name": "../storeinchargetotaldetails/view/fragments/common/lineItems.fragment.xml"
        },
        {
            "name": "../storeinchargetotaldetails/view/NotFound.view.xml"
        },
        {
            "name": "../storeinchargetotaldetails/view/LandingPage.view.xml"
        },
        {
            "name": "../storeinchargetotaldetails/view/App.view.xml"
        },
        {
            "name": "../storeinchargetotaldetails/css/style.css"
        },
        {
            "name": "../storeinchargetotaldetails/index.html"
        }
    ]
}