{
  "controller/TCEngDetail.controller.js": 1627995846346,
  "i18n/i18n_en_GB.properties": 1623749249292,
  "i18n/i18n_en.properties": 1623749249292,
  "i18n/i18n_en_US.properties": 1623749249292,
  "controller/App.controller.js": 1623749249292,
  "view/blocks/BOQDetails/boqItemsTable/blocks/BOQItemsTable.js": 1623749249308,
  "view/blocks/BOQDetails/sowForm/SOWForm.js": 1623749249308,
  "view/blocks/BOQDetails/sellerForm/SellerForm.js": 1623749249308,
  "view/blocks/BOQDetails/lineItemsForm/LineItemsForm.js": 1623749249308,
  "view/blocks/BOQDetails/buyerForm/BuyerForm.js": 1623749249308,
  "view/blocks/BOQDetails/boqItemsTable/BOQItemsTableController.controller.js": 1623749249308,
  "model/models.js": 1623749249296,
  "i18n/i18n.properties": 1628001907060,
  "controller/LandingPage.controller.js": 1626183718219,
  "controller/ErrorHandler.js": 1628012186242,
  "controller/BaseController.js": 1627995846346,
  "manifest.json": 1628012870223,
  "Component.js": 1628012810752,
  "manifest-bundle.zip": 1628012869779,
  "Component-preload.js": 1628012870110,
  "controller/App-dbg.controller.js": 1623749249292,
  "view/blocks/BOQDetails/sowForm/SOWForm-dbg.js": 1623749249308,
  "view/blocks/BOQDetails/sellerForm/SellerForm-dbg.js": 1623749249308,
  "view/blocks/BOQDetails/lineItemsForm/LineItemsForm-dbg.js": 1623749249308,
  "view/blocks/BOQDetails/buyerForm/BuyerForm-dbg.js": 1623749249308,
  "view/blocks/BOQDetails/boqItemsTable/BOQItemsTableController-dbg.controller.js": 1623749249308,
  "model/models-dbg.js": 1623749249296,
  "controller/TCEngDetail-dbg.controller.js": 1627995846346,
  "controller/LandingPage-dbg.controller.js": 1626183718219,
  "controller/ErrorHandler-dbg.js": 1628012186242,
  "controller/BaseController-dbg.js": 1627995846346,
  "view/blocks/BOQDetails/boqItemsTable/blocks/BOQItemsTable-dbg.js": 1623749249308,
  "Component-dbg.js": 1628012810752,
  "resources.json": 1628012870230,
  "view/blocks/BOQDetails/sowForm/LandingPage/TCEngRequestTable.fragment.xml": 1623749249308,
  "view/blocks/BOQDetails/sowForm/LandingPage/FilterBar.fragment.xml": 1623749249308,
  "view/blocks/BOQDetails/sowForm/SOWForm.view.xml": 1623749249308,
  "view/blocks/BOQDetails/sellerForm/SellerForm.view.xml": 1624954492022,
  "view/blocks/BOQDetails/lineItemsForm/LineItemsForm.view.xml": 1623749249308,
  "view/blocks/BOQDetails/buyerForm/BuyerForm.view.xml": 1624954492022,
  "view/blocks/BOQDetails/boqItemsTable/BOQItemsTable.view.xml": 1626183718219,
  "view/fragments/common/lineItems.fragment.xml": 1626183718219,
  "view/fragments/LandingPage/TCEngRequestTable.fragment.xml": 1628001897392,
  "view/fragments/LandingPage/FilterBar.fragment.xml": 1626183718219,
  "view/fragments/BOQDetails/BOQCommentGetter.fragment.xml": 1624394311439,
  "view/TCEngDetail.view.xml": 1627995846346,
  "view/LandingPage.view.xml": 1628002837175,
  "view/App.view.xml": 1623749249308,
  "css/style.css": 1624394311439,
  "index.html": 1623749249292
}