{
  "i18n/i18n_en_GB.properties": 1623749249292,
  "i18n/i18n_en_US.properties": 1623749249292,
  "i18n/i18n_en.properties": 1623749249292,
  "i18n/i18n.properties": 1623749249292,
  "model/models.js": 1623749249296,
  "view/blocks/BOQDetails/boqItemsTable/blocks/BOQItemsTable.js": 1623749249308,
  "view/blocks/BOQDetails/sowForm/SOWForm.js": 1623749249308,
  "view/blocks/BOQDetails/sellerForm/SellerForm.js": 1623749249308,
  "view/blocks/BOQDetails/lineItemsForm/LineItemsForm.js": 1623749249308,
  "view/blocks/BOQDetails/buyerForm/BuyerForm.js": 1623749249308,
  "view/blocks/BOQDetails/boqItemsTable/BOQItemsTableController.controller.js": 1623749249308,
  "manifest.json": 1623923749511,
  "controller/TCEngDetail.controller.js": 1623749249292,
  "controller/LandingPage.controller.js": 1623749249292,
  "controller/BaseController.js": 1623749249292,
  "controller/App.controller.js": 1623749249292,
  "Component.js": 1623749249292,
  "manifest-bundle.zip": 1623923748969,
  "Component-preload.js": 1623923749417,
  "view/blocks/BOQDetails/lineItemsForm/LineItemsForm-dbg.js": 1623749249308,
  "view/blocks/BOQDetails/sowForm/SOWForm-dbg.js": 1623749249308,
  "view/blocks/BOQDetails/sellerForm/SellerForm-dbg.js": 1623749249308,
  "view/blocks/BOQDetails/boqItemsTable/blocks/BOQItemsTable-dbg.js": 1623749249308,
  "view/blocks/BOQDetails/buyerForm/BuyerForm-dbg.js": 1623749249308,
  "view/blocks/BOQDetails/boqItemsTable/BOQItemsTableController-dbg.controller.js": 1623749249308,
  "model/models-dbg.js": 1623749249296,
  "controller/TCEngDetail-dbg.controller.js": 1623749249292,
  "controller/LandingPage-dbg.controller.js": 1623749249292,
  "controller/BaseController-dbg.js": 1623749249292,
  "controller/App-dbg.controller.js": 1623749249292,
  "Component-dbg.js": 1623749249292,
  "resources.json": 1623923749519,
  "view/blocks/BOQDetails/sowForm/LandingPage/TCEngRequestTable.fragment.xml": 1623749249308,
  "view/blocks/BOQDetails/sowForm/LandingPage/FilterBar.fragment.xml": 1623749249308,
  "view/blocks/BOQDetails/sowForm/SOWForm.view.xml": 1623749249308,
  "view/blocks/BOQDetails/sellerForm/SellerForm.view.xml": 1623749249308,
  "view/blocks/BOQDetails/lineItemsForm/LineItemsForm.view.xml": 1623749249308,
  "view/blocks/BOQDetails/buyerForm/BuyerForm.view.xml": 1623749249308,
  "view/blocks/BOQDetails/boqItemsTable/BOQItemsTable.view.xml": 1623749249308,
  "view/fragments/common/lineItems.fragment.xml": 1623749249308,
  "view/fragments/LandingPage/TCEngRequestTable.fragment.xml": 1623749249308,
  "view/fragments/LandingPage/FilterBar.fragment.xml": 1623749249308,
  "view/fragments/BOQDetails/BOQCommentGetter.fragment.xml": 1623749249308,
  "view/TCEngDetail.view.xml": 1623749249308,
  "view/LandingPage.view.xml": 1623749249308,
  "view/App.view.xml": 1623749249308,
  "css/style.css": 1623749249292,
  "index.html": 1623749249292
}