{
  "view/blocks/BOQDetails/lineItemsForm/LineItemsForm.js": 1624876710636,
  "i18n/i18n_en_GB.properties": 1624876710628,
  "i18n/i18n_en_US.properties": 1624876710628,
  "i18n/i18n.properties": 1625634701096,
  "view/fragments/common/package-lock.json": 1623152207601,
  "manifest.json": 1625648896715,
  "view/blocks/BOQDetails/boqItemsTable/blocks/BOQItemsTable.js": 1624876710636,
  "view/blocks/BOQDetails/sowForm/SOWForm.js": 1624876710640,
  "view/blocks/BOQDetails/sellerForm/SellerForm.js": 1624876710636,
  "i18n/i18n_en.properties": 1624876710628,
  "view/blocks/BOQDetails/buyerForm/BuyerForm.js": 1624876710636,
  "view/blocks/BOQDetails/boqItemsTable/BOQItemsTableController.controller.js": 1624876710636,
  "model/models.js": 1624876710632,
  "controller/TCEngDetail.controller.js": 1625634701096,
  "controller/LandingPage.controller.js": 1625230297851,
  "controller/BaseController.js": 1624876710628,
  "controller/App.controller.js": 1624876710628,
  "Component.js": 1624876710628,
  "manifest-bundle.zip": 1625648896175,
  "Component-preload.js": 1625648896629,
  "view/blocks/BOQDetails/sowForm/SOWForm-dbg.js": 1624876710640,
  "view/blocks/BOQDetails/boqItemsTable/blocks/BOQItemsTable-dbg.js": 1624876710636,
  "view/blocks/BOQDetails/sellerForm/SellerForm-dbg.js": 1624876710636,
  "view/blocks/BOQDetails/lineItemsForm/LineItemsForm-dbg.js": 1624876710636,
  "view/blocks/BOQDetails/buyerForm/BuyerForm-dbg.js": 1624876710636,
  "view/blocks/BOQDetails/boqItemsTable/BOQItemsTableController-dbg.controller.js": 1624876710636,
  "model/models-dbg.js": 1624876710632,
  "controller/TCEngDetail-dbg.controller.js": 1625634701096,
  "controller/LandingPage-dbg.controller.js": 1625230297851,
  "controller/BaseController-dbg.js": 1624876710628,
  "controller/App-dbg.controller.js": 1624876710628,
  "Component-dbg.js": 1624876710628,
  "resources.json": 1625648896720,
  "view/blocks/BOQDetails/sowForm/LandingPage/TCEngRequestTable.fragment.xml": 1624876710640,
  "view/blocks/BOQDetails/sowForm/LandingPage/FilterBar.fragment.xml": 1624876710640,
  "view/blocks/BOQDetails/sowForm/SOWForm.view.xml": 1624876710644,
  "view/blocks/BOQDetails/sellerForm/SellerForm.view.xml": 1624955247563,
  "view/blocks/BOQDetails/lineItemsForm/LineItemsForm.view.xml": 1624876710636,
  "view/blocks/BOQDetails/buyerForm/BuyerForm.view.xml": 1624955247563,
  "view/blocks/BOQDetails/boqItemsTable/BOQItemsTable.view.xml": 1625634701096,
  "view/fragments/common/lineItems.fragment.xml": 1625634701096,
  "view/fragments/LandingPage/TCEngRequestTable.fragment.xml": 1625230297855,
  "view/fragments/LandingPage/FilterBar.fragment.xml": 1625230297855,
  "view/fragments/BOQDetails/BOQCommentGetter.fragment.xml": 1624876710644,
  "view/TCEngDetail.view.xml": 1625634701096,
  "view/LandingPage.view.xml": 1624876710636,
  "view/App.view.xml": 1624876710632,
  "css/style.css": 1624876710628,
  "index.html": 1624876710628
}