{
  "model/models-dbg.js": 1621838620381,
  "controller/Detail.controller.js": 1622640688973,
  "model/models.js": 1621838620381,
  "controller/LandingPage.controller.js": 1622642918788,
  "controller/ErrorHandler.js": 1622015702433,
  "controller/DetailDetail.controller.js": 1622442133580,
  "manifest.json": 1622657418475,
  "controller/BaseController.js": 1621838620377,
  "controller/App.controller.js": 1621838620377,
  "Component.js": 1621838620377,
  "manifest-bundle.zip": 1622657418124,
  "Component-preload.js": 1622657418394,
  "controller/BaseController-dbg.js": 1621838620377,
  "controller/LandingPage-dbg.controller.js": 1622642918788,
  "controller/ErrorHandler-dbg.js": 1622015702433,
  "controller/DetailDetail-dbg.controller.js": 1622442133580,
  "controller/Detail-dbg.controller.js": 1622640688973,
  "i18n/i18n.properties": 1622640787078,
  "controller/App-dbg.controller.js": 1621838620377,
  "Component-dbg.js": 1621838620377,
  "view/fragments/manageBOQ/AddRemarks.fragment.xml": 1622442133580,
  "view/fragments/detailPage/ViewLineItemsDialog.fragment.xml": 1622640688973,
  "view/fragments/detailPage/ViewBOQItemsDialog.fragment.xml": 1622442133580,
  "view/fragments/detailPage/BOQQuantityGetter.fragment.xml": 1622442133580,
  "view/LandingPage.view.xml": 1622553113867,
  "view/DetailDetail.view.xml": 1622442133580,
  "view/Detail.view.xml": 1622641060615,
  "view/App.view.xml": 1621838620381,
  "css/style.css": 1621838620377,
  "index.html": 1621838620381
}