{
  "model/models.js": 1625047565481,
  "utils/formatter.js": 1625574746204,
  "manifest.json": 1626263832722,
  "i18n/i18n.properties": 1625811055647,
  "controller/LandingPage.controller.js": 1625574746204,
  "controller/ErrorHandler.js": 1625047565481,
  "controller/DetailDetail.controller.js": 1625047565481,
  "controller/Detail.controller.js": 1625574746204,
  "controller/BaseController.js": 1625047565481,
  "controller/App.controller.js": 1625047565481,
  "Component.js": 1625047565481,
  "manifest-bundle.zip": 1626263832316,
  "Component-preload.js": 1626263832636,
  "controller/ErrorHandler-dbg.js": 1625047565481,
  "model/models-dbg.js": 1625047565481,
  "controller/LandingPage-dbg.controller.js": 1625574746204,
  "utils/formatter-dbg.js": 1625574746204,
  "controller/DetailDetail-dbg.controller.js": 1625047565481,
  "controller/Detail-dbg.controller.js": 1625574746204,
  "controller/BaseController-dbg.js": 1625047565481,
  "controller/App-dbg.controller.js": 1625047565481,
  "Component-dbg.js": 1625047565481,
  "view/fragments/manageBOQ/AddRemarks.fragment.xml": 1625047565485,
  "view/fragments/detailPage/ViewLineItemsDialog.fragment.xml": 1625811055647,
  "view/fragments/detailPage/ViewBOQItemsDialog.fragment.xml": 1625811055647,
  "view/fragments/detailPage/BOQQuantityGetter.fragment.xml": 1625047565481,
  "view/LandingPage.view.xml": 1625574746204,
  "view/DetailDetail.view.xml": 1625574746204,
  "view/Detail.view.xml": 1625811055647,
  "view/App.view.xml": 1625047565481,
  "css/style.css": 1625047565481,
  "index.html": 1625047565481
}