{
  "utils/formatter-dbg.js": 1625574746204,
  "i18n/i18n_en_GB.properties": 1627536961809,
  "i18n/i18n_en_US.properties": 1627536961809,
  "i18n/i18n.properties": 1627536961805,
  "controller/App.controller.js": 1625047565481,
  "utils/formatter.js": 1625574746204,
  "model/models.js": 1625047565481,
  "controller/LandingPage.controller.js": 1625574746204,
  "controller/ErrorHandler.js": 1625047565481,
  "controller/DetailDetail.controller.js": 1625047565481,
  "controller/Detail.controller.js": 1632227828599,
  "controller/BaseController.js": 1625047565481,
  "manifest.json": 1632228388670,
  "Component.js": 1625047565481,
  "manifest-bundle.zip": 1632228388206,
  "Component-preload.js": 1632228388574,
  "controller/LandingPage-dbg.controller.js": 1625574746204,
  "model/models-dbg.js": 1625047565481,
  "i18n/i18n_en.properties": 1627536961805,
  "controller/ErrorHandler-dbg.js": 1625047565481,
  "controller/DetailDetail-dbg.controller.js": 1625047565481,
  "controller/Detail-dbg.controller.js": 1632227828599,
  "controller/BaseController-dbg.js": 1625047565481,
  "controller/App-dbg.controller.js": 1625047565481,
  "Component-dbg.js": 1625047565481,
  "view/fragments/manageBOQ/AddRemarks.fragment.xml": 1625047565485,
  "view/fragments/detailPage/ViewLineItemsDialog.fragment.xml": 1625811055647,
  "view/fragments/detailPage/ViewBOQItemsDialog.fragment.xml": 1625811055647,
  "view/fragments/detailPage/BOQQuantityGetter.fragment.xml": 1627537699506,
  "view/LandingPage.view.xml": 1625574746204,
  "view/DetailDetail.view.xml": 1627536961809,
  "view/Detail.view.xml": 1628504195925,
  "view/App.view.xml": 1625047565481,
  "css/style.css": 1625047565481,
  "index.html": 1625047565481
}