{
  "view/fragments/detailPage/ViewBOQItemsDialog.fragment.xml": 1625767154997,
  "manifest.json": 1625767473394,
  "utils/formatter.js": 1625068559636,
  "model/models.js": 1621838620381,
  "controller/LandingPage.controller.js": 1625731850777,
  "controller/ErrorHandler.js": 1622015702433,
  "controller/DetailDetail.controller.js": 1624517550013,
  "controller/Detail.controller.js": 1625731850773,
  "controller/BaseController.js": 1621838620377,
  "controller/App.controller.js": 1621838620377,
  "Component.js": 1621838620377,
  "manifest-bundle.zip": 1625767472655,
  "Component-preload.js": 1625767473276,
  "controller/BaseController-dbg.js": 1621838620377,
  "model/models-dbg.js": 1621838620381,
  "controller/LandingPage-dbg.controller.js": 1625731850777,
  "controller/ErrorHandler-dbg.js": 1622015702433,
  "controller/DetailDetail-dbg.controller.js": 1624517550013,
  "controller/Detail-dbg.controller.js": 1625731850773,
  "utils/formatter-dbg.js": 1625068559636,
  "controller/App-dbg.controller.js": 1621838620377,
  "Component-dbg.js": 1621838620377,
  "view/fragments/manageBOQ/AddRemarks.fragment.xml": 1622442133580,
  "view/fragments/detailPage/ViewLineItemsDialog.fragment.xml": 1625767154997,
  "i18n/i18n.properties": 1625767154993,
  "view/fragments/detailPage/BOQQuantityGetter.fragment.xml": 1623869737074,
  "view/LandingPage.view.xml": 1625731850777,
  "view/DetailDetail.view.xml": 1625731850777,
  "view/Detail.view.xml": 1625767154993,
  "view/App.view.xml": 1621838620381,
  "css/style.css": 1621838620377,
  "index.html": 1621838620381
}