{
  "css/style.css": 1621838620377,
  "Component.js": 1621838620377,
  "model/models.js": 1621838620381,
  "controller/LandingPage.controller.js": 1623749068688,
  "controller/ErrorHandler.js": 1622015702433,
  "controller/DetailDetail.controller.js": 1622442133580,
  "controller/Detail.controller.js": 1623869737054,
  "controller/BaseController.js": 1621838620377,
  "controller/App.controller.js": 1621838620377,
  "manifest.json": 1623996395941,
  "manifest-bundle.zip": 1623996395359,
  "Component-preload.js": 1623996395815,
  "controller/BaseController-dbg.js": 1621838620377,
  "controller/LandingPage-dbg.controller.js": 1623749068688,
  "controller/ErrorHandler-dbg.js": 1622015702433,
  "controller/DetailDetail-dbg.controller.js": 1622442133580,
  "controller/Detail-dbg.controller.js": 1623869737054,
  "model/models-dbg.js": 1621838620381,
  "controller/App-dbg.controller.js": 1621838620377,
  "Component-dbg.js": 1621838620377,
  "view/fragments/manageBOQ/AddRemarks.fragment.xml": 1622442133580,
  "view/fragments/detailPage/ViewLineItemsDialog.fragment.xml": 1623749068696,
  "view/fragments/detailPage/ViewBOQItemsDialog.fragment.xml": 1622442133580,
  "view/fragments/detailPage/BOQQuantityGetter.fragment.xml": 1623869737074,
  "view/LandingPage.view.xml": 1623749068692,
  "view/DetailDetail.view.xml": 1623749068692,
  "view/Detail.view.xml": 1623869737054,
  "view/App.view.xml": 1621838620381,
  "i18n/i18n.properties": 1623749068688,
  "index.html": 1621838620381
}