{
  "controller/BaseController.js": 1625237460829,
  "utils/formatter.js": 1625237460833,
  "manifest.json": 1626348437853,
  "model/models.js": 1625237460833,
  "controller/LandingPage.controller.js": 1625740534957,
  "controller/ErrorHandler.js": 1625237460833,
  "controller/DetailDetail.controller.js": 1625237460833,
  "controller/Detail.controller.js": 1625740534957,
  "i18n/i18n.properties": 1625758173760,
  "controller/App.controller.js": 1625237460829,
  "Component.js": 1625237460829,
  "manifest-bundle.zip": 1626348437462,
  "Component-preload.js": 1626348437770,
  "controller/Detail-dbg.controller.js": 1625740534957,
  "model/models-dbg.js": 1625237460833,
  "controller/LandingPage-dbg.controller.js": 1625740534957,
  "controller/ErrorHandler-dbg.js": 1625237460833,
  "controller/DetailDetail-dbg.controller.js": 1625237460833,
  "utils/formatter-dbg.js": 1625237460833,
  "controller/BaseController-dbg.js": 1625237460829,
  "controller/App-dbg.controller.js": 1625237460829,
  "Component-dbg.js": 1625237460829,
  "view/fragments/manageBOQ/AddRemarks.fragment.xml": 1625237460833,
  "view/fragments/detailPage/ViewLineItemsDialog.fragment.xml": 1625758173760,
  "view/fragments/detailPage/ViewBOQItemsDialog.fragment.xml": 1625758173760,
  "view/fragments/detailPage/BOQQuantityGetter.fragment.xml": 1625237460833,
  "view/LandingPage.view.xml": 1625740534969,
  "view/DetailDetail.view.xml": 1625740534961,
  "view/Detail.view.xml": 1625758173760,
  "view/App.view.xml": 1625237460833,
  "css/style.css": 1625237460833,
  "index.html": 1625237460833
}