{
  "Component.js": 1621838620377,
  "model/models.js": 1621838620381,
  "manifest.json": 1622099127283,
  "controller/LandingPage.controller.js": 1622015702433,
  "controller/ErrorHandler.js": 1622015702433,
  "controller/DetailDetail.controller.js": 1622034953095,
  "controller/Detail.controller.js": 1622034953095,
  "controller/BaseController.js": 1621838620377,
  "controller/App.controller.js": 1621838620377,
  "i18n/i18n.properties": 1622034953115,
  "manifest-bundle.zip": 1622099126753,
  "Component-preload.js": 1622099127172,
  "controller/BaseController-dbg.js": 1621838620377,
  "controller/LandingPage-dbg.controller.js": 1622015702433,
  "controller/ErrorHandler-dbg.js": 1622015702433,
  "controller/DetailDetail-dbg.controller.js": 1622034953095,
  "controller/Detail-dbg.controller.js": 1622034953095,
  "model/models-dbg.js": 1621838620381,
  "controller/App-dbg.controller.js": 1621838620377,
  "Component-dbg.js": 1621838620377,
  "view/fragments/manageBOQ/AddRemarks.fragment.xml": 1622028876337,
  "view/fragments/detailPage/ViewLineItemsDialog.fragment.xml": 1622034953083,
  "view/fragments/detailPage/ViewBOQItemsDialog.fragment.xml": 1622034953083,
  "view/fragments/detailPage/BOQQuantityGetter.fragment.xml": 1622034953083,
  "view/LandingPage.view.xml": 1621866914834,
  "view/DetailDetail.view.xml": 1622034953095,
  "view/Detail.view.xml": 1622034953083,
  "view/App.view.xml": 1621838620381,
  "css/style.css": 1621838620377,
  "index.html": 1621838620381
}