{
  "controller/Detail.controller.js": 1625749939318,
  "controller/App.controller.js": 1621941634381,
  "utils/formatter.js": 1625749939318,
  "model/models.js": 1621941634381,
  "controller/LandingPage.controller.js": 1625749939318,
  "controller/ErrorHandler.js": 1622546884625,
  "controller/DetailDetail.controller.js": 1624953701961,
  "i18n/i18n.properties": 1625811050291,
  "controller/BaseController.js": 1621941634381,
  "manifest.json": 1626337773390,
  "Component.js": 1621941634381,
  "manifest-bundle.zip": 1626337772258,
  "Component-preload.js": 1626337773239,
  "utils/formatter-dbg.js": 1625749939318,
  "model/models-dbg.js": 1621941634381,
  "controller/LandingPage-dbg.controller.js": 1625749939318,
  "controller/ErrorHandler-dbg.js": 1622546884625,
  "controller/DetailDetail-dbg.controller.js": 1624953701961,
  "controller/Detail-dbg.controller.js": 1625749939318,
  "controller/BaseController-dbg.js": 1621941634381,
  "controller/App-dbg.controller.js": 1621941634381,
  "Component-dbg.js": 1621941634381,
  "view/fragments/manageBOQ/AddRemarks.fragment.xml": 1622547104636,
  "view/fragments/detailPage/ViewLineItemsDialog.fragment.xml": 1625811050291,
  "view/fragments/detailPage/ViewBOQItemsDialog.fragment.xml": 1625811050291,
  "view/fragments/detailPage/BOQQuantityGetter.fragment.xml": 1622547103948,
  "view/LandingPage.view.xml": 1625749939318,
  "view/DetailDetail.view.xml": 1625749939318,
  "view/Detail.view.xml": 1625811050291,
  "view/App.view.xml": 1621941634385,
  "css/style.css": 1621941634381,
  "index.html": 1621941634381
}