{
  "css/style.css": 1621838620377,
  "model/models.js": 1621838620381,
  "manifest.json": 1622152111361,
  "controller/LandingPage.controller.js": 1622112112758,
  "controller/ErrorHandler.js": 1622015702433,
  "controller/DetailDetail.controller.js": 1622099584882,
  "controller/Detail.controller.js": 1622099584882,
  "controller/BaseController.js": 1621838620377,
  "controller/App.controller.js": 1621838620377,
  "Component.js": 1621838620377,
  "manifest-bundle.zip": 1622152110845,
  "Component-preload.js": 1622152111251,
  "controller/LandingPage-dbg.controller.js": 1622112112758,
  "model/models-dbg.js": 1621838620381,
  "controller/ErrorHandler-dbg.js": 1622015702433,
  "controller/DetailDetail-dbg.controller.js": 1622099584882,
  "controller/Detail-dbg.controller.js": 1622099584882,
  "controller/BaseController-dbg.js": 1621838620377,
  "controller/App-dbg.controller.js": 1621838620377,
  "Component-dbg.js": 1621838620377,
  "view/fragments/manageBOQ/AddRemarks.fragment.xml": 1622099584890,
  "view/fragments/detailPage/ViewLineItemsDialog.fragment.xml": 1622034953083,
  "view/fragments/detailPage/ViewBOQItemsDialog.fragment.xml": 1622099584890,
  "view/fragments/detailPage/BOQQuantityGetter.fragment.xml": 1622099584890,
  "view/LandingPage.view.xml": 1622111101662,
  "view/DetailDetail.view.xml": 1622099584886,
  "view/Detail.view.xml": 1622119999463,
  "view/App.view.xml": 1621838620381,
  "i18n/i18n.properties": 1622099584882,
  "index.html": 1621838620381
}