{
  "index.html": 1621841777463,
  "controller/Detail.controller.js": 1622614170873,
  "model/models.js": 1621841777463,
  "controller/LandingPage.controller.js": 1622614170873,
  "controller/ErrorHandler.js": 1621951898411,
  "controller/DetailDetail.controller.js": 1622442964288,
  "manifest.json": 1622700436916,
  "controller/BaseController.js": 1621841777459,
  "controller/App.controller.js": 1621852220222,
  "Component.js": 1621841777459,
  "manifest-bundle.zip": 1622700436456,
  "Component-preload.js": 1622700436827,
  "controller/BaseController-dbg.js": 1621841777459,
  "controller/LandingPage-dbg.controller.js": 1622614170873,
  "controller/ErrorHandler-dbg.js": 1621951898411,
  "controller/DetailDetail-dbg.controller.js": 1622442964288,
  "controller/Detail-dbg.controller.js": 1622614170873,
  "model/models-dbg.js": 1621841777463,
  "controller/App-dbg.controller.js": 1621852220222,
  "Component-dbg.js": 1621841777459,
  "view/fragments/manageBOQ/AddRemarks.fragment.xml": 1622442964348,
  "view/fragments/detailPage/ViewLineItemsDialog.fragment.xml": 1621841777463,
  "view/fragments/detailPage/ViewBOQItemsDialog.fragment.xml": 1622442964288,
  "view/fragments/detailPage/BOQQuantityGetter.fragment.xml": 1622442964288,
  "view/LandingPage.view.xml": 1622614170873,
  "view/DetailDetail.view.xml": 1622442964288,
  "view/Detail.view.xml": 1622614170873,
  "view/App.view.xml": 1621841777463,
  "css/style.css": 1621841777463,
  "i18n/i18n.properties": 1622614170873
}