{
  "view/fragments/detailPage/ViewLineItemsDialog.fragment.xml": 1622801160256,
  "Component.js": 1621941634381,
  "model/models.js": 1621941634381,
  "controller/LandingPage.controller.js": 1622801160252,
  "controller/ErrorHandler.js": 1622546884625,
  "controller/DetailDetail.controller.js": 1622547103948,
  "controller/Detail.controller.js": 1622801160252,
  "controller/BaseController.js": 1621941634381,
  "controller/App.controller.js": 1621941634381,
  "manifest.json": 1623236628304,
  "manifest-bundle.zip": 1623236627641,
  "Component-preload.js": 1623236628180,
  "Component-dbg.js": 1621941634381,
  "controller/LandingPage-dbg.controller.js": 1622801160252,
  "controller/ErrorHandler-dbg.js": 1622546884625,
  "controller/DetailDetail-dbg.controller.js": 1622547103948,
  "controller/Detail-dbg.controller.js": 1622801160252,
  "controller/BaseController-dbg.js": 1621941634381,
  "controller/App-dbg.controller.js": 1621941634381,
  "model/models-dbg.js": 1621941634381,
  "view/fragments/manageBOQ/AddRemarks.fragment.xml": 1622547104636,
  "i18n/i18n.properties": 1622801160256,
  "view/fragments/detailPage/ViewBOQItemsDialog.fragment.xml": 1622547103948,
  "view/fragments/detailPage/BOQQuantityGetter.fragment.xml": 1622547103948,
  "view/LandingPage.view.xml": 1622801160256,
  "view/DetailDetail.view.xml": 1623130686744,
  "view/Detail.view.xml": 1622801160256,
  "view/App.view.xml": 1621941634385,
  "css/style.css": 1621941634381,
  "index.html": 1621941634381
}