{
  "index.html": 1621838620381,
  "i18n/i18n_en_GB.properties": 1627995846402,
  "i18n/i18n_en.properties": 1627995846402,
  "i18n/i18n_en_US.properties": 1627995846402,
  "manifest.json": 1628012891628,
  "utils/formatter.js": 1625068559636,
  "model/models.js": 1621838620381,
  "controller/LandingPage.controller.js": 1626183718291,
  "controller/ErrorHandler.js": 1622015702433,
  "controller/DetailDetail.controller.js": 1624517550013,
  "controller/Detail.controller.js": 1627995846398,
  "controller/BaseController.js": 1621838620377,
  "controller/App.controller.js": 1621838620377,
  "Component.js": 1621838620377,
  "manifest-bundle.zip": 1628012891260,
  "Component-preload.js": 1628012891545,
  "utils/formatter-dbg.js": 1625068559636,
  "model/models-dbg.js": 1621838620381,
  "controller/LandingPage-dbg.controller.js": 1626183718291,
  "controller/ErrorHandler-dbg.js": 1622015702433,
  "controller/DetailDetail-dbg.controller.js": 1624517550013,
  "controller/Detail-dbg.controller.js": 1627995846398,
  "controller/BaseController-dbg.js": 1621838620377,
  "controller/App-dbg.controller.js": 1621838620377,
  "Component-dbg.js": 1621838620377,
  "view/fragments/manageBOQ/AddRemarks.fragment.xml": 1622442133580,
  "view/fragments/detailPage/ViewLineItemsDialog.fragment.xml": 1626183718299,
  "view/fragments/detailPage/ViewBOQItemsDialog.fragment.xml": 1626183718295,
  "view/fragments/detailPage/BOQQuantityGetter.fragment.xml": 1627995846406,
  "view/LandingPage.view.xml": 1626183718295,
  "view/DetailDetail.view.xml": 1627995846406,
  "view/Detail.view.xml": 1627995846406,
  "view/App.view.xml": 1621838620381,
  "css/style.css": 1621838620377,
  "i18n/i18n.properties": 1627995846402
}