{
  "view/fragments/detailPage/ViewBOQItemsDialog.fragment.xml": 1623676889629,
  "controller/BaseController.js": 1623676889581,
  "model/models.js": 1623676889609,
  "controller/LandingPage.controller.js": 1623869981345,
  "controller/ErrorHandler.js": 1623676889601,
  "controller/DetailDetail.controller.js": 1623676889601,
  "controller/Detail.controller.js": 1623676889597,
  "manifest.json": 1624348285805,
  "controller/App.controller.js": 1623676889581,
  "Component.js": 1623676889581,
  "manifest-bundle.zip": 1624348285312,
  "Component-preload.js": 1624348285710,
  "controller/ErrorHandler-dbg.js": 1623676889601,
  "controller/LandingPage-dbg.controller.js": 1623869981345,
  "model/models-dbg.js": 1623676889609,
  "controller/DetailDetail-dbg.controller.js": 1623676889601,
  "controller/Detail-dbg.controller.js": 1623676889597,
  "controller/BaseController-dbg.js": 1623676889581,
  "controller/App-dbg.controller.js": 1623676889581,
  "Component-dbg.js": 1623676889581,
  "view/fragments/manageBOQ/AddRemarks.fragment.xml": 1623676889629,
  "view/fragments/detailPage/ViewLineItemsDialog.fragment.xml": 1623676889629,
  "i18n/i18n.properties": 1623676889601,
  "view/fragments/detailPage/BOQQuantityGetter.fragment.xml": 1623676889629,
  "view/LandingPage.view.xml": 1623676889629,
  "view/DetailDetail.view.xml": 1623676889609,
  "view/Detail.view.xml": 1623676889609,
  "view/App.view.xml": 1623676889609,
  "css/style.css": 1623676889601,
  "index.html": 1623676889601
}