{
    "resources": [
        {
            "name": "../vendorpackinglistcreate/controller/CreateViewStep2.controller.js"
        },
        {
            "name": "../vendorpackinglistcreate/view/blocks/createView/packingListContainsTable/PackingListContainsTableController.controller.js"
        },
        {
            "name": "../vendorpackinglistcreate/view/blocks/packingListDetails/packagingListContains/blocks/LineItemsTable.js"
        },
        {
            "name": "../vendorpackinglistcreate/view/blocks/packingListDetails/outerPackaging/blocks/OuterPackaging.js"
        },
        {
            "name": "../vendorpackinglistcreate/view/blocks/packingListDetails/lineItemsTable/blocks/LineItemsTable.js"
        },
        {
            "name": "../vendorpackinglistcreate/view/blocks/packingListDetails/innerPackaging/blocks/InnerPackaging.js"
        },
        {
            "name": "../vendorpackinglistcreate/view/blocks/createView/packingListContainsTable/block/PackingListContainsTable.js"
        },
        {
            "name": "../vendorpackinglistcreate/view/blocks/createView/lineItemsTable/block/LineItemsTable.js"
        },
        {
            "name": "../vendorpackinglistcreate/view/blocks/packingListDetails/packagingListContains/LineItemsTableController.controller.js"
        },
        {
            "name": "../vendorpackinglistcreate/view/blocks/packingListDetails/outerPackaging/OuterPackagingController.controller.js"
        },
        {
            "name": "../vendorpackinglistcreate/view/blocks/packingListDetails/lineItemsTable/LineItemsTableController.controller.js"
        },
        {
            "name": "../vendorpackinglistcreate/view/blocks/packingListDetails/innerPackaging/InnerPackagingController.controller.js"
        },
        {
            "name": "../vendorpackinglistcreate/manifest.json"
        },
        {
            "name": "../vendorpackinglistcreate/view/blocks/createView/lineItemsTable/LineItemsTableController.controller.js"
        },
        {
            "name": "../vendorpackinglistcreate/utils/formatter.js"
        },
        {
            "name": "../vendorpackinglistcreate/model/models.js"
        },
        {
            "name": "../vendorpackinglistcreate/controller/QRCodeDetails.controller.js"
        },
        {
            "name": "../vendorpackinglistcreate/controller/PackingListDetails.controller.js"
        },
        {
            "name": "../vendorpackinglistcreate/controller/NotFound.controller.js"
        },
        {
            "name": "../vendorpackinglistcreate/controller/ErrorHandler.js"
        },
        {
            "name": "../vendorpackinglistcreate/i18n/i18n.properties",
            "raw": "i18n/i18n.properties"
        },
        {
            "name": "../vendorpackinglistcreate/controller/CreateView.controller.js"
        },
        {
            "name": "../vendorpackinglistcreate/controller/BaseController.js"
        },
        {
            "name": "../vendorpackinglistcreate/controller/App.controller.js"
        },
        {
            "name": "../vendorpackinglistcreate/Component.js"
        },
        {
            "name": "../vendorpackinglistcreate/manifest-bundle.zip"
        },
        {
            "name": "../vendorpackinglistcreate/Component-preload.js",
            "merged": true
        },
        {
            "name": "../vendorpackinglistcreate/view/blocks/packingListDetails/outerPackaging/OuterPackagingController-dbg.controller.js",
            "isDebug": true
        },
        {
            "name": "../vendorpackinglistcreate/view/blocks/packingListDetails/outerPackaging/blocks/OuterPackaging-dbg.js",
            "isDebug": true
        },
        {
            "name": "../vendorpackinglistcreate/view/blocks/packingListDetails/lineItemsTable/blocks/LineItemsTable-dbg.js",
            "isDebug": true
        },
        {
            "name": "../vendorpackinglistcreate/view/blocks/packingListDetails/innerPackaging/blocks/InnerPackaging-dbg.js",
            "isDebug": true
        },
        {
            "name": "../vendorpackinglistcreate/view/blocks/createView/packingListContainsTable/block/PackingListContainsTable-dbg.js",
            "isDebug": true
        },
        {
            "name": "../vendorpackinglistcreate/view/blocks/createView/lineItemsTable/block/LineItemsTable-dbg.js",
            "isDebug": true
        },
        {
            "name": "../vendorpackinglistcreate/view/blocks/packingListDetails/packagingListContains/LineItemsTableController-dbg.controller.js",
            "isDebug": true
        },
        {
            "name": "../vendorpackinglistcreate/view/blocks/packingListDetails/packagingListContains/blocks/LineItemsTable-dbg.js",
            "isDebug": true
        },
        {
            "name": "../vendorpackinglistcreate/view/blocks/packingListDetails/lineItemsTable/LineItemsTableController-dbg.controller.js",
            "isDebug": true
        },
        {
            "name": "../vendorpackinglistcreate/view/blocks/packingListDetails/innerPackaging/InnerPackagingController-dbg.controller.js",
            "isDebug": true
        },
        {
            "name": "../vendorpackinglistcreate/view/blocks/createView/packingListContainsTable/PackingListContainsTableController-dbg.controller.js",
            "isDebug": true
        },
        {
            "name": "../vendorpackinglistcreate/view/blocks/createView/lineItemsTable/LineItemsTableController-dbg.controller.js",
            "isDebug": true
        },
        {
            "name": "../vendorpackinglistcreate/utils/formatter-dbg.js",
            "isDebug": true
        },
        {
            "name": "../vendorpackinglistcreate/model/models-dbg.js",
            "isDebug": true
        },
        {
            "name": "../vendorpackinglistcreate/controller/QRCodeDetails-dbg.controller.js",
            "isDebug": true
        },
        {
            "name": "../vendorpackinglistcreate/controller/PackingListDetails-dbg.controller.js",
            "isDebug": true
        },
        {
            "name": "../vendorpackinglistcreate/controller/NotFound-dbg.controller.js",
            "isDebug": true
        },
        {
            "name": "../vendorpackinglistcreate/controller/ErrorHandler-dbg.js",
            "isDebug": true
        },
        {
            "name": "../vendorpackinglistcreate/controller/CreateViewStep2-dbg.controller.js",
            "isDebug": true
        },
        {
            "name": "../vendorpackinglistcreate/controller/CreateView-dbg.controller.js",
            "isDebug": true
        },
        {
            "name": "../vendorpackinglistcreate/controller/BaseController-dbg.js",
            "isDebug": true
        },
        {
            "name": "../vendorpackinglistcreate/controller/App-dbg.controller.js",
            "isDebug": true
        },
        {
            "name": "../vendorpackinglistcreate/Component-dbg.js",
            "isDebug": true
        },
        {
            "name": "../../../../sap-ui-version.json"
        },
        {
            "name": "../vendorpackinglistcreate/view/blocks/packingListDetails/packagingListContains/LineItemsTable.view.xml"
        },
        {
            "name": "../vendorpackinglistcreate/view/blocks/packingListDetails/outerPackaging/OuterPackaging.view.xml"
        },
        {
            "name": "../vendorpackinglistcreate/view/blocks/packingListDetails/lineItemsTable/LineItemsTable.view.xml"
        },
        {
            "name": "../vendorpackinglistcreate/view/blocks/packingListDetails/innerPackaging/InnerPackaging.view.xml"
        },
        {
            "name": "../vendorpackinglistcreate/view/blocks/createView/packingListContainsTable/PackingListContainsTable.view.xml"
        },
        {
            "name": "../vendorpackinglistcreate/view/blocks/createView/lineItemsTable/LineItemsTable.view.xml"
        },
        {
            "name": "../vendorpackinglistcreate/view/fragments/packingListDetails/QRassistant.fragment.xml"
        },
        {
            "name": "../vendorpackinglistcreate/view/fragments/packingListDetails/QRCodeViewer.fragment.xml"
        },
        {
            "name": "../vendorpackinglistcreate/view/fragments/packingListDetails/PackingListWeightGetter.fragment.xml"
        },
        {
            "name": "../vendorpackinglistcreate/view/fragments/createViewStep2/ValueHelpDialog.fragment.xml"
        },
        {
            "name": "../vendorpackinglistcreate/view/fragments/createView/ViewBOQItems.fragment.xml"
        },
        {
            "name": "../vendorpackinglistcreate/view/QRCodeDetails.view.xml"
        },
        {
            "name": "../vendorpackinglistcreate/view/PackingListDetails.view.xml"
        },
        {
            "name": "../vendorpackinglistcreate/view/NotFound.view.xml"
        },
        {
            "name": "../vendorpackinglistcreate/view/CreateViewStep2.view.xml"
        },
        {
            "name": "../vendorpackinglistcreate/view/CreateView.view.xml"
        },
        {
            "name": "../vendorpackinglistcreate/view/App.view.xml"
        },
        {
            "name": "../vendorpackinglistcreate/css/style.css"
        },
        {
            "name": "../vendorpackinglistcreate/index.html"
        }
    ]
}