{
  "controller/LandingPage-dbg.controller.js": 1617089864184,
  "manifest.json": 1619418434530,
  "model/models.js": 1617089864184,
  "controller/LandingPage.controller.js": 1617089864184,
  "Component.js": 1617089864184,
  "manifest-bundle.zip": 1619418434362,
  "Component-preload.js": 1619418434507,
  "i18n/i18n.properties": 1617089864184,
  "model/models-dbg.js": 1617089864184,
  "Component-dbg.js": 1617089864184,
  "resources.json": 1619418434533,
  "view/LandingPage.view.xml": 1617089864184,
  "css/style.css": 1617089864184,
  "index.html": 1617089864184
}