{
  "Component-preload.js": 1625648223517,
  "manifest.json": 1625648223549,
  "model/models.js": 1625047553888,
  "controller/LandingPage.controller.js": 1625047553888,
  "Component.js": 1625047553888,
  "manifest-bundle.zip": 1625648223363,
  "i18n/i18n.properties": 1625047553888,
  "Component-dbg.js": 1625047553888,
  "controller/LandingPage-dbg.controller.js": 1625047553888,
  "model/models-dbg.js": 1625047553888,
  "resources.json": 1625648223552,
  "view/LandingPage.view.xml": 1625047553892,
  "css/style.css": 1625047553888,
  "index.html": 1625047553888
}