{
  "css/style.css": 1617171552031,
  "model/models.js": 1617171552031,
  "manifest.json": 1623996306514,
  "controller/LandingPage.controller.js": 1617171552031,
  "Component.js": 1617171552031,
  "manifest-bundle.zip": 1623996306334,
  "Component-preload.js": 1623996306482,
  "model/models-dbg.js": 1617171552031,
  "controller/LandingPage-dbg.controller.js": 1617171552031,
  "Component-dbg.js": 1617171552031,
  "resources.json": 1623996306517,
  "view/LandingPage.view.xml": 1617171552031,
  "i18n/i18n.properties": 1617171552031,
  "index.html": 1617171552031
}