{
  "Component-preload.js": 1622657327029,
  "Component.js": 1617171552031,
  "model/models.js": 1617171552031,
  "controller/LandingPage.controller.js": 1617171552031,
  "manifest.json": 1622657327057,
  "manifest-bundle.zip": 1622657326916,
  "i18n/i18n.properties": 1617171552031,
  "model/models-dbg.js": 1617171552031,
  "controller/LandingPage-dbg.controller.js": 1617171552031,
  "Component-dbg.js": 1617171552031,
  "resources.json": 1622657327059,
  "view/LandingPage.view.xml": 1617171552031,
  "css/style.css": 1617171552031,
  "index.html": 1617171552031
}