{
  "Component-dbg.js": 1617171552031,
  "controller/LandingPage.controller.js": 1617171552031,
  "model/models.js": 1617171552031,
  "manifest.json": 1617353396023,
  "Component.js": 1617171552031,
  "manifest-bundle.zip": 1617353395825,
  "Component-preload.js": 1617353395991,
  "controller/LandingPage-dbg.controller.js": 1617171552031,
  "model/models-dbg.js": 1617171552031,
  "i18n/i18n.properties": 1617171552031,
  "resources.json": 1617353396026,
  "view/LandingPage.view.xml": 1617171552031,
  "css/style.css": 1617171552031,
  "index.html": 1617171552031
}