{
  "manifest-bundle.zip": 1624259685887,
  "model/models.js": 1617089864184,
  "manifest.json": 1624259686072,
  "controller/LandingPage.controller.js": 1617089864184,
  "Component.js": 1617089864184,
  "i18n/i18n.properties": 1617089864184,
  "Component-preload.js": 1624259686045,
  "controller/LandingPage-dbg.controller.js": 1617089864184,
  "model/models-dbg.js": 1617089864184,
  "Component-dbg.js": 1617089864184,
  "resources.json": 1624259686074,
  "view/LandingPage.view.xml": 1617089864184,
  "css/style.css": 1617089864184,
  "index.html": 1622614320049
}