{
  "Component-dbg.js": 1617171552031,
  "controller/LandingPage.controller.js": 1617171552031,
  "model/models.js": 1617171552031,
  "manifest.json": 1625735298066,
  "Component.js": 1617171552031,
  "manifest-bundle.zip": 1625735297915,
  "Component-preload.js": 1625735298034,
  "model/models-dbg.js": 1617171552031,
  "controller/LandingPage-dbg.controller.js": 1617171552031,
  "i18n/i18n.properties": 1617171552031,
  "resources.json": 1625735298069,
  "view/LandingPage.view.xml": 1617171552031,
  "css/style.css": 1617171552031,
  "index.html": 1617171552031
}