{
  "index.html": 1622614320049,
  "controller/LandingPage.controller.js": 1617089864184,
  "model/models.js": 1617089864184,
  "manifest.json": 1624262676529,
  "Component.js": 1617089864184,
  "manifest-bundle.zip": 1624262676340,
  "Component-preload.js": 1624262676497,
  "model/models-dbg.js": 1617089864184,
  "controller/LandingPage-dbg.controller.js": 1617089864184,
  "Component-dbg.js": 1617089864184,
  "resources.json": 1624262676533,
  "view/LandingPage.view.xml": 1617089864184,
  "css/style.css": 1617089864184,
  "i18n/i18n.properties": 1617089864184
}