{
  "controller/LandingPage-dbg.controller.js": 1617089864184,
  "controller/LandingPage.controller.js": 1617089864184,
  "model/models.js": 1617089864184,
  "manifest.json": 1624348200879,
  "Component.js": 1617089864184,
  "manifest-bundle.zip": 1624348200679,
  "Component-preload.js": 1624348200852,
  "i18n/i18n.properties": 1617089864184,
  "model/models-dbg.js": 1617089864184,
  "Component-dbg.js": 1617089864184,
  "resources.json": 1624348200882,
  "view/LandingPage.view.xml": 1617089864184,
  "css/style.css": 1617089864184,
  "index.html": 1622614320049
}