{
  "i18n/i18n.properties": 1617170945336,
  "model/models.js": 1617170945340,
  "manifest.json": 1623939284001,
  "controller/LandingPage.controller.js": 1617170945336,
  "Component.js": 1617170945336,
  "manifest-bundle.zip": 1623939283825,
  "Component-preload.js": 1623939283974,
  "model/models-dbg.js": 1617170945340,
  "controller/LandingPage-dbg.controller.js": 1617170945336,
  "Component-dbg.js": 1617170945336,
  "resources.json": 1623939284004,
  "view/LandingPage.view.xml": 1617170945340,
  "css/style.css": 1617170945336,
  "index.html": 1617170945336
}