{
  "manifest.json": 1623911526827,
  "controller/LandingPage.controller.js": 1617170945336,
  "model/models.js": 1617170945340,
  "i18n/i18n.properties": 1617170945336,
  "Component.js": 1617170945336,
  "manifest-bundle.zip": 1623911526638,
  "Component-preload.js": 1623911526795,
  "Component-dbg.js": 1617170945336,
  "controller/LandingPage-dbg.controller.js": 1617170945336,
  "model/models-dbg.js": 1617170945340,
  "resources.json": 1623911526830,
  "view/LandingPage.view.xml": 1617170945340,
  "css/style.css": 1617170945336,
  "index.html": 1617170945336
}