{
  "css/style.css": 1617171552043,
  "model/models.js": 1617171552043,
  "manifest.json": 1622152068053,
  "controller/LandingPage.controller.js": 1617171552043,
  "Component.js": 1617171552043,
  "manifest-bundle.zip": 1622152067918,
  "Component-preload.js": 1622152068027,
  "Component-dbg.js": 1617171552043,
  "controller/LandingPage-dbg.controller.js": 1617171552043,
  "model/models-dbg.js": 1617171552043,
  "resources.json": 1622152068055,
  "view/LandingPage.view.xml": 1617171552043,
  "i18n/i18n.properties": 1617171552043,
  "index.html": 1617171552043
}