{
  "Component-preload.js": 1623236578564,
  "Component.js": 1621941634369,
  "model/models.js": 1621941634369,
  "controller/LandingPage.controller.js": 1621941634369,
  "manifest.json": 1623236578603,
  "manifest-bundle.zip": 1623236578353,
  "i18n/i18n.properties": 1621941634369,
  "model/models-dbg.js": 1621941634369,
  "controller/LandingPage-dbg.controller.js": 1621941634369,
  "Component-dbg.js": 1621941634369,
  "resources.json": 1623236578607,
  "view/LandingPage.view.xml": 1621941634369,
  "css/style.css": 1621941634369,
  "index.html": 1621941634369
}