{
  "controller/LandingPage.controller.js": 1621941634369,
  "manifest.json": 1625648864489,
  "model/models.js": 1621941634369,
  "i18n/i18n.properties": 1621941634369,
  "Component.js": 1621941634369,
  "manifest-bundle.zip": 1625648864301,
  "Component-preload.js": 1625648864455,
  "Component-dbg.js": 1621941634369,
  "controller/LandingPage-dbg.controller.js": 1621941634369,
  "model/models-dbg.js": 1621941634369,
  "resources.json": 1625648864491,
  "view/LandingPage.view.xml": 1621941634369,
  "css/style.css": 1621941634369,
  "index.html": 1621941634369
}