{
  "view/LandingPage.view.xml": 1617170945340,
  "model/models.js": 1617170945340,
  "manifest.json": 1619418476311,
  "controller/LandingPage.controller.js": 1617170945336,
  "Component.js": 1617170945336,
  "manifest-bundle.zip": 1619418476151,
  "Component-preload.js": 1619418476287,
  "model/models-dbg.js": 1617170945340,
  "controller/LandingPage-dbg.controller.js": 1617170945336,
  "Component-dbg.js": 1617170945336,
  "resources.json": 1619418476313,
  "i18n/i18n.properties": 1617170945336,
  "css/style.css": 1617170945336,
  "index.html": 1617170945336
}