{
  "model/models.js": 1625237454317,
  "i18n/i18n.properties": 1625237454317,
  "manifest.json": 1625479813192,
  "controller/LandingPage.controller.js": 1625237454313,
  "Component.js": 1625237454313,
  "manifest-bundle.zip": 1625479812879,
  "Component-preload.js": 1625479813153,
  "model/models-dbg.js": 1625237454317,
  "controller/LandingPage-dbg.controller.js": 1625237454313,
  "Component-dbg.js": 1625237454313,
  "resources.json": 1625479813196,
  "view/LandingPage.view.xml": 1625237454317,
  "css/style.css": 1625237454317,
  "index.html": 1625237454317
}