{
  "i18n/i18n.properties": 1617171552043,
  "Component.js": 1617171552043,
  "model/models.js": 1617171552043,
  "controller/LandingPage.controller.js": 1617171552043,
  "manifest.json": 1623962076455,
  "manifest-bundle.zip": 1623962076301,
  "Component-preload.js": 1623962076422,
  "controller/LandingPage-dbg.controller.js": 1617171552043,
  "model/models-dbg.js": 1617171552043,
  "Component-dbg.js": 1617171552043,
  "resources.json": 1623962076459,
  "view/LandingPage.view.xml": 1617171552043,
  "css/style.css": 1617171552043,
  "index.html": 1617171552043
}