{
  "controller/LandingPage-dbg.controller.js": 1617170945336,
  "model/models.js": 1617170945340,
  "manifest.json": 1617978673020,
  "controller/LandingPage.controller.js": 1617170945336,
  "Component.js": 1617170945336,
  "manifest-bundle.zip": 1617978672847,
  "Component-preload.js": 1617978672995,
  "Component-dbg.js": 1617170945336,
  "i18n/i18n.properties": 1617170945336,
  "model/models-dbg.js": 1617170945340,
  "resources.json": 1617978673023,
  "view/LandingPage.view.xml": 1617170945340,
  "css/style.css": 1617170945336,
  "index.html": 1617170945336
}