{
  "manifest.json": 1625648253774,
  "model/models.js": 1625047557752,
  "i18n/i18n.properties": 1625047557752,
  "controller/LandingPage.controller.js": 1625047557752,
  "Component.js": 1625047557752,
  "manifest-bundle.zip": 1625648253583,
  "Component-preload.js": 1625648253744,
  "model/models-dbg.js": 1625047557752,
  "controller/LandingPage-dbg.controller.js": 1625047557752,
  "Component-dbg.js": 1625047557752,
  "resources.json": 1625648253777,
  "view/LandingPage.view.xml": 1625047557752,
  "css/style.css": 1625047557752,
  "index.html": 1625047557752
}