{
  "Component-dbg.js": 1617171552031,
  "model/models.js": 1617171552031,
  "manifest.json": 1623923690087,
  "controller/LandingPage.controller.js": 1617171552031,
  "Component.js": 1617171552031,
  "manifest-bundle.zip": 1623923689942,
  "Component-preload.js": 1623923690059,
  "i18n/i18n.properties": 1617171552031,
  "controller/LandingPage-dbg.controller.js": 1617171552031,
  "model/models-dbg.js": 1617171552031,
  "resources.json": 1623923690090,
  "view/LandingPage.view.xml": 1617171552031,
  "css/style.css": 1617171552031,
  "index.html": 1617171552031
}