{
  "manifest-bundle.zip": 1618464719660,
  "model/models.js": 1617171552031,
  "manifest.json": 1618464719839,
  "controller/LandingPage.controller.js": 1617171552031,
  "Component.js": 1617171552031,
  "i18n/i18n.properties": 1617171552031,
  "Component-preload.js": 1618464719814,
  "model/models-dbg.js": 1617171552031,
  "controller/LandingPage-dbg.controller.js": 1617171552031,
  "Component-dbg.js": 1617171552031,
  "resources.json": 1618464719841,
  "view/LandingPage.view.xml": 1617171552031,
  "css/style.css": 1617171552031,
  "index.html": 1617171552031
}