{
  "manifest-bundle.zip": 1622700323487,
  "manifest.json": 1622700323687,
  "model/models.js": 1617089864184,
  "controller/LandingPage.controller.js": 1617089864184,
  "Component.js": 1617089864184,
  "i18n/i18n.properties": 1617089864184,
  "Component-preload.js": 1622700323659,
  "controller/LandingPage-dbg.controller.js": 1617089864184,
  "model/models-dbg.js": 1617089864184,
  "Component-dbg.js": 1617089864184,
  "resources.json": 1622700323690,
  "view/LandingPage.view.xml": 1617089864184,
  "css/style.css": 1617089864184,
  "index.html": 1617089864184
}