{
  "model/models-dbg.js": 1625047553892,
  "model/models.js": 1625047553892,
  "manifest.json": 1625648218398,
  "controller/LandingPage.controller.js": 1625047553892,
  "Component.js": 1625047553892,
  "manifest-bundle.zip": 1625648218205,
  "Component-preload.js": 1625648218366,
  "Component-dbg.js": 1625047553892,
  "controller/LandingPage-dbg.controller.js": 1625047553892,
  "i18n/i18n.properties": 1625047553892,
  "resources.json": 1625648218402,
  "view/LandingPage.view.xml": 1625047553892,
  "css/style.css": 1625047553892,
  "index.html": 1625047553892
}