{
  "index.html": 1621941634357,
  "Component.js": 1621941634353,
  "model/models.js": 1621941634357,
  "controller/LandingPage.controller.js": 1621941634353,
  "manifest.json": 1625648830767,
  "manifest-bundle.zip": 1625648830488,
  "Component-preload.js": 1625648830727,
  "model/models-dbg.js": 1621941634357,
  "controller/LandingPage-dbg.controller.js": 1621941634353,
  "Component-dbg.js": 1621941634353,
  "resources.json": 1625648830771,
  "view/LandingPage.view.xml": 1621941634357,
  "css/style.css": 1621941634353,
  "i18n/i18n.properties": 1621941634357
}