{
  "model/models-dbg.js": 1617171552031,
  "model/models.js": 1617171552031,
  "manifest.json": 1622660999851,
  "controller/LandingPage.controller.js": 1617171552031,
  "Component.js": 1617171552031,
  "manifest-bundle.zip": 1622660999714,
  "Component-preload.js": 1622660999826,
  "i18n/i18n.properties": 1617171552031,
  "controller/LandingPage-dbg.controller.js": 1617171552031,
  "Component-dbg.js": 1617171552031,
  "resources.json": 1622660999854,
  "view/LandingPage.view.xml": 1617171552031,
  "css/style.css": 1617171552031,
  "index.html": 1617171552031
}