{
  "resources.json": 1624259681472,
  "model/models.js": 1617089864184,
  "manifest.json": 1624259681468,
  "controller/LandingPage.controller.js": 1617089864184,
  "Component.js": 1617089864184,
  "manifest-bundle.zip": 1624259681229,
  "Component-preload.js": 1624259681429,
  "controller/LandingPage-dbg.controller.js": 1617089864184,
  "model/models-dbg.js": 1617089864184,
  "Component-dbg.js": 1617089864184,
  "i18n/i18n.properties": 1617089864184,
  "view/LandingPage.view.xml": 1617089864184,
  "css/style.css": 1617089864184,
  "index.html": 1617089864184
}