{
  "resources.json": 1617978626575,
  "Component.js": 1617089864184,
  "model/models.js": 1617089864184,
  "controller/LandingPage.controller.js": 1617089864184,
  "manifest.json": 1617978626572,
  "manifest-bundle.zip": 1617978626399,
  "Component-preload.js": 1617978626547,
  "Component-dbg.js": 1617089864184,
  "controller/LandingPage-dbg.controller.js": 1617089864184,
  "model/models-dbg.js": 1617089864184,
  "i18n/i18n.properties": 1617089864184,
  "view/LandingPage.view.xml": 1617089864184,
  "css/style.css": 1617089864184,
  "index.html": 1617089864184
}