{
  "model/models.js": 1621941634357,
  "controller/LandingPage.controller.js": 1621941634353,
  "i18n/i18n.properties": 1621941634357,
  "manifest.json": 1623236543512,
  "Component.js": 1621941634353,
  "manifest-bundle.zip": 1623236543307,
  "Component-preload.js": 1623236543483,
  "model/models-dbg.js": 1621941634357,
  "controller/LandingPage-dbg.controller.js": 1621941634353,
  "Component-dbg.js": 1621941634353,
  "resources.json": 1623236543515,
  "view/LandingPage.view.xml": 1621941634357,
  "css/style.css": 1621941634353,
  "index.html": 1621941634357
}