{
  "Component.js": 1617089864184,
  "controller/LandingPage.controller.js": 1617089864184,
  "model/models.js": 1617089864184,
  "manifest.json": 1617202460101,
  "i18n/i18n.properties": 1617089864184,
  "manifest-bundle.zip": 1617202459874,
  "Component-preload.js": 1617202460072,
  "Component-dbg.js": 1617089864184,
  "controller/LandingPage-dbg.controller.js": 1617089864184,
  "model/models-dbg.js": 1617089864184,
  "resources.json": 1617202460103,
  "view/LandingPage.view.xml": 1617089864184,
  "css/style.css": 1617089864184,
  "index.html": 1617089864184
}