{
  "index.html": 1617171552031,
  "controller/LandingPage.controller.js": 1617171552031,
  "model/models.js": 1617171552031,
  "manifest.json": 1624516354435,
  "Component.js": 1617171552031,
  "manifest-bundle.zip": 1624516354223,
  "Component-preload.js": 1624516354387,
  "model/models-dbg.js": 1617171552031,
  "controller/LandingPage-dbg.controller.js": 1617171552031,
  "Component-dbg.js": 1617171552031,
  "resources.json": 1624516354441,
  "view/LandingPage.view.xml": 1617171552031,
  "css/style.css": 1617171552031,
  "i18n/i18n.properties": 1617171552031
}