{
  "manifest.json": 1625767391030,
  "i18n/i18n.properties": 1617171552031,
  "model/models.js": 1617171552031,
  "controller/LandingPage.controller.js": 1617171552031,
  "Component.js": 1617171552031,
  "manifest-bundle.zip": 1625767390883,
  "Component-preload.js": 1625767391001,
  "model/models-dbg.js": 1617171552031,
  "controller/LandingPage-dbg.controller.js": 1617171552031,
  "Component-dbg.js": 1617171552031,
  "resources.json": 1625767391033,
  "view/LandingPage.view.xml": 1617171552031,
  "css/style.css": 1617171552031,
  "index.html": 1617171552031
}