{
  "manifest-bundle.zip": 1624254197143,
  "controller/LandingPage.controller.js": 1617089864188,
  "model/models.js": 1617089864188,
  "manifest.json": 1624254197413,
  "Component.js": 1617089864188,
  "i18n/i18n.properties": 1617089864188,
  "Component-preload.js": 1624254197377,
  "model/models-dbg.js": 1617089864188,
  "controller/LandingPage-dbg.controller.js": 1617089864188,
  "Component-dbg.js": 1617089864188,
  "resources.json": 1624254197417,
  "view/LandingPage.view.xml": 1617089864188,
  "css/style.css": 1617089864188,
  "index.html": 1617089864188
}