{
  "controller/LandingPage-dbg.controller.js": 1617171552035,
  "model/models.js": 1617171552035,
  "manifest.json": 1618464696383,
  "controller/LandingPage.controller.js": 1617171552035,
  "Component.js": 1617171552035,
  "manifest-bundle.zip": 1618464696143,
  "Component-preload.js": 1618464696350,
  "i18n/i18n.properties": 1617171552035,
  "model/models-dbg.js": 1617171552035,
  "Component-dbg.js": 1617171552035,
  "resources.json": 1618464696388,
  "view/LandingPage.view.xml": 1617171552035,
  "css/style.css": 1617171552035,
  "index.html": 1617171552035
}