{
  "controller/LandingPage-dbg.controller.js": 1617089864188,
  "Component.js": 1617089864188,
  "model/models.js": 1617089864188,
  "controller/LandingPage.controller.js": 1617089864188,
  "manifest.json": 1625579130019,
  "manifest-bundle.zip": 1625579129846,
  "Component-preload.js": 1625579129991,
  "i18n/i18n.properties": 1617089864188,
  "model/models-dbg.js": 1617089864188,
  "Component-dbg.js": 1617089864188,
  "resources.json": 1625579130022,
  "view/LandingPage.view.xml": 1617089864188,
  "css/style.css": 1617089864188,
  "index.html": 1617089864188
}