{
  "resources.json": 1624277110037,
  "controller/LandingPage.controller.js": 1617089864188,
  "model/models.js": 1617089864188,
  "manifest.json": 1624277110034,
  "Component.js": 1617089864188,
  "manifest-bundle.zip": 1624277109832,
  "Component-preload.js": 1624277110002,
  "Component-dbg.js": 1617089864188,
  "controller/LandingPage-dbg.controller.js": 1617089864188,
  "model/models-dbg.js": 1617089864188,
  "i18n/i18n.properties": 1617089864188,
  "view/LandingPage.view.xml": 1617089864188,
  "css/style.css": 1617089864188,
  "index.html": 1617089864188
}