{
  "resources.json": 1622700298995,
  "manifest.json": 1622700298993,
  "model/models.js": 1617089864188,
  "controller/LandingPage.controller.js": 1617089864188,
  "Component.js": 1617089864188,
  "manifest-bundle.zip": 1622700298790,
  "Component-preload.js": 1622700298965,
  "model/models-dbg.js": 1617089864188,
  "controller/LandingPage-dbg.controller.js": 1617089864188,
  "Component-dbg.js": 1617089864188,
  "i18n/i18n.properties": 1617089864188,
  "view/LandingPage.view.xml": 1617089864188,
  "css/style.css": 1617089864188,
  "index.html": 1617089864188
}