{
  "controller/LandingPage.controller.js": 1621941634357,
  "i18n/i18n.properties": 1621941634357,
  "model/models.js": 1621941634357,
  "manifest.json": 1625648807800,
  "Component.js": 1621941634357,
  "manifest-bundle.zip": 1625648807605,
  "Component-preload.js": 1625648807768,
  "Component-dbg.js": 1621941634357,
  "controller/LandingPage-dbg.controller.js": 1621941634357,
  "model/models-dbg.js": 1621941634357,
  "resources.json": 1625648807803,
  "view/LandingPage.view.xml": 1621941634357,
  "css/style.css": 1621941634357,
  "index.html": 1621941634357
}