{
  "css/style.css": 1625237450625,
  "controller/LandingPage.controller.js": 1625237450625,
  "model/models.js": 1625237450625,
  "manifest.json": 1625514873075,
  "Component.js": 1625237450625,
  "manifest-bundle.zip": 1625514872899,
  "Component-preload.js": 1625514873046,
  "Component-dbg.js": 1625237450625,
  "controller/LandingPage-dbg.controller.js": 1625237450625,
  "model/models-dbg.js": 1625237450625,
  "resources.json": 1625514873077,
  "view/LandingPage.view.xml": 1625237450629,
  "i18n/i18n.properties": 1625237450625,
  "index.html": 1625237450625
}