{
  "controller/LandingPage.controller.js": 1617089864188,
  "i18n/i18n.properties": 1617089864188,
  "model/models.js": 1617089864188,
  "manifest.json": 1624348175866,
  "Component.js": 1617089864188,
  "manifest-bundle.zip": 1624348175680,
  "Component-preload.js": 1624348175839,
  "controller/LandingPage-dbg.controller.js": 1617089864188,
  "model/models-dbg.js": 1617089864188,
  "Component-dbg.js": 1617089864188,
  "resources.json": 1624348175868,
  "view/LandingPage.view.xml": 1617089864188,
  "css/style.css": 1617089864188,
  "index.html": 1617089864188
}