{
  "manifest.json": 1619418407083,
  "controller/LandingPage.controller.js": 1617089864188,
  "model/models.js": 1617089864188,
  "i18n/i18n.properties": 1617089864188,
  "Component.js": 1617089864188,
  "manifest-bundle.zip": 1619418406901,
  "Component-preload.js": 1619418407057,
  "controller/LandingPage-dbg.controller.js": 1617089864188,
  "model/models-dbg.js": 1617089864188,
  "Component-dbg.js": 1617089864188,
  "resources.json": 1619418407085,
  "view/LandingPage.view.xml": 1617089864188,
  "css/style.css": 1617089864188,
  "index.html": 1617089864188
}