{
  "css/style.css": 1617089864188,
  "Component.js": 1617089864188,
  "model/models.js": 1617089864188,
  "controller/LandingPage.controller.js": 1617089864188,
  "manifest.json": 1623939234294,
  "manifest-bundle.zip": 1623939234117,
  "Component-preload.js": 1623939234266,
  "Component-dbg.js": 1617089864188,
  "controller/LandingPage-dbg.controller.js": 1617089864188,
  "model/models-dbg.js": 1617089864188,
  "resources.json": 1623939234297,
  "view/LandingPage.view.xml": 1617089864188,
  "i18n/i18n.properties": 1617089864188,
  "index.html": 1617089864188
}