{
  "resources.json": 1625648197739,
  "controller/LandingPage.controller.js": 1625047553896,
  "model/models.js": 1625047553896,
  "manifest.json": 1625648197735,
  "Component.js": 1625047553896,
  "manifest-bundle.zip": 1625648197532,
  "Component-preload.js": 1625648197702,
  "Component-dbg.js": 1625047553896,
  "controller/LandingPage-dbg.controller.js": 1625047553896,
  "model/models-dbg.js": 1625047553896,
  "i18n/i18n.properties": 1625047553896,
  "view/LandingPage.view.xml": 1625047553896,
  "css/style.css": 1625047553896,
  "index.html": 1625047553896
}