{
  "resources.json": 1625648238217,
  "Component.js": 1625047557752,
  "model/models.js": 1625047557752,
  "controller/LandingPage.controller.js": 1625047557752,
  "manifest.json": 1625648238213,
  "manifest-bundle.zip": 1625648238023,
  "Component-preload.js": 1625648238180,
  "model/models-dbg.js": 1625047557752,
  "controller/LandingPage-dbg.controller.js": 1625047557752,
  "Component-dbg.js": 1625047557752,
  "i18n/i18n.properties": 1625047557752,
  "view/LandingPage.view.xml": 1625047557752,
  "css/style.css": 1625047557752,
  "index.html": 1625047557752
}