{
  "controller/LandingPage.controller.js": 1617171552039,
  "model/models.js": 1617171552039,
  "manifest.json": 1623962058477,
  "i18n/i18n.properties": 1617171552039,
  "Component.js": 1617171552039,
  "manifest-bundle.zip": 1623962058323,
  "Component-preload.js": 1623962058443,
  "controller/LandingPage-dbg.controller.js": 1617171552039,
  "model/models-dbg.js": 1617171552039,
  "Component-dbg.js": 1617171552039,
  "resources.json": 1623962058479,
  "view/LandingPage.view.xml": 1617171552043,
  "css/style.css": 1617171552039,
  "index.html": 1617171552039
}