{
  "Component-dbg.js": 1621941634365,
  "manifest.json": 1623236563229,
  "model/models.js": 1621941634365,
  "controller/LandingPage.controller.js": 1621941634365,
  "Component.js": 1621941634365,
  "manifest-bundle.zip": 1623236562855,
  "Component-preload.js": 1623236563100,
  "model/models-dbg.js": 1621941634365,
  "controller/LandingPage-dbg.controller.js": 1621941634365,
  "i18n/i18n.properties": 1621941634365,
  "resources.json": 1623236563234,
  "view/LandingPage.view.xml": 1621941634365,
  "css/style.css": 1621941634365,
  "index.html": 1621941634365
}