{
  "controller/LandingPage.controller.js": 1617171552039,
  "Component.js": 1617171552039,
  "model/models.js": 1617171552039,
  "i18n/i18n.properties": 1617171552039,
  "manifest.json": 1623996322236,
  "manifest-bundle.zip": 1623996322062,
  "Component-preload.js": 1623996322202,
  "model/models-dbg.js": 1617171552039,
  "controller/LandingPage-dbg.controller.js": 1617171552039,
  "Component-dbg.js": 1617171552039,
  "resources.json": 1623996322239,
  "view/LandingPage.view.xml": 1617171552043,
  "css/style.css": 1617171552039,
  "index.html": 1617171552039
}