{
  "view/LandingPage.view.xml": 1617171552043,
  "Component.js": 1617171552039,
  "model/models.js": 1617171552039,
  "controller/LandingPage.controller.js": 1617171552039,
  "manifest.json": 1623923706944,
  "manifest-bundle.zip": 1623923706800,
  "Component-preload.js": 1623923706916,
  "Component-dbg.js": 1617171552039,
  "controller/LandingPage-dbg.controller.js": 1617171552039,
  "model/models-dbg.js": 1617171552039,
  "resources.json": 1623923706947,
  "i18n/i18n.properties": 1617171552039,
  "css/style.css": 1617171552039,
  "index.html": 1617171552039
}