{
  "Component-preload.js": 1624954719967,
  "Component.js": 1617171552039,
  "model/models.js": 1617171552039,
  "controller/LandingPage.controller.js": 1617171552039,
  "manifest.json": 1624954719999,
  "manifest-bundle.zip": 1624954719833,
  "i18n/i18n.properties": 1617171552039,
  "Component-dbg.js": 1617171552039,
  "controller/LandingPage-dbg.controller.js": 1617171552039,
  "model/models-dbg.js": 1617171552039,
  "resources.json": 1624954720002,
  "view/LandingPage.view.xml": 1617171552043,
  "css/style.css": 1617171552039,
  "index.html": 1617171552039
}