{
  "controller/LandingPage.controller.js": 1625047553896,
  "model/models.js": 1625047553896,
  "manifest.json": 1625648202994,
  "i18n/i18n.properties": 1625047553896,
  "Component.js": 1625047553892,
  "manifest-bundle.zip": 1625648202810,
  "Component-preload.js": 1625648202959,
  "controller/LandingPage-dbg.controller.js": 1625047553896,
  "model/models-dbg.js": 1625047553896,
  "Component-dbg.js": 1625047553892,
  "resources.json": 1625648202996,
  "view/LandingPage.view.xml": 1625047553896,
  "css/style.css": 1625047553896,
  "index.html": 1625047553896
}