{
  "Component-dbg.js": 1617171552031,
  "model/models.js": 1617171552031,
  "manifest.json": 1623923676678,
  "controller/LandingPage.controller.js": 1617171552031,
  "Component.js": 1617171552031,
  "manifest-bundle.zip": 1623923676532,
  "Component-preload.js": 1623923676649,
  "model/models-dbg.js": 1617171552031,
  "controller/LandingPage-dbg.controller.js": 1617171552031,
  "i18n/i18n.properties": 1617171552031,
  "resources.json": 1623923676680,
  "view/LandingPage.view.xml": 1617171552035,
  "css/style.css": 1617171552031,
  "index.html": 1617171552031
}