{
  "css/style.css": 1617171552031,
  "manifest.json": 1622660984477,
  "model/models.js": 1617171552031,
  "controller/LandingPage.controller.js": 1617171552031,
  "Component.js": 1617171552031,
  "manifest-bundle.zip": 1622660984336,
  "Component-preload.js": 1622660984452,
  "Component-dbg.js": 1617171552031,
  "controller/LandingPage-dbg.controller.js": 1617171552031,
  "model/models-dbg.js": 1617171552031,
  "resources.json": 1622660984480,
  "view/LandingPage.view.xml": 1617171552035,
  "i18n/i18n.properties": 1617171552031,
  "index.html": 1617171552031
}