{
  "manifest-bundle.zip": 1618464703945,
  "manifest.json": 1618464704141,
  "model/models.js": 1617171552031,
  "controller/LandingPage.controller.js": 1617171552031,
  "Component.js": 1617171552031,
  "i18n/i18n.properties": 1617171552031,
  "Component-preload.js": 1618464704106,
  "Component-dbg.js": 1617171552031,
  "controller/LandingPage-dbg.controller.js": 1617171552031,
  "model/models-dbg.js": 1617171552031,
  "resources.json": 1618464704144,
  "view/LandingPage.view.xml": 1617171552035,
  "css/style.css": 1617171552031,
  "index.html": 1617171552031
}