{
  "index.html": 1617171552031,
  "manifest.json": 1624516339658,
  "model/models.js": 1617171552031,
  "controller/LandingPage.controller.js": 1617171552031,
  "Component.js": 1617171552031,
  "manifest-bundle.zip": 1624516339494,
  "Component-preload.js": 1624516339626,
  "model/models-dbg.js": 1617171552031,
  "controller/LandingPage-dbg.controller.js": 1617171552031,
  "Component-dbg.js": 1617171552031,
  "resources.json": 1624516339662,
  "view/LandingPage.view.xml": 1617171552035,
  "css/style.css": 1617171552031,
  "i18n/i18n.properties": 1617171552031
}