{
  "Component-preload.js": 1623940935629,
  "Component.js": 1617171552031,
  "model/models.js": 1617171552031,
  "controller/LandingPage.controller.js": 1617171552031,
  "manifest.json": 1623940935658,
  "manifest-bundle.zip": 1623940935514,
  "i18n/i18n.properties": 1617171552031,
  "controller/LandingPage-dbg.controller.js": 1617171552031,
  "model/models-dbg.js": 1617171552031,
  "Component-dbg.js": 1617171552031,
  "resources.json": 1623940935661,
  "view/LandingPage.view.xml": 1617171552035,
  "css/style.css": 1617171552031,
  "index.html": 1617171552031
}