{
  "view/LandingPage.view.xml": 1617171552035,
  "manifest.json": 1623052012509,
  "model/models.js": 1617171552031,
  "controller/LandingPage.controller.js": 1617171552031,
  "Component.js": 1617171552031,
  "manifest-bundle.zip": 1623052012358,
  "Component-preload.js": 1623052012480,
  "Component-dbg.js": 1617171552031,
  "controller/LandingPage-dbg.controller.js": 1617171552031,
  "model/models-dbg.js": 1617171552031,
  "resources.json": 1623052012511,
  "i18n/i18n.properties": 1617171552031,
  "css/style.css": 1617171552031,
  "index.html": 1617171552031
}