{
  "model/models.js": 1617089864184,
  "controller/LandingPage.controller.js": 1617089864184,
  "i18n/i18n.properties": 1617089864184,
  "manifest.json": 1619418413868,
  "Component.js": 1617089864184,
  "manifest-bundle.zip": 1619418413697,
  "Component-preload.js": 1619418413844,
  "Component-dbg.js": 1617089864184,
  "controller/LandingPage-dbg.controller.js": 1617089864184,
  "model/models-dbg.js": 1617089864184,
  "resources.json": 1619418413871,
  "view/LandingPage.view.xml": 1617089864188,
  "css/style.css": 1617089864184,
  "index.html": 1617089864184
}