{
  "resources.json": 1625767375584,
  "model/models.js": 1617171552031,
  "manifest.json": 1625767375580,
  "controller/LandingPage.controller.js": 1617171552031,
  "Component.js": 1617171552031,
  "manifest-bundle.zip": 1625767375437,
  "Component-preload.js": 1625767375550,
  "model/models-dbg.js": 1617171552031,
  "controller/LandingPage-dbg.controller.js": 1617171552031,
  "Component-dbg.js": 1617171552031,
  "i18n/i18n.properties": 1617171552031,
  "view/LandingPage.view.xml": 1617171552035,
  "css/style.css": 1617171552031,
  "index.html": 1617171552031
}