{
  "Component-dbg.js": 1621941634357,
  "Component.js": 1621941634357,
  "model/models.js": 1621941634357,
  "controller/LandingPage.controller.js": 1621941634357,
  "manifest.json": 1623236533863,
  "manifest-bundle.zip": 1623236533678,
  "Component-preload.js": 1623236533831,
  "controller/LandingPage-dbg.controller.js": 1621941634357,
  "model/models-dbg.js": 1621941634357,
  "i18n/i18n.properties": 1621941634357,
  "resources.json": 1623236533866,
  "view/LandingPage.view.xml": 1621941634357,
  "css/style.css": 1621941634357,
  "index.html": 1621941634357
}