{
  "manifest-bundle.zip": 1625648812703,
  "model/models.js": 1621941634357,
  "manifest.json": 1625648812881,
  "controller/LandingPage.controller.js": 1621941634357,
  "Component.js": 1621941634357,
  "i18n/i18n.properties": 1621941634357,
  "Component-preload.js": 1625648812853,
  "model/models-dbg.js": 1621941634357,
  "controller/LandingPage-dbg.controller.js": 1621941634357,
  "Component-dbg.js": 1621941634357,
  "resources.json": 1625648812883,
  "view/LandingPage.view.xml": 1621941634357,
  "css/style.css": 1621941634357,
  "index.html": 1621941634357
}