{
  "Component.js": 1617171552047,
  "model/models.js": 1617171552047,
  "manifest.json": 1622657273590,
  "controller/LandingPage.controller.js": 1617171552047,
  "i18n/i18n.properties": 1617171552047,
  "manifest-bundle.zip": 1622657273452,
  "Component-preload.js": 1622657273563,
  "controller/LandingPage-dbg.controller.js": 1617171552047,
  "model/models-dbg.js": 1617171552047,
  "Component-dbg.js": 1617171552047,
  "resources.json": 1622657273592,
  "view/LandingPage.view.xml": 1617171552047,
  "css/style.css": 1617171552047,
  "index.html": 1617171552047
}