{
  "index.html": 1617032536468,
  "Component.js": 1617032536468,
  "model/models.js": 1617032536468,
  "controller/LandingPage.controller.js": 1617032536468,
  "manifest.json": 1623939220696,
  "manifest-bundle.zip": 1623939220515,
  "Component-preload.js": 1623939220668,
  "Component-dbg.js": 1617032536468,
  "controller/LandingPage-dbg.controller.js": 1617032536468,
  "model/models-dbg.js": 1617032536468,
  "resources.json": 1623939220699,
  "view/LandingPage.view.xml": 1617032536472,
  "css/style.css": 1617032536468,
  "i18n/i18n.properties": 1617032536468
}