{
  "model/models-dbg.js": 1621941634377,
  "model/models.js": 1621941634377,
  "manifest.json": 1625648794180,
  "controller/LandingPage.controller.js": 1621941634377,
  "Component.js": 1621941634377,
  "manifest-bundle.zip": 1625648793936,
  "Component-preload.js": 1625648794141,
  "controller/LandingPage-dbg.controller.js": 1621941634377,
  "i18n/i18n.properties": 1621941634377,
  "Component-dbg.js": 1621941634377,
  "resources.json": 1625648794188,
  "view/LandingPage.view.xml": 1621941634377,
  "css/style.css": 1621941634377,
  "index.html": 1621941634377
}