{
  "Component-preload.js": 1625579116926,
  "Component.js": 1617032536468,
  "model/models.js": 1617032536468,
  "controller/LandingPage.controller.js": 1617032536468,
  "manifest.json": 1625579116953,
  "manifest-bundle.zip": 1625579116774,
  "i18n/i18n.properties": 1617032536468,
  "model/models-dbg.js": 1617032536468,
  "controller/LandingPage-dbg.controller.js": 1617032536468,
  "Component-dbg.js": 1617032536468,
  "resources.json": 1625579116956,
  "view/LandingPage.view.xml": 1617032536472,
  "css/style.css": 1617032536468,
  "index.html": 1617032536468
}