{
  "index.html": 1617032536468,
  "controller/LandingPage.controller.js": 1617032536468,
  "model/models.js": 1617032536468,
  "manifest.json": 1623911459563,
  "Component.js": 1617032536468,
  "manifest-bundle.zip": 1623911459377,
  "Component-preload.js": 1623911459536,
  "model/models-dbg.js": 1617032536468,
  "controller/LandingPage-dbg.controller.js": 1617032536468,
  "Component-dbg.js": 1617032536468,
  "resources.json": 1623911459566,
  "view/LandingPage.view.xml": 1617032536472,
  "css/style.css": 1617032536468,
  "i18n/i18n.properties": 1617032536468
}