{
  "view/LandingPage.view.xml": 1617171552047,
  "model/models.js": 1617171552047,
  "manifest.json": 1618464671551,
  "controller/LandingPage.controller.js": 1617171552047,
  "Component.js": 1617171552047,
  "manifest-bundle.zip": 1618464671346,
  "Component-preload.js": 1618464671523,
  "Component-dbg.js": 1617171552047,
  "controller/LandingPage-dbg.controller.js": 1617171552047,
  "model/models-dbg.js": 1617171552047,
  "resources.json": 1618464671554,
  "i18n/i18n.properties": 1617171552047,
  "css/style.css": 1617171552047,
  "index.html": 1617171552047
}