{
  "controller/LandingPage-dbg.controller.js": 1617032536468,
  "Component.js": 1617032536468,
  "model/models.js": 1617032536468,
  "controller/LandingPage.controller.js": 1617032536468,
  "manifest.json": 1617202421599,
  "manifest-bundle.zip": 1617202421414,
  "Component-preload.js": 1617202421574,
  "model/models-dbg.js": 1617032536468,
  "i18n/i18n.properties": 1617032536468,
  "Component-dbg.js": 1617032536468,
  "resources.json": 1617202421602,
  "view/LandingPage.view.xml": 1617032536472,
  "css/style.css": 1617032536468,
  "index.html": 1617032536468
}