{
  "view/LandingPage.view.xml": 1617032536472,
  "manifest.json": 1624254181362,
  "model/models.js": 1617032536468,
  "controller/LandingPage.controller.js": 1617032536468,
  "Component.js": 1617032536468,
  "manifest-bundle.zip": 1624254181162,
  "Component-preload.js": 1624254181330,
  "controller/LandingPage-dbg.controller.js": 1617032536468,
  "model/models-dbg.js": 1617032536468,
  "Component-dbg.js": 1617032536468,
  "resources.json": 1624254181365,
  "i18n/i18n.properties": 1617032536468,
  "css/style.css": 1617032536468,
  "index.html": 1617032536468
}