{
  "model/models-dbg.js": 1625237455805,
  "manifest.json": 1625514860471,
  "model/models.js": 1625237455805,
  "controller/LandingPage.controller.js": 1625237455805,
  "Component.js": 1625237455805,
  "manifest-bundle.zip": 1625514860301,
  "Component-preload.js": 1625514860443,
  "controller/LandingPage-dbg.controller.js": 1625237455805,
  "i18n/i18n.properties": 1625237455805,
  "Component-dbg.js": 1625237455805,
  "resources.json": 1625514860473,
  "view/LandingPage.view.xml": 1625237455805,
  "css/style.css": 1625237455805,
  "index.html": 1625237455805
}