{
  "model/models-dbg.js": 1617032536468,
  "manifest.json": 1617978584239,
  "model/models.js": 1617032536468,
  "controller/LandingPage.controller.js": 1617032536468,
  "Component.js": 1617032536468,
  "manifest-bundle.zip": 1617978584058,
  "Component-preload.js": 1617978584214,
  "Component-dbg.js": 1617032536468,
  "controller/LandingPage-dbg.controller.js": 1617032536468,
  "i18n/i18n.properties": 1617032536468,
  "resources.json": 1617978584242,
  "view/LandingPage.view.xml": 1617032536472,
  "css/style.css": 1617032536468,
  "index.html": 1617032536468
}