{
  "manifest-bundle.zip": 1623236514953,
  "manifest.json": 1623236515171,
  "model/models.js": 1621941634377,
  "controller/LandingPage.controller.js": 1621941634377,
  "Component.js": 1621941634377,
  "i18n/i18n.properties": 1621941634377,
  "Component-preload.js": 1623236515132,
  "controller/LandingPage-dbg.controller.js": 1621941634377,
  "model/models-dbg.js": 1621941634377,
  "Component-dbg.js": 1621941634377,
  "resources.json": 1623236515174,
  "view/LandingPage.view.xml": 1621941634377,
  "css/style.css": 1621941634377,
  "index.html": 1621941634377
}