{
  "resources.json": 1625735268594,
  "model/models.js": 1617171552047,
  "manifest.json": 1625735268591,
  "controller/LandingPage.controller.js": 1617171552047,
  "Component.js": 1617171552047,
  "manifest-bundle.zip": 1625735268436,
  "Component-preload.js": 1625735268557,
  "Component-dbg.js": 1617171552047,
  "controller/LandingPage-dbg.controller.js": 1617171552047,
  "model/models-dbg.js": 1617171552047,
  "i18n/i18n.properties": 1617171552047,
  "view/LandingPage.view.xml": 1617171552047,
  "css/style.css": 1617171552047,
  "index.html": 1617171552047
}