{
  "i18n/i18n.properties": 1617032536468,
  "controller/LandingPage.controller.js": 1617032536468,
  "model/models.js": 1617032536468,
  "manifest.json": 1624251693051,
  "Component.js": 1617032536468,
  "manifest-bundle.zip": 1624251692822,
  "Component-preload.js": 1624251693017,
  "model/models-dbg.js": 1617032536468,
  "controller/LandingPage-dbg.controller.js": 1617032536468,
  "Component-dbg.js": 1617032536468,
  "resources.json": 1624251693055,
  "view/LandingPage.view.xml": 1617032536472,
  "css/style.css": 1617032536468,
  "index.html": 1617032536468
}