{
  "view/LandingPage.view.xml": 1617032536472,
  "controller/LandingPage.controller.js": 1617032536468,
  "model/models.js": 1617032536468,
  "manifest.json": 1624277095348,
  "Component.js": 1617032536468,
  "manifest-bundle.zip": 1624277095167,
  "Component-preload.js": 1624277095318,
  "model/models-dbg.js": 1617032536468,
  "controller/LandingPage-dbg.controller.js": 1617032536468,
  "Component-dbg.js": 1617032536468,
  "resources.json": 1624277095352,
  "i18n/i18n.properties": 1617032536468,
  "css/style.css": 1617032536468,
  "index.html": 1617032536468
}