{
  "controller/LandingPage.controller.js": 1617171552047,
  "model/models.js": 1617171552047,
  "manifest.json": 1622151989430,
  "i18n/i18n.properties": 1617171552047,
  "Component.js": 1617171552047,
  "manifest-bundle.zip": 1622151989292,
  "Component-preload.js": 1622151989402,
  "Component-dbg.js": 1617171552047,
  "controller/LandingPage-dbg.controller.js": 1617171552047,
  "model/models-dbg.js": 1617171552047,
  "resources.json": 1622151989433,
  "view/LandingPage.view.xml": 1617171552047,
  "css/style.css": 1617171552047,
  "index.html": 1617171552047
}