{
  "Component-preload.js": 1627994459934,
  "i18n/i18n_en_GB.properties": 1626183718219,
  "i18n/i18n_en.properties": 1626183718219,
  "i18n/i18n.properties": 1627545389357,
  "controller/BaseController.js": 1623749249308,
  "model/models.js": 1623749249308,
  "controller/Main.controller.js": 1627545389357,
  "controller/ErrorHandler.js": 1623749249308,
  "manifest.json": 1627994460017,
  "controller/App.controller.js": 1626183718219,
  "Component.js": 1623749249308,
  "manifest-bundle.zip": 1627994459626,
  "i18n/i18n_en_US.properties": 1626183718219,
  "controller/ErrorHandler-dbg.js": 1623749249308,
  "controller/Main-dbg.controller.js": 1627545389357,
  "model/models-dbg.js": 1623749249308,
  "controller/BaseController-dbg.js": 1623749249308,
  "controller/App-dbg.controller.js": 1626183718219,
  "Component-dbg.js": 1623749249308,
  "view/Main.view.xml": 1626183718223,
  "view/App.view.xml": 1626183718223,
  "css/style.css": 1623749249308,
  "index.html": 1623749249308
}