{
  "manifest.json": 1625767487937,
  "i18n/i18n_en_GB.properties": 1625237277177,
  "i18n/i18n_en.properties": 1625237277177,
  "i18n/i18n_en_US.properties": 1625237277177,
  "model/models.js": 1623749249308,
  "i18n/i18n.properties": 1625750724551,
  "controller/Main.controller.js": 1625237277177,
  "controller/ErrorHandler.js": 1623749249308,
  "controller/BaseController.js": 1623749249308,
  "controller/App.controller.js": 1625731850441,
  "Component.js": 1623749249308,
  "manifest-bundle.zip": 1625767487467,
  "Component-preload.js": 1625767487852,
  "controller/App-dbg.controller.js": 1625731850441,
  "controller/Main-dbg.controller.js": 1625237277177,
  "controller/ErrorHandler-dbg.js": 1623749249308,
  "controller/BaseController-dbg.js": 1623749249308,
  "model/models-dbg.js": 1623749249308,
  "Component-dbg.js": 1623749249308,
  "view/Main.view.xml": 1625750761115,
  "view/App.view.xml": 1625731850441,
  "css/style.css": 1623749249308,
  "index.html": 1623749249308
}