{
  "css/style.css": 1625237454317,
  "i18n/i18n_en_US.properties": 1625237454317,
  "i18n/i18n_en.properties": 1625237454317,
  "i18n/i18n.properties": 1625237454317,
  "controller/Main.controller.js": 1625237454317,
  "model/models.js": 1625237454317,
  "manifest.json": 1625514964538,
  "controller/ErrorHandler.js": 1625237454317,
  "controller/BaseController.js": 1625237454317,
  "controller/App.controller.js": 1625488934611,
  "Component.js": 1625237454317,
  "manifest-bundle.zip": 1625514964269,
  "Component-preload.js": 1625514964471,
  "controller/ErrorHandler-dbg.js": 1625237454317,
  "controller/Main-dbg.controller.js": 1625237454317,
  "model/models-dbg.js": 1625237454317,
  "controller/BaseController-dbg.js": 1625237454317,
  "controller/App-dbg.controller.js": 1625488934611,
  "Component-dbg.js": 1625237454317,
  "view/Main.view.xml": 1625488934611,
  "view/App.view.xml": 1625488934611,
  "i18n/i18n_en_GB.properties": 1625237454317,
  "index.html": 1625237454317
}