{
  "controller/App-dbg.controller.js": 1625574780013,
  "i18n/i18n_en_GB.properties": 1625464385459,
  "i18n/i18n_en.properties": 1625464385459,
  "i18n/i18n.properties": 1625464385459,
  "controller/BaseController.js": 1623738738518,
  "model/models.js": 1623738738530,
  "controller/Main.controller.js": 1625464385459,
  "controller/ErrorHandler.js": 1623738738522,
  "manifest.json": 1625579227080,
  "controller/App.controller.js": 1625574780013,
  "Component.js": 1623738738518,
  "manifest-bundle.zip": 1625579226834,
  "Component-preload.js": 1625579227016,
  "controller/Main-dbg.controller.js": 1625464385459,
  "model/models-dbg.js": 1623738738530,
  "controller/ErrorHandler-dbg.js": 1623738738522,
  "controller/BaseController-dbg.js": 1623738738518,
  "i18n/i18n_en_US.properties": 1625464385459,
  "Component-dbg.js": 1623738738518,
  "view/Main.view.xml": 1625574780013,
  "view/App.view.xml": 1625574780013,
  "css/style.css": 1623738738522,
  "index.html": 1623738738526
}