{
  "controller/ErrorHandler.js": 1625485136005,
  "i18n/i18n_en_GB.properties": 1625230297859,
  "i18n/i18n_en.properties": 1625230297859,
  "i18n/i18n_en_US.properties": 1625230297859,
  "model/models.js": 1624876710656,
  "manifest.json": 1625648927232,
  "controller/Main.controller.js": 1625230297859,
  "i18n/i18n.properties": 1625230297859,
  "controller/BaseController.js": 1624876710652,
  "controller/App.controller.js": 1625634601268,
  "Component.js": 1624876710652,
  "manifest-bundle.zip": 1625648926804,
  "Component-preload.js": 1625648927134,
  "controller/BaseController-dbg.js": 1624876710652,
  "controller/Main-dbg.controller.js": 1625230297859,
  "controller/ErrorHandler-dbg.js": 1625485136005,
  "model/models-dbg.js": 1624876710656,
  "controller/App-dbg.controller.js": 1625634601268,
  "Component-dbg.js": 1624876710652,
  "view/Main.view.xml": 1625634601272,
  "view/App.view.xml": 1625634601272,
  "css/style.css": 1624876710652,
  "index.html": 1624876710652
}