{
  "index.html": 1624876710652,
  "i18n/i18n_en_GB.properties": 1625749936942,
  "i18n/i18n_en_US.properties": 1625749936942,
  "i18n/i18n.properties": 1625749936942,
  "controller/BaseController.js": 1624876710652,
  "model/models.js": 1624876710656,
  "controller/Main.controller.js": 1625749936942,
  "controller/ErrorHandler.js": 1625485136005,
  "manifest.json": 1626337791060,
  "controller/App.controller.js": 1625749936942,
  "Component.js": 1624876710652,
  "manifest-bundle.zip": 1626337790748,
  "Component-preload.js": 1626337790996,
  "controller/Main-dbg.controller.js": 1625749936942,
  "model/models-dbg.js": 1624876710656,
  "controller/ErrorHandler-dbg.js": 1625485136005,
  "controller/BaseController-dbg.js": 1624876710652,
  "controller/App-dbg.controller.js": 1625749936942,
  "Component-dbg.js": 1624876710652,
  "view/Main.view.xml": 1625750451889,
  "view/App.view.xml": 1625749936942,
  "css/style.css": 1624876710652,
  "i18n/i18n_en.properties": 1625749936942
}