{
  "Component.js": 1623738738518,
  "manifest.json": 1624251847030,
  "model/models.js": 1623738738530,
  "controller/Main.controller.js": 1623738738522,
  "controller/ErrorHandler.js": 1623738738522,
  "controller/BaseController.js": 1623738738518,
  "i18n/i18n.properties": 1623738738522,
  "manifest-bundle.zip": 1624251846552,
  "Component-preload.js": 1624251846950,
  "controller/BaseController-dbg.js": 1623738738518,
  "controller/Main-dbg.controller.js": 1623738738522,
  "controller/ErrorHandler-dbg.js": 1623738738522,
  "model/models-dbg.js": 1623738738530,
  "Component-dbg.js": 1623738738518,
  "view/Main.view.xml": 1623738738546,
  "css/style.css": 1623738738522,
  "index.html": 1623738738526
}