{
  "controller/Main.controller.js": 1623749249308,
  "model/models.js": 1623749249308,
  "manifest.json": 1623962128668,
  "i18n/i18n.properties": 1623749249308,
  "controller/ErrorHandler.js": 1623749249308,
  "controller/BaseController.js": 1623749249308,
  "Component.js": 1623749249308,
  "manifest-bundle.zip": 1623962128430,
  "Component-preload.js": 1623962128604,
  "controller/BaseController-dbg.js": 1623749249308,
  "controller/Main-dbg.controller.js": 1623749249308,
  "controller/ErrorHandler-dbg.js": 1623749249308,
  "model/models-dbg.js": 1623749249308,
  "Component-dbg.js": 1623749249308,
  "view/Main.view.xml": 1623749249312,
  "css/style.css": 1623749249308,
  "index.html": 1623749249308
}