{
  "Component-dbg.js": 1625047557752,
  "i18n/i18n_en_GB.properties": 1625574743300,
  "i18n/i18n_en.properties": 1625574743300,
  "i18n/i18n_en_US.properties": 1625574743300,
  "controller/App.controller.js": 1625574743300,
  "model/models.js": 1625047557756,
  "controller/Main.controller.js": 1625574743300,
  "controller/ErrorHandler.js": 1625047557752,
  "controller/BaseController.js": 1625047557752,
  "manifest.json": 1625648316909,
  "Component.js": 1625047557752,
  "manifest-bundle.zip": 1625648316522,
  "Component-preload.js": 1625648316828,
  "controller/ErrorHandler-dbg.js": 1625047557752,
  "controller/Main-dbg.controller.js": 1625574743300,
  "model/models-dbg.js": 1625047557756,
  "controller/BaseController-dbg.js": 1625047557752,
  "controller/App-dbg.controller.js": 1625574743300,
  "i18n/i18n.properties": 1625574743300,
  "view/Main.view.xml": 1625574743300,
  "view/App.view.xml": 1625574743300,
  "css/style.css": 1625047557752,
  "index.html": 1625047557756
}