{
    "resources": [
        {
            "name": "../mdmuom/controller/BaseController.js"
        },
        {
            "name": "../mdmuom/controller/LandingPage.controller.js"
        },
        {
            "name": "../mdmuom/model/models.js"
        },
        {
            "name": "../mdmuom/manifest.json"
        },
        {
            "name": "../mdmuom/controller/ErrorHandler.js"
        },
        {
            "name": "../mdmuom/controller/Detail.controller.js"
        },
        {
            "name": "../mdmuom/i18n/i18n.properties",
            "raw": "i18n/i18n.properties"
        },
        {
            "name": "../mdmuom/controller/App.controller.js"
        },
        {
            "name": "../mdmuom/Component.js"
        },
        {
            "name": "../mdmuom/manifest-bundle.zip"
        },
        {
            "name": "../mdmuom/Component-preload.js",
            "merged": true
        },
        {
            "name": "../mdmuom/controller/BaseController-dbg.js",
            "isDebug": true
        },
        {
            "name": "../mdmuom/controller/LandingPage-dbg.controller.js",
            "isDebug": true
        },
        {
            "name": "../mdmuom/controller/ErrorHandler-dbg.js",
            "isDebug": true
        },
        {
            "name": "../mdmuom/controller/Detail-dbg.controller.js",
            "isDebug": true
        },
        {
            "name": "../mdmuom/model/models-dbg.js",
            "isDebug": true
        },
        {
            "name": "../mdmuom/controller/App-dbg.controller.js",
            "isDebug": true
        },
        {
            "name": "../mdmuom/Component-dbg.js",
            "isDebug": true
        },
        {
            "name": "../../../../sap-ui-version.json"
        },
        {
            "name": "../mdmuom/view/fragments/FilterSortGroup.fragment.xml"
        },
        {
            "name": "../mdmuom/view/LandingPage.view.xml"
        },
        {
            "name": "../mdmuom/view/Detail.view.xml"
        },
        {
            "name": "../mdmuom/view/App.view.xml"
        },
        {
            "name": "../mdmuom/css/style.css"
        },
        {
            "name": "../mdmuom/index.html"
        }
    ]
}