{
  "controller/ErrorHandler.js": 1625237455797,
  "i18n/i18n.properties": 1625237455797,
  "model/models.js": 1625237455797,
  "controller/LandingPage.controller.js": 1625237455797,
  "manifest.json": 1625479757053,
  "controller/BaseController.js": 1625237455797,
  "controller/App.controller.js": 1625237455797,
  "Component.js": 1625237455797,
  "manifest-bundle.zip": 1625479756790,
  "Component-preload.js": 1625479756998,
  "controller/ErrorHandler-dbg.js": 1625237455797,
  "controller/LandingPage-dbg.controller.js": 1625237455797,
  "model/models-dbg.js": 1625237455797,
  "controller/BaseController-dbg.js": 1625237455797,
  "controller/App-dbg.controller.js": 1625237455797,
  "Component-dbg.js": 1625237455797,
  "resources.json": 1625479757057,
  "view/LandingPage.view.xml": 1625237455797,
  "view/App.view.xml": 1625237455797,
  "css/style.css": 1625237455797,
  "index.html": 1625237455797
}