{
  "manifest.json": 1622660969142,
  "Component.js": 1618305301352,
  "model/models.js": 1617171552043,
  "controller/LandingPage.controller.js": 1618900516881,
  "controller/ErrorHandler.js": 1618305301360,
  "controller/BaseController.js": 1618305301356,
  "controller/App.controller.js": 1618305301356,
  "i18n/i18n.properties": 1618900516881,
  "manifest-bundle.zip": 1622660968902,
  "Component-preload.js": 1622660969078,
  "controller/ErrorHandler-dbg.js": 1618305301360,
  "controller/LandingPage-dbg.controller.js": 1618900516881,
  "model/models-dbg.js": 1617171552043,
  "controller/BaseController-dbg.js": 1618305301356,
  "controller/App-dbg.controller.js": 1618305301356,
  "Component-dbg.js": 1618305301352,
  "resources.json": 1622660969144,
  "view/LandingPage.view.xml": 1620149022702,
  "view/App.view.xml": 1618305301368,
  "css/style.css": 1617171552043,
  "index.html": 1617171552043
}