{
  "css/style.css": 1621941634369,
  "controller/App.controller.js": 1621941634369,
  "model/models.js": 1621941634369,
  "controller/LandingPage.controller.js": 1621941634369,
  "controller/ErrorHandler.js": 1621941634369,
  "controller/BaseController.js": 1621941634369,
  "manifest.json": 1623236523932,
  "Component.js": 1621941634369,
  "manifest-bundle.zip": 1623236523653,
  "Component-preload.js": 1623236523869,
  "controller/ErrorHandler-dbg.js": 1621941634369,
  "controller/LandingPage-dbg.controller.js": 1621941634369,
  "model/models-dbg.js": 1621941634369,
  "controller/BaseController-dbg.js": 1621941634369,
  "controller/App-dbg.controller.js": 1621941634369,
  "Component-dbg.js": 1621941634369,
  "resources.json": 1623236523936,
  "view/LandingPage.view.xml": 1621941634369,
  "view/App.view.xml": 1621941634369,
  "i18n/i18n.properties": 1621941634369,
  "index.html": 1621941634369
}