{
  "controller/LandingPage-dbg.controller.js": 1617089864188,
  "controller/LandingPage.controller.js": 1617089864188,
  "model/models.js": 1617089864188,
  "manifest.json": 1617978596935,
  "Component.js": 1617089864188,
  "manifest-bundle.zip": 1617978596717,
  "Component-preload.js": 1617978596904,
  "Component-dbg.js": 1617089864188,
  "i18n/i18n.properties": 1617089864188,
  "model/models-dbg.js": 1617089864188,
  "resources.json": 1617978596938,
  "view/LandingPage.view.xml": 1617089864188,
  "css/style.css": 1617089864188,
  "index.html": 1617089864188
}