{
  "i18n/i18n.properties": 1625047558880,
  "manifest.json": 1625648192342,
  "model/models.js": 1625047558880,
  "controller/LandingPage.controller.js": 1625047558880,
  "controller/ErrorHandler.js": 1625047558880,
  "controller/BaseController.js": 1625047558880,
  "controller/App.controller.js": 1625047558880,
  "Component.js": 1625047558880,
  "manifest-bundle.zip": 1625648192018,
  "Component-preload.js": 1625648192261,
  "Component-dbg.js": 1625047558880,
  "controller/LandingPage-dbg.controller.js": 1625047558880,
  "controller/ErrorHandler-dbg.js": 1625047558880,
  "controller/BaseController-dbg.js": 1625047558880,
  "controller/App-dbg.controller.js": 1625047558880,
  "model/models-dbg.js": 1625047558880,
  "resources.json": 1625648192346,
  "view/LandingPage.view.xml": 1625047558884,
  "view/App.view.xml": 1625047558884,
  "css/style.css": 1625047558880,
  "index.html": 1625047558880
}