{
  "view/App.view.xml": 1618460033959,
  "controller/BaseController.js": 1618460033959,
  "model/models.js": 1617089864188,
  "controller/LandingPage.controller.js": 1621841777447,
  "controller/ErrorHandler.js": 1618460033959,
  "manifest.json": 1625579125639,
  "controller/App.controller.js": 1618460033959,
  "Component.js": 1618460033959,
  "manifest-bundle.zip": 1625579125378,
  "Component-preload.js": 1625579125579,
  "controller/LandingPage-dbg.controller.js": 1621841777447,
  "model/models-dbg.js": 1617089864188,
  "controller/ErrorHandler-dbg.js": 1618460033959,
  "controller/BaseController-dbg.js": 1618460033959,
  "controller/App-dbg.controller.js": 1618460033959,
  "Component-dbg.js": 1618460033959,
  "resources.json": 1625579125643,
  "view/LandingPage.view.xml": 1623676884449,
  "i18n/i18n.properties": 1621841777447,
  "css/style.css": 1617089864188,
  "index.html": 1617089864188
}