{
  "view/App.view.xml": 1618460033959,
  "controller/ErrorHandler.js": 1618460033959,
  "model/models.js": 1617089864188,
  "controller/LandingPage.controller.js": 1619074026850,
  "manifest.json": 1619418400431,
  "controller/BaseController.js": 1618460033959,
  "controller/App.controller.js": 1618460033959,
  "Component.js": 1618460033959,
  "manifest-bundle.zip": 1619418400158,
  "Component-preload.js": 1619418400367,
  "controller/LandingPage-dbg.controller.js": 1619074026850,
  "model/models-dbg.js": 1617089864188,
  "controller/ErrorHandler-dbg.js": 1618460033959,
  "controller/BaseController-dbg.js": 1618460033959,
  "controller/App-dbg.controller.js": 1618460033959,
  "Component-dbg.js": 1618460033959,
  "resources.json": 1619418400435,
  "view/LandingPage.view.xml": 1619076209616,
  "i18n/i18n.properties": 1618899778821,
  "css/style.css": 1617089864188,
  "index.html": 1617089864188
}