{
  "controller/ErrorHandler.js": 1617947815852,
  "model/models.js": 1617171552043,
  "manifest.json": 1617973403851,
  "controller/LandingPage.controller.js": 1617972882627,
  "i18n/i18n.properties": 1617972882643,
  "controller/BaseController.js": 1617947788000,
  "controller/App.controller.js": 1617947767524,
  "Component.js": 1617948089094,
  "manifest-bundle.zip": 1617973403492,
  "Component-preload.js": 1617973403785,
  "controller/App-dbg.controller.js": 1617947767524,
  "controller/LandingPage-dbg.controller.js": 1617972882627,
  "controller/ErrorHandler-dbg.js": 1617947815852,
  "controller/BaseController-dbg.js": 1617947788000,
  "model/models-dbg.js": 1617171552043,
  "Component-dbg.js": 1617948089094,
  "resources.json": 1617973403859,
  "view/LandingPage.view.xml": 1617972882643,
  "view/App.view.xml": 1617947842861,
  "css/style.css": 1617171552043,
  "index.html": 1617171552043
}