{
  "css/style.css": 1617171552043,
  "controller/LandingPage.controller.js": 1617171552043,
  "model/models.js": 1617171552047,
  "manifest.json": 1623051990055,
  "Component.js": 1617171552043,
  "manifest-bundle.zip": 1623051989909,
  "Component-preload.js": 1623051990027,
  "Component-dbg.js": 1617171552043,
  "controller/LandingPage-dbg.controller.js": 1617171552043,
  "model/models-dbg.js": 1617171552047,
  "resources.json": 1623051990057,
  "view/LandingPage.view.xml": 1617171552047,
  "i18n/i18n.properties": 1617171552047,
  "index.html": 1617171552047
}