{
  "model/models-dbg.js": 1617032537140,
  "model/models.js": 1617032537140,
  "manifest.json": 1624277090418,
  "controller/LandingPage.controller.js": 1617032536468,
  "Component.js": 1617032536468,
  "manifest-bundle.zip": 1624277090216,
  "Component-preload.js": 1624277090390,
  "i18n/i18n.properties": 1617032536468,
  "controller/LandingPage-dbg.controller.js": 1617032536468,
  "Component-dbg.js": 1617032536468,
  "resources.json": 1624277090421,
  "view/LandingPage.view.xml": 1617032536468,
  "css/style.css": 1617032537140,
  "index.html": 1617032536468
}