{
  "manifest-bundle.zip": 1623939216113,
  "model/models.js": 1617032537140,
  "manifest.json": 1623939216295,
  "controller/LandingPage.controller.js": 1617032536468,
  "Component.js": 1617032536468,
  "i18n/i18n.properties": 1617032536468,
  "Component-preload.js": 1623939216265,
  "Component-dbg.js": 1617032536468,
  "controller/LandingPage-dbg.controller.js": 1617032536468,
  "model/models-dbg.js": 1617032537140,
  "resources.json": 1623939216298,
  "view/LandingPage.view.xml": 1617032536468,
  "css/style.css": 1617032537140,
  "index.html": 1617032536468
}