{
  "Component.js": 1617171552043,
  "manifest.json": 1623923655009,
  "model/models.js": 1617171552047,
  "controller/LandingPage.controller.js": 1617171552043,
  "i18n/i18n.properties": 1617171552047,
  "manifest-bundle.zip": 1623923654864,
  "Component-preload.js": 1623923654980,
  "controller/LandingPage-dbg.controller.js": 1617171552043,
  "model/models-dbg.js": 1617171552047,
  "Component-dbg.js": 1617171552043,
  "resources.json": 1623923655012,
  "view/LandingPage.view.xml": 1617171552047,
  "css/style.css": 1617171552043,
  "index.html": 1617171552047
}