{
  "resources.json": 1624954664829,
  "controller/LandingPage.controller.js": 1617171552043,
  "model/models.js": 1617171552047,
  "manifest.json": 1624954664827,
  "Component.js": 1617171552043,
  "manifest-bundle.zip": 1624954664684,
  "Component-preload.js": 1624954664800,
  "controller/LandingPage-dbg.controller.js": 1617171552043,
  "model/models-dbg.js": 1617171552047,
  "Component-dbg.js": 1617171552043,
  "i18n/i18n.properties": 1617171552047,
  "view/LandingPage.view.xml": 1617171552047,
  "css/style.css": 1617171552043,
  "index.html": 1617171552047
}