{
  "css/style.css": 1617171552043,
  "controller/LandingPage.controller.js": 1617171552043,
  "model/models.js": 1617171552047,
  "manifest.json": 1624910347725,
  "Component.js": 1617171552043,
  "manifest-bundle.zip": 1624910347581,
  "Component-preload.js": 1624910347693,
  "Component-dbg.js": 1617171552043,
  "controller/LandingPage-dbg.controller.js": 1617171552043,
  "model/models-dbg.js": 1617171552047,
  "resources.json": 1624910347732,
  "view/LandingPage.view.xml": 1617171552047,
  "i18n/i18n.properties": 1617171552047,
  "index.html": 1617171552047
}