{
  "index.html": 1617171552047,
  "model/models.js": 1617171552047,
  "manifest.json": 1617353319040,
  "controller/LandingPage.controller.js": 1617171552043,
  "Component.js": 1617171552043,
  "manifest-bundle.zip": 1617353318750,
  "Component-preload.js": 1617353319003,
  "Component-dbg.js": 1617171552043,
  "controller/LandingPage-dbg.controller.js": 1617171552043,
  "model/models-dbg.js": 1617171552047,
  "resources.json": 1617353319045,
  "view/LandingPage.view.xml": 1617171552047,
  "css/style.css": 1617171552043,
  "i18n/i18n.properties": 1617171552047
}