{
  "controller/LandingPage-dbg.controller.js": 1617171552043,
  "manifest.json": 1625767868026,
  "model/models.js": 1617171552047,
  "controller/LandingPage.controller.js": 1617171552043,
  "Component.js": 1617171552043,
  "manifest-bundle.zip": 1625767867882,
  "Component-preload.js": 1625767867996,
  "model/models-dbg.js": 1617171552047,
  "i18n/i18n.properties": 1617171552047,
  "Component-dbg.js": 1617171552043,
  "resources.json": 1625767868029,
  "view/LandingPage.view.xml": 1617171552047,
  "css/style.css": 1617171552043,
  "index.html": 1617171552047
}