{
  "Component.js": 1617171552043,
  "i18n/i18n.properties": 1617171552047,
  "model/models.js": 1617171552047,
  "controller/LandingPage.controller.js": 1617171552043,
  "manifest.json": 1617973370806,
  "manifest-bundle.zip": 1617973370543,
  "Component-preload.js": 1617973370765,
  "controller/LandingPage-dbg.controller.js": 1617171552043,
  "model/models-dbg.js": 1617171552047,
  "Component-dbg.js": 1617171552043,
  "resources.json": 1617973370810,
  "view/LandingPage.view.xml": 1617171552047,
  "css/style.css": 1617171552043,
  "index.html": 1617171552047
}