{
  "manifest.json": 1625579112709,
  "controller/LandingPage.controller.js": 1617032536468,
  "model/models.js": 1617032537140,
  "i18n/i18n.properties": 1617032536468,
  "Component.js": 1617032536468,
  "manifest-bundle.zip": 1625579112510,
  "Component-preload.js": 1625579112681,
  "Component-dbg.js": 1617032536468,
  "controller/LandingPage-dbg.controller.js": 1617032536468,
  "model/models-dbg.js": 1617032537140,
  "resources.json": 1625579112712,
  "view/LandingPage.view.xml": 1617032536468,
  "css/style.css": 1617032537140,
  "index.html": 1617032536468
}