{
  "index.html": 1617171552047,
  "manifest.json": 1622660945518,
  "model/models.js": 1617171552047,
  "controller/LandingPage.controller.js": 1617171552043,
  "Component.js": 1617171552043,
  "manifest-bundle.zip": 1622660945375,
  "Component-preload.js": 1622660945492,
  "model/models-dbg.js": 1617171552047,
  "controller/LandingPage-dbg.controller.js": 1617171552043,
  "Component-dbg.js": 1617171552043,
  "resources.json": 1622660945520,
  "view/LandingPage.view.xml": 1617171552047,
  "css/style.css": 1617171552043,
  "i18n/i18n.properties": 1617171552047
}