{
  "controller/LandingPage.controller.js": 1625047558888,
  "model/models.js": 1625047558888,
  "manifest.json": 1625648176561,
  "i18n/i18n.properties": 1625047558888,
  "Component.js": 1625047558888,
  "manifest-bundle.zip": 1625648176326,
  "Component-preload.js": 1625648176520,
  "Component-dbg.js": 1625047558888,
  "controller/LandingPage-dbg.controller.js": 1625047558888,
  "model/models-dbg.js": 1625047558888,
  "resources.json": 1625648176565,
  "view/LandingPage.view.xml": 1625047558888,
  "css/style.css": 1625047558888,
  "index.html": 1625047558888
}