{
  "manifest-bundle.zip": 1618464662466,
  "Component.js": 1617171552043,
  "model/models.js": 1617171552047,
  "controller/LandingPage.controller.js": 1617171552043,
  "manifest.json": 1618464662662,
  "i18n/i18n.properties": 1617171552047,
  "Component-preload.js": 1618464662637,
  "model/models-dbg.js": 1617171552047,
  "controller/LandingPage-dbg.controller.js": 1617171552043,
  "Component-dbg.js": 1617171552043,
  "resources.json": 1618464662665,
  "view/LandingPage.view.xml": 1617171552047,
  "css/style.css": 1617171552043,
  "index.html": 1617171552047
}