{
  "css/style.css": 1617032537140,
  "manifest.json": 1617978578031,
  "model/models.js": 1617032537140,
  "controller/LandingPage.controller.js": 1617032536468,
  "Component.js": 1617032536468,
  "manifest-bundle.zip": 1617978577855,
  "Component-preload.js": 1617978578005,
  "Component-dbg.js": 1617032536468,
  "controller/LandingPage-dbg.controller.js": 1617032536468,
  "model/models-dbg.js": 1617032537140,
  "resources.json": 1617978578034,
  "view/LandingPage.view.xml": 1617032536468,
  "i18n/i18n.properties": 1617032536468,
  "index.html": 1617032536468
}