{
  "i18n/i18n.properties": 1625237455801,
  "manifest.json": 1625514856168,
  "model/models.js": 1625237455801,
  "controller/LandingPage.controller.js": 1625237455801,
  "Component.js": 1625237455801,
  "manifest-bundle.zip": 1625514856000,
  "Component-preload.js": 1625514856142,
  "controller/LandingPage-dbg.controller.js": 1625237455801,
  "model/models-dbg.js": 1625237455801,
  "Component-dbg.js": 1625237455801,
  "resources.json": 1625514856171,
  "view/LandingPage.view.xml": 1625237455801,
  "css/style.css": 1625237455801,
  "index.html": 1625237455801
}