{
  "index.html": 1617171552047,
  "controller/LandingPage.controller.js": 1617171552043,
  "model/models.js": 1617171552047,
  "manifest.json": 1625735264016,
  "Component.js": 1617171552043,
  "manifest-bundle.zip": 1625735263852,
  "Component-preload.js": 1625735263984,
  "Component-dbg.js": 1617171552043,
  "controller/LandingPage-dbg.controller.js": 1617171552043,
  "model/models-dbg.js": 1617171552047,
  "resources.json": 1625735264019,
  "view/LandingPage.view.xml": 1617171552047,
  "css/style.css": 1617171552043,
  "i18n/i18n.properties": 1617171552047
}