{
  "i18n/i18n.properties": 1621941634373,
  "model/models.js": 1621941634373,
  "manifest.json": 1623236509913,
  "controller/LandingPage.controller.js": 1621941634373,
  "Component.js": 1621941634373,
  "manifest-bundle.zip": 1623236509681,
  "Component-preload.js": 1623236509877,
  "Component-dbg.js": 1621941634373,
  "controller/LandingPage-dbg.controller.js": 1621941634373,
  "model/models-dbg.js": 1621941634373,
  "resources.json": 1623236509916,
  "view/LandingPage.view.xml": 1621941634373,
  "css/style.css": 1621941634373,
  "index.html": 1621941634373
}