{
  "view/LandingPage.view.xml": 1617032536468,
  "controller/LandingPage.controller.js": 1617032536468,
  "model/models.js": 1617032537140,
  "manifest.json": 1624357907042,
  "Component.js": 1617032536468,
  "manifest-bundle.zip": 1624357906819,
  "Component-preload.js": 1624357907013,
  "Component-dbg.js": 1617032536468,
  "controller/LandingPage-dbg.controller.js": 1617032536468,
  "model/models-dbg.js": 1617032537140,
  "resources.json": 1624357907045,
  "i18n/i18n.properties": 1617032536468,
  "css/style.css": 1617032537140,
  "index.html": 1617032536468
}