{
  "controller/LandingPage-dbg.controller.js": 1617032536468,
  "controller/LandingPage.controller.js": 1617032536468,
  "model/models.js": 1617032537140,
  "manifest.json": 1622700265883,
  "Component.js": 1617032536468,
  "manifest-bundle.zip": 1622700265707,
  "Component-preload.js": 1622700265857,
  "model/models-dbg.js": 1617032537140,
  "i18n/i18n.properties": 1617032536468,
  "Component-dbg.js": 1617032536468,
  "resources.json": 1622700265885,
  "view/LandingPage.view.xml": 1617032536468,
  "css/style.css": 1617032537140,
  "index.html": 1617032536468
}