{
  "resources.json": 1624962056835,
  "controller/LandingPage.controller.js": 1617032536468,
  "model/models.js": 1617032537140,
  "manifest.json": 1624962056833,
  "Component.js": 1617032536468,
  "manifest-bundle.zip": 1624962056659,
  "Component-preload.js": 1624962056799,
  "controller/LandingPage-dbg.controller.js": 1617032536468,
  "model/models-dbg.js": 1617032537140,
  "Component-dbg.js": 1617032536468,
  "i18n/i18n.properties": 1617032536468,
  "view/LandingPage.view.xml": 1617032536468,
  "css/style.css": 1617032537140,
  "index.html": 1617032536468
}