{
  "controller/LandingPage-dbg.controller.js": 1617032536468,
  "manifest.json": 1617202415253,
  "model/models.js": 1617032537140,
  "controller/LandingPage.controller.js": 1617032536468,
  "Component.js": 1617032536468,
  "manifest-bundle.zip": 1617202415075,
  "Component-preload.js": 1617202415227,
  "model/models-dbg.js": 1617032537140,
  "i18n/i18n.properties": 1617032536468,
  "Component-dbg.js": 1617032536468,
  "resources.json": 1617202415255,
  "view/LandingPage.view.xml": 1617032536468,
  "css/style.css": 1617032537140,
  "index.html": 1617032536468
}