{
  "view/LandingPage.view.xml": 1617171552035,
  "manifest.json": 1622099023812,
  "model/models.js": 1617171552035,
  "controller/LandingPage.controller.js": 1617171552035,
  "Component.js": 1617171552035,
  "manifest-bundle.zip": 1622099023638,
  "Component-preload.js": 1622099023770,
  "controller/LandingPage-dbg.controller.js": 1617171552035,
  "model/models-dbg.js": 1617171552035,
  "Component-dbg.js": 1617171552035,
  "resources.json": 1622099023816,
  "i18n/i18n.properties": 1617171552035,
  "css/style.css": 1617171552035,
  "index.html": 1617171552035
}