{
  "controller/LandingPage.controller.js": 1617171552035,
  "manifest.json": 1623940957253,
  "model/models.js": 1617171552035,
  "i18n/i18n.properties": 1617171552035,
  "Component.js": 1617171552035,
  "manifest-bundle.zip": 1623940957100,
  "Component-preload.js": 1623940957224,
  "model/models-dbg.js": 1617171552035,
  "controller/LandingPage-dbg.controller.js": 1617171552035,
  "Component-dbg.js": 1617171552035,
  "resources.json": 1623940957256,
  "view/LandingPage.view.xml": 1617171552035,
  "css/style.css": 1617171552035,
  "index.html": 1617171552035
}