{
  "model/models.js": 1621941634361,
  "manifest.json": 1623236553284,
  "i18n/i18n.properties": 1621941634361,
  "controller/LandingPage.controller.js": 1621941634361,
  "Component.js": 1621941634361,
  "manifest-bundle.zip": 1623236553087,
  "Component-preload.js": 1623236553256,
  "controller/LandingPage-dbg.controller.js": 1621941634361,
  "model/models-dbg.js": 1621941634361,
  "Component-dbg.js": 1621941634361,
  "resources.json": 1623236553286,
  "view/LandingPage.view.xml": 1621941634361,
  "css/style.css": 1621941634361,
  "index.html": 1621941634361
}