{
  "controller/LandingPage.controller.js": 1625237454309,
  "i18n/i18n.properties": 1625237454309,
  "model/models.js": 1625237454309,
  "manifest.json": 1625514897245,
  "Component.js": 1625237454309,
  "manifest-bundle.zip": 1625514897078,
  "Component-preload.js": 1625514897218,
  "controller/LandingPage-dbg.controller.js": 1625237454309,
  "model/models-dbg.js": 1625237454309,
  "Component-dbg.js": 1625237454309,
  "resources.json": 1625514897248,
  "view/LandingPage.view.xml": 1625237454309,
  "css/style.css": 1625237454309,
  "index.html": 1625237454309
}