{
  "i18n/i18n.properties": 1617170945332,
  "manifest.json": 1624357955033,
  "model/models.js": 1617170945332,
  "controller/LandingPage.controller.js": 1617170945332,
  "Component.js": 1617170945332,
  "manifest-bundle.zip": 1624357954817,
  "Component-preload.js": 1624357955002,
  "model/models-dbg.js": 1617170945332,
  "controller/LandingPage-dbg.controller.js": 1617170945332,
  "Component-dbg.js": 1617170945332,
  "resources.json": 1624357955036,
  "view/LandingPage.view.xml": 1617170945332,
  "css/style.css": 1617170945332,
  "index.html": 1617170945332
}