{
  "model/models-dbg.js": 1617170945332,
  "Component.js": 1617170945332,
  "model/models.js": 1617170945332,
  "controller/LandingPage.controller.js": 1617170945332,
  "manifest.json": 1624254227606,
  "manifest-bundle.zip": 1624254227412,
  "Component-preload.js": 1624254227575,
  "i18n/i18n.properties": 1617170945332,
  "controller/LandingPage-dbg.controller.js": 1617170945332,
  "Component-dbg.js": 1617170945332,
  "resources.json": 1624254227610,
  "view/LandingPage.view.xml": 1617170945332,
  "css/style.css": 1617170945332,
  "index.html": 1617170945332
}