{
  "controller/LandingPage-dbg.controller.js": 1617171552035,
  "model/models.js": 1617171552035,
  "manifest.json": 1618464736622,
  "controller/LandingPage.controller.js": 1617171552035,
  "Component.js": 1617171552035,
  "manifest-bundle.zip": 1618464736442,
  "Component-preload.js": 1618464736597,
  "model/models-dbg.js": 1617171552035,
  "i18n/i18n.properties": 1617171552035,
  "Component-dbg.js": 1617171552035,
  "resources.json": 1618464736626,
  "view/LandingPage.view.xml": 1617171552035,
  "css/style.css": 1617171552035,
  "index.html": 1617171552035
}