{
  "model/models-dbg.js": 1617170945332,
  "model/models.js": 1617170945332,
  "manifest.json": 1617202473271,
  "controller/LandingPage.controller.js": 1617170945332,
  "Component.js": 1617170945332,
  "manifest-bundle.zip": 1617202473092,
  "Component-preload.js": 1617202473246,
  "controller/LandingPage-dbg.controller.js": 1617170945332,
  "i18n/i18n.properties": 1617170945332,
  "Component-dbg.js": 1617170945332,
  "resources.json": 1617202473273,
  "view/LandingPage.view.xml": 1617170945332,
  "css/style.css": 1617170945332,
  "index.html": 1617170945332
}