{
  "controller/LandingPage-dbg.controller.js": 1617170945332,
  "manifest.json": 1622700341525,
  "model/models.js": 1617170945332,
  "controller/LandingPage.controller.js": 1617170945332,
  "Component.js": 1617170945332,
  "manifest-bundle.zip": 1622700341310,
  "Component-preload.js": 1622700341493,
  "Component-dbg.js": 1617170945332,
  "i18n/i18n.properties": 1617170945332,
  "model/models-dbg.js": 1617170945332,
  "resources.json": 1622700341529,
  "view/LandingPage.view.xml": 1617170945332,
  "css/style.css": 1617170945332,
  "index.html": 1617170945332
}