{
  "manifest-bundle.zip": 1619418441056,
  "model/models.js": 1617170945332,
  "manifest.json": 1619418441253,
  "controller/LandingPage.controller.js": 1617170945332,
  "Component.js": 1617170945332,
  "i18n/i18n.properties": 1617170945332,
  "Component-preload.js": 1619418441219,
  "model/models-dbg.js": 1617170945332,
  "controller/LandingPage-dbg.controller.js": 1617170945332,
  "Component-dbg.js": 1617170945332,
  "resources.json": 1619418441256,
  "view/LandingPage.view.xml": 1617170945332,
  "css/style.css": 1617170945332,
  "index.html": 1617170945332
}