{
  "index.html": 1617171552035,
  "model/models.js": 1617171552035,
  "manifest.json": 1624910389989,
  "controller/LandingPage.controller.js": 1617171552035,
  "Component.js": 1617171552035,
  "manifest-bundle.zip": 1624910389841,
  "Component-preload.js": 1624910389959,
  "controller/LandingPage-dbg.controller.js": 1617171552035,
  "model/models-dbg.js": 1617171552035,
  "Component-dbg.js": 1617171552035,
  "resources.json": 1624910389992,
  "view/LandingPage.view.xml": 1617171552035,
  "css/style.css": 1617171552035,
  "i18n/i18n.properties": 1617171552035
}