{
    "resources": [
        {
            "name": "../vendormdcc/controller/InitiateDispatch-dbg.controller.js",
            "isDebug": true
        },
        {
            "name": "../vendormdcc/controller/PackingListProceed.controller.js"
        },
        {
            "name": "../vendormdcc/model/models.js"
        },
        {
            "name": "../vendormdcc/manifest.json"
        },
        {
            "name": "../vendormdcc/controller/Main.controller.js"
        },
        {
            "name": "../vendormdcc/controller/InitiateDispatch.controller.js"
        },
        {
            "name": "../vendormdcc/controller/ErrorHandler.js"
        },
        {
            "name": "../vendormdcc/controller/BaseController.js"
        },
        {
            "name": "../vendormdcc/controller/App.controller.js"
        },
        {
            "name": "../vendormdcc/Component.js"
        },
        {
            "name": "../vendormdcc/manifest-bundle.zip"
        },
        {
            "name": "../vendormdcc/Component-preload.js",
            "merged": true
        },
        {
            "name": "../vendormdcc/model/models-dbg.js",
            "isDebug": true
        },
        {
            "name": "../vendormdcc/controller/PackingListProceed-dbg.controller.js",
            "isDebug": true
        },
        {
            "name": "../vendormdcc/controller/Main-dbg.controller.js",
            "isDebug": true
        },
        {
            "name": "../vendormdcc/i18n/i18n.properties",
            "raw": "i18n/i18n.properties"
        },
        {
            "name": "../vendormdcc/controller/ErrorHandler-dbg.js",
            "isDebug": true
        },
        {
            "name": "../vendormdcc/controller/BaseController-dbg.js",
            "isDebug": true
        },
        {
            "name": "../vendormdcc/controller/App-dbg.controller.js",
            "isDebug": true
        },
        {
            "name": "../vendormdcc/Component-dbg.js",
            "isDebug": true
        },
        {
            "name": "../../../../sap-ui-version.json"
        },
        {
            "name": "../vendormdcc/view/fragments/DispatchView/TreeTableView.fragment.xml"
        },
        {
            "name": "../vendormdcc/view/fragments/TreeTableView.fragment.xml"
        },
        {
            "name": "../vendormdcc/view/PackingListProceed.view.xml"
        },
        {
            "name": "../vendormdcc/view/Main.view.xml"
        },
        {
            "name": "../vendormdcc/view/InitiateDispatch.view.xml"
        },
        {
            "name": "../vendormdcc/view/App.view.xml"
        },
        {
            "name": "../vendormdcc/css/style.css"
        },
        {
            "name": "../vendormdcc/index.html"
        }
    ]
}