{
  "css/style.css": 1617100221877,
  "controller/LandingPage.controller.js": 1617100221877,
  "model/models.js": 1617100221877,
  "manifest.json": 1622098891465,
  "Component.js": 1618289995786,
  "manifest-bundle.zip": 1622098891311,
  "Component-preload.js": 1622098891434,
  "model/models-dbg.js": 1617100221877,
  "controller/LandingPage-dbg.controller.js": 1617100221877,
  "Component-dbg.js": 1618289995786,
  "resources.json": 1622098891469,
  "view/LandingPage.view.xml": 1617100221877,
  "i18n/i18n.properties": 1617100221877,
  "index.html": 1617100221877
}