{
  "controller/LandingPage.controller.js": 1616998543222,
  "Component.js": 1616998543222,
  "model/models.js": 1616998543222,
  "i18n/i18n.properties": 1616998543222,
  "manifest.json": 1617202384573,
  "manifest-bundle.zip": 1617202384268,
  "Component-preload.js": 1617202384535,
  "Component-dbg.js": 1616998543222,
  "controller/LandingPage-dbg.controller.js": 1616998543222,
  "model/models-dbg.js": 1616998543222,
  "resources.json": 1617202384576,
  "view/LandingPage.view.xml": 1616998543222,
  "css/style.css": 1616998543222,
  "index.html": 1616998543222
}