{
  "model/models.js": 1617100221877,
  "Component.js": 1618289995786,
  "i18n/i18n.properties": 1617100221877,
  "controller/LandingPage.controller.js": 1617100221877,
  "manifest.json": 1618464620273,
  "manifest-bundle.zip": 1618464620017,
  "Component-preload.js": 1618464620245,
  "model/models-dbg.js": 1617100221877,
  "controller/LandingPage-dbg.controller.js": 1617100221877,
  "Component-dbg.js": 1618289995786,
  "resources.json": 1618464620276,
  "view/LandingPage.view.xml": 1617100221877,
  "css/style.css": 1617100221877,
  "index.html": 1617100221877
}