{
  "index.html": 1617100221877,
  "controller/LandingPage.controller.js": 1617100221877,
  "model/models.js": 1617100221877,
  "manifest.json": 1622660908102,
  "Component.js": 1618289995786,
  "manifest-bundle.zip": 1622660907955,
  "Component-preload.js": 1622660908071,
  "model/models-dbg.js": 1617100221877,
  "controller/LandingPage-dbg.controller.js": 1617100221877,
  "Component-dbg.js": 1618289995786,
  "resources.json": 1622660908105,
  "view/LandingPage.view.xml": 1617100221877,
  "css/style.css": 1617100221877,
  "i18n/i18n.properties": 1617100221877
}