{
  "Component.js": 1617000175066,
  "controller/LandingPage.controller.js": 1617000175066,
  "model/models.js": 1617000175066,
  "manifest.json": 1617086841626,
  "i18n/i18n.properties": 1617000175066,
  "manifest-bundle.zip": 1617086841463,
  "Component-preload.js": 1617086841603,
  "Component-dbg.js": 1617000175066,
  "controller/LandingPage-dbg.controller.js": 1617000175066,
  "model/models-dbg.js": 1617000175066,
  "resources.json": 1617086841629,
  "view/LandingPage.view.xml": 1617000175066,
  "css/style.css": 1617000175066,
  "index.html": 1617000175066
}