{
  "index.html": 1616998543222,
  "manifest.json": 1624348132159,
  "model/models.js": 1616998543222,
  "controller/LandingPage.controller.js": 1616998543222,
  "Component.js": 1618460033963,
  "manifest-bundle.zip": 1624348131893,
  "Component-preload.js": 1624348132115,
  "controller/LandingPage-dbg.controller.js": 1616998543222,
  "model/models-dbg.js": 1616998543222,
  "Component-dbg.js": 1618460033963,
  "resources.json": 1624348132161,
  "view/LandingPage.view.xml": 1616998543222,
  "css/style.css": 1616998543222,
  "i18n/i18n.properties": 1616998543222
}