{
  "manifest-bundle.zip": 1625648762281,
  "Component.js": 1621941636133,
  "model/models.js": 1621941636133,
  "controller/LandingPage.controller.js": 1621941636133,
  "manifest.json": 1625648762614,
  "i18n/i18n.properties": 1621941636133,
  "Component-preload.js": 1625648762571,
  "model/models-dbg.js": 1621941636133,
  "controller/LandingPage-dbg.controller.js": 1621941636133,
  "Component-dbg.js": 1621941636133,
  "resources.json": 1625648762617,
  "view/LandingPage.view.xml": 1621941636133,
  "css/style.css": 1621941636133,
  "index.html": 1621941636133
}