{
  "controller/LandingPage.controller.js": 1616998543222,
  "model/models.js": 1616998543222,
  "manifest.json": 1623939191614,
  "i18n/i18n.properties": 1616998543222,
  "Component.js": 1618460033963,
  "manifest-bundle.zip": 1623939191306,
  "Component-preload.js": 1623939191558,
  "model/models-dbg.js": 1616998543222,
  "controller/LandingPage-dbg.controller.js": 1616998543222,
  "Component-dbg.js": 1618460033963,
  "resources.json": 1623939191616,
  "view/LandingPage.view.xml": 1616998543222,
  "css/style.css": 1616998543222,
  "index.html": 1616998543222
}