{
  "index.html": 1617100221877,
  "model/models.js": 1617100221877,
  "manifest.json": 1617973315686,
  "controller/LandingPage.controller.js": 1617100221877,
  "Component.js": 1617294031455,
  "manifest-bundle.zip": 1617973315340,
  "Component-preload.js": 1617973315558,
  "controller/LandingPage-dbg.controller.js": 1617100221877,
  "model/models-dbg.js": 1617100221877,
  "Component-dbg.js": 1617294031455,
  "resources.json": 1617973315697,
  "view/LandingPage.view.xml": 1617100221877,
  "css/style.css": 1617100221877,
  "i18n/i18n.properties": 1617100221877
}