{
  "Component.js": 1618289995786,
  "model/models.js": 1617100221877,
  "manifest.json": 1625767844689,
  "controller/LandingPage.controller.js": 1617100221877,
  "i18n/i18n.properties": 1617100221877,
  "manifest-bundle.zip": 1625767844515,
  "Component-preload.js": 1625767844649,
  "model/models-dbg.js": 1617100221877,
  "controller/LandingPage-dbg.controller.js": 1617100221877,
  "Component-dbg.js": 1618289995786,
  "resources.json": 1625767844692,
  "view/LandingPage.view.xml": 1617100221877,
  "css/style.css": 1617100221877,
  "index.html": 1617100221877
}