{
  "resources.json": 1625767771524,
  "controller/LandingPage.controller.js": 1617100221877,
  "model/models.js": 1617100221877,
  "manifest.json": 1625767771521,
  "Component.js": 1618289995786,
  "manifest-bundle.zip": 1625767771342,
  "Component-preload.js": 1625767771483,
  "model/models-dbg.js": 1617100221877,
  "controller/LandingPage-dbg.controller.js": 1617100221877,
  "Component-dbg.js": 1618289995786,
  "i18n/i18n.properties": 1617100221877,
  "view/LandingPage.view.xml": 1617100221877,
  "css/style.css": 1617100221877,
  "index.html": 1617100221877
}