{
  "model/models-dbg.js": 1617100221877,
  "model/models.js": 1617100221877,
  "manifest.json": 1624516274547,
  "controller/LandingPage.controller.js": 1617100221877,
  "Component.js": 1618289995786,
  "manifest-bundle.zip": 1624516274091,
  "Component-preload.js": 1624516274495,
  "Component-dbg.js": 1618289995786,
  "controller/LandingPage-dbg.controller.js": 1617100221877,
  "i18n/i18n.properties": 1617100221877,
  "resources.json": 1624516274550,
  "view/LandingPage.view.xml": 1617100221877,
  "css/style.css": 1617100221877,
  "index.html": 1617100221877
}