{
  "model/models.js": 1625237464392,
  "i18n/i18n.properties": 1625237464392,
  "manifest.json": 1625514835020,
  "controller/LandingPage.controller.js": 1625237464392,
  "Component.js": 1625237464392,
  "manifest-bundle.zip": 1625514834868,
  "Component-preload.js": 1625514834986,
  "model/models-dbg.js": 1625237464392,
  "controller/LandingPage-dbg.controller.js": 1625237464392,
  "Component-dbg.js": 1625237464392,
  "resources.json": 1625514835022,
  "view/LandingPage.view.xml": 1625237464392,
  "css/style.css": 1625237464392,
  "index.html": 1625237464392
}