{
  "Component.js": 1618289995786,
  "i18n/i18n.properties": 1617100221877,
  "model/models.js": 1617100221877,
  "controller/LandingPage.controller.js": 1617100221877,
  "manifest.json": 1624954638147,
  "manifest-bundle.zip": 1624954637840,
  "Component-preload.js": 1624954638104,
  "Component-dbg.js": 1618289995786,
  "controller/LandingPage-dbg.controller.js": 1617100221877,
  "model/models-dbg.js": 1617100221877,
  "resources.json": 1624954638150,
  "view/LandingPage.view.xml": 1617100221877,
  "css/style.css": 1617100221877,
  "index.html": 1617100221877
}