{
  "resources.json": 1625579090452,
  "Component.js": 1618460033963,
  "model/models.js": 1616998543222,
  "controller/LandingPage.controller.js": 1616998543222,
  "manifest.json": 1625579090449,
  "manifest-bundle.zip": 1625579090128,
  "Component-preload.js": 1625579090409,
  "model/models-dbg.js": 1616998543222,
  "controller/LandingPage-dbg.controller.js": 1616998543222,
  "Component-dbg.js": 1618460033963,
  "i18n/i18n.properties": 1616998543222,
  "view/LandingPage.view.xml": 1616998543222,
  "css/style.css": 1616998543222,
  "index.html": 1616998543222
}