{
  "resources.json": 1617954576393,
  "model/models.js": 1616998543222,
  "manifest.json": 1617954576389,
  "controller/LandingPage.controller.js": 1616998543222,
  "Component.js": 1617875185286,
  "manifest-bundle.zip": 1617954576176,
  "Component-preload.js": 1617954576348,
  "model/models-dbg.js": 1616998543222,
  "controller/LandingPage-dbg.controller.js": 1616998543222,
  "Component-dbg.js": 1617875185286,
  "i18n/i18n.properties": 1616998543222,
  "view/LandingPage.view.xml": 1616998543222,
  "css/style.css": 1616998543222,
  "index.html": 1616998543222
}