{
  "i18n/i18n.properties": 1617100221877,
  "Component.js": 1618289995786,
  "model/models.js": 1617100221877,
  "controller/LandingPage.controller.js": 1617100221877,
  "manifest.json": 1622657230628,
  "manifest-bundle.zip": 1622657230485,
  "Component-preload.js": 1622657230600,
  "Component-dbg.js": 1618289995786,
  "controller/LandingPage-dbg.controller.js": 1617100221877,
  "model/models-dbg.js": 1617100221877,
  "resources.json": 1622657230630,
  "view/LandingPage.view.xml": 1617100221877,
  "css/style.css": 1617100221877,
  "index.html": 1617100221877
}