{
  "css/style.css": 1617100221877,
  "controller/LandingPage.controller.js": 1617100221877,
  "model/models.js": 1617100221877,
  "manifest.json": 1625767333060,
  "Component.js": 1618289995786,
  "manifest-bundle.zip": 1625767332507,
  "Component-preload.js": 1625767332976,
  "Component-dbg.js": 1618289995786,
  "controller/LandingPage-dbg.controller.js": 1617100221877,
  "model/models-dbg.js": 1617100221877,
  "resources.json": 1625767333063,
  "view/LandingPage.view.xml": 1617100221877,
  "i18n/i18n.properties": 1617100221877,
  "index.html": 1617100221877
}