{
  "Component.js": 1616499674901,
  "i18n/i18n.properties": 1616499674905,
  "model/models.js": 1616499674905,
  "controller/LandingPage.controller.js": 1616499674901,
  "manifest.json": 1616562158767,
  "manifest-bundle.zip": 1616562158606,
  "Component-preload.js": 1616562158747,
  "controller/LandingPage-dbg.controller.js": 1616499674901,
  "model/models-dbg.js": 1616499674905,
  "Component-dbg.js": 1616499674901,
  "resources.json": 1616562158770,
  "view/LandingPage.view.xml": 1616499674909,
  "css/style.css": 1616499674905,
  "index.html": 1616499674905
}