{
  "Component.js": 1616746928185,
  "manifest.json": 1616752634224,
  "model/models.js": 1616746928185,
  "controller/LandingPage.controller.js": 1616746928185,
  "i18n/i18n.properties": 1616746928185,
  "manifest-bundle.zip": 1616752634056,
  "Component-preload.js": 1616752634204,
  "model/models-dbg.js": 1616746928185,
  "controller/LandingPage-dbg.controller.js": 1616746928185,
  "Component-dbg.js": 1616746928185,
  "resources.json": 1616752634227,
  "view/LandingPage.view.xml": 1616746928189,
  "css/style.css": 1616746928185,
  "index.html": 1616746928185
}