{
  "i18n/i18n.properties": 1625047570821,
  "controller/LandingPage.controller.js": 1625047570821,
  "model/models.js": 1625047570821,
  "manifest.json": 1625648149923,
  "Component.js": 1625047570821,
  "manifest-bundle.zip": 1625648149751,
  "Component-preload.js": 1625648149890,
  "model/models-dbg.js": 1625047570821,
  "controller/LandingPage-dbg.controller.js": 1625047570821,
  "Component-dbg.js": 1625047570821,
  "resources.json": 1625648149927,
  "view/LandingPage.view.xml": 1625047570825,
  "css/style.css": 1625047570821,
  "index.html": 1625047570821
}