{
  "model/models-dbg.js": 1621941636133,
  "Component.js": 1621941636133,
  "model/models.js": 1621941636133,
  "controller/LandingPage.controller.js": 1621941636133,
  "manifest.json": 1623236481690,
  "manifest-bundle.zip": 1623236481340,
  "Component-preload.js": 1623236481649,
  "Component-dbg.js": 1621941636133,
  "controller/LandingPage-dbg.controller.js": 1621941636133,
  "i18n/i18n.properties": 1621941636133,
  "resources.json": 1623236481693,
  "view/LandingPage.view.xml": 1621941636133,
  "css/style.css": 1621941636133,
  "index.html": 1621941636133
}