{
  "resources.json": 1617199301362,
  "manifest.json": 1617199301359,
  "model/models.js": 1617100221877,
  "controller/LandingPage.controller.js": 1617100221877,
  "Component.js": 1617100221877,
  "manifest-bundle.zip": 1617199301065,
  "Component-preload.js": 1617199301330,
  "controller/LandingPage-dbg.controller.js": 1617100221877,
  "model/models-dbg.js": 1617100221877,
  "Component-dbg.js": 1617100221877,
  "i18n/i18n.properties": 1617100221877,
  "view/LandingPage.view.xml": 1617100221877,
  "css/style.css": 1617100221877,
  "index.html": 1617100221877
}