{
  "view/blocks/LandingPage/lineItemsForm/LineItemsForm.js": 1625750762583,
  "i18n/i18n_en_GB.properties": 1625750762579,
  "i18n/i18n_en_US.properties": 1625750762579,
  "i18n/i18n.properties": 1625750762579,
  "view/blocks/LandingPage/packingItemsListForm/PackingListItemsForm.js": 1625750762583,
  "view/blocks/LandingPage/sowForm/SOWForm.js": 1625750762583,
  "view/blocks/LandingPage/sellerForm/SellerForm.js": 1625750762583,
  "manifest.json": 1625767996285,
  "view/blocks/LandingPage/packingItemsForm/PackingItemsForm.js": 1625750762583,
  "i18n/i18n_en.properties": 1625750762579,
  "view/blocks/LandingPage/buyerForm/BuyerForm.js": 1625750762583,
  "model/models.js": 1625750762579,
  "controller/NotFound.controller.js": 1625750762579,
  "controller/LandingPage.controller.js": 1625750762579,
  "controller/ErrorHandler.js": 1625750762579,
  "controller/BaseController.js": 1625750762579,
  "controller/App.controller.js": 1625750762579,
  "Component.js": 1625750762579,
  "manifest-bundle.zip": 1625767995900,
  "Component-preload.js": 1625767996187,
  "controller/NotFound-dbg.controller.js": 1625750762579,
  "view/blocks/LandingPage/sellerForm/SellerForm-dbg.js": 1625750762583,
  "view/blocks/LandingPage/packingItemsForm/PackingItemsForm-dbg.js": 1625750762583,
  "view/blocks/LandingPage/packingItemsListForm/PackingListItemsForm-dbg.js": 1625750762583,
  "view/blocks/LandingPage/lineItemsForm/LineItemsForm-dbg.js": 1625750762583,
  "view/blocks/LandingPage/buyerForm/BuyerForm-dbg.js": 1625750762583,
  "model/models-dbg.js": 1625750762579,
  "view/blocks/LandingPage/sowForm/SOWForm-dbg.js": 1625750762583,
  "controller/LandingPage-dbg.controller.js": 1625750762579,
  "controller/ErrorHandler-dbg.js": 1625750762579,
  "controller/BaseController-dbg.js": 1625750762579,
  "controller/App-dbg.controller.js": 1625750762579,
  "Component-dbg.js": 1625750762579,
  "view/blocks/LandingPage/sowForm/SOWForm.view.xml": 1625750762583,
  "view/blocks/LandingPage/sellerForm/SellerForm.view.xml": 1625750762583,
  "view/blocks/LandingPage/packingItemsListForm/PackingListItemsForm.view.xml": 1625750762583,
  "view/blocks/LandingPage/packingItemsForm/PackingItemsForm.view.xml": 1625750762583,
  "view/blocks/LandingPage/lineItemsForm/LineItemsForm.view.xml": 1625750762583,
  "view/blocks/LandingPage/buyerForm/BuyerForm.view.xml": 1625750762583,
  "view/fragments/common/lineItems.fragment.xml": 1625750762587,
  "view/NotFound.view.xml": 1625750762583,
  "view/LandingPage.view.xml": 1625750762583,
  "view/App.view.xml": 1625750762583,
  "css/style.css": 1625750762579,
  "index.html": 1625750762579
}