{
  "manifest-bundle.zip": 1625648817913,
  "model/models.js": 1621941634353,
  "manifest.json": 1625648818116,
  "controller/LandingPage.controller.js": 1621941634353,
  "Component.js": 1621941634353,
  "i18n/i18n.properties": 1621941634353,
  "Component-preload.js": 1625648818084,
  "model/models-dbg.js": 1621941634353,
  "controller/LandingPage-dbg.controller.js": 1621941634353,
  "Component-dbg.js": 1621941634353,
  "resources.json": 1625648818119,
  "view/LandingPage.view.xml": 1621941634353,
  "css/style.css": 1621941634353,
  "index.html": 1621941634353
}