{
  "Component-preload.js": 1624277119459,
  "Component.js": 1617089864180,
  "model/models.js": 1617089864184,
  "controller/LandingPage.controller.js": 1617089864180,
  "manifest.json": 1624277119490,
  "manifest-bundle.zip": 1624277119292,
  "i18n/i18n.properties": 1617089864180,
  "Component-dbg.js": 1617089864180,
  "controller/LandingPage-dbg.controller.js": 1617089864180,
  "model/models-dbg.js": 1617089864184,
  "resources.json": 1624277119493,
  "view/LandingPage.view.xml": 1617089864184,
  "css/style.css": 1617089864180,
  "index.html": 1617089864180
}