{
  "view/LandingPage.view.xml": 1617171552031,
  "Component.js": 1617171552027,
  "model/models.js": 1617171552027,
  "controller/LandingPage.controller.js": 1617171552027,
  "manifest.json": 1624516344588,
  "manifest-bundle.zip": 1624516344430,
  "Component-preload.js": 1624516344559,
  "model/models-dbg.js": 1617171552027,
  "controller/LandingPage-dbg.controller.js": 1617171552027,
  "Component-dbg.js": 1617171552027,
  "resources.json": 1624516344591,
  "i18n/i18n.properties": 1617171552027,
  "css/style.css": 1617171552027,
  "index.html": 1617171552027
}