{
  "Component.js": 1617089864180,
  "manifest.json": 1623939243094,
  "model/models.js": 1617089864184,
  "controller/LandingPage.controller.js": 1617089864180,
  "i18n/i18n.properties": 1617089864180,
  "manifest-bundle.zip": 1623939242909,
  "Component-preload.js": 1623939243066,
  "model/models-dbg.js": 1617089864184,
  "controller/LandingPage-dbg.controller.js": 1617089864180,
  "Component-dbg.js": 1617089864180,
  "resources.json": 1623939243097,
  "view/LandingPage.view.xml": 1617089864184,
  "css/style.css": 1617089864180,
  "index.html": 1617089864180
}