{
  "resources.json": 1624262661560,
  "Component.js": 1617089864180,
  "model/models.js": 1617089864184,
  "controller/LandingPage.controller.js": 1617089864180,
  "manifest.json": 1624262661557,
  "manifest-bundle.zip": 1624262661352,
  "Component-preload.js": 1624262661524,
  "controller/LandingPage-dbg.controller.js": 1617089864180,
  "model/models-dbg.js": 1617089864184,
  "Component-dbg.js": 1617089864180,
  "i18n/i18n.properties": 1617089864180,
  "view/LandingPage.view.xml": 1617089864184,
  "css/style.css": 1617089864180,
  "index.html": 1617089864180
}