{
  "resources.json": 1623236538607,
  "Component.js": 1621941634353,
  "model/models.js": 1621941634353,
  "controller/LandingPage.controller.js": 1621941634353,
  "manifest.json": 1623236538604,
  "manifest-bundle.zip": 1623236538384,
  "Component-preload.js": 1623236538574,
  "Component-dbg.js": 1621941634353,
  "controller/LandingPage-dbg.controller.js": 1621941634353,
  "model/models-dbg.js": 1621941634353,
  "i18n/i18n.properties": 1621941634353,
  "view/LandingPage.view.xml": 1621941634353,
  "css/style.css": 1621941634353,
  "index.html": 1621941634353
}