{
  "css/style.css": 1625237450621,
  "manifest.json": 1625514881378,
  "model/models.js": 1625237450621,
  "controller/LandingPage.controller.js": 1625237450621,
  "Component.js": 1625237450621,
  "manifest-bundle.zip": 1625514881212,
  "Component-preload.js": 1625514881351,
  "model/models-dbg.js": 1625237450621,
  "controller/LandingPage-dbg.controller.js": 1625237450621,
  "Component-dbg.js": 1625237450621,
  "resources.json": 1625514881380,
  "view/LandingPage.view.xml": 1625237450625,
  "i18n/i18n.properties": 1625237450621,
  "index.html": 1625237450621
}