{
  "i18n/i18n.properties": 1617171552027,
  "model/models.js": 1617171552027,
  "manifest.json": 1625735283015,
  "controller/LandingPage.controller.js": 1617171552027,
  "Component.js": 1617171552027,
  "manifest-bundle.zip": 1625735282846,
  "Component-preload.js": 1625735282985,
  "Component-dbg.js": 1617171552027,
  "controller/LandingPage-dbg.controller.js": 1617171552027,
  "model/models-dbg.js": 1617171552027,
  "resources.json": 1625735283019,
  "view/LandingPage.view.xml": 1617171552031,
  "css/style.css": 1617171552027,
  "index.html": 1617171552027
}