{
  "manifest.json": 1623996286453,
  "model/models.js": 1617171552027,
  "i18n/i18n.properties": 1617171552027,
  "controller/LandingPage.controller.js": 1617171552027,
  "Component.js": 1617171552027,
  "manifest-bundle.zip": 1623996286162,
  "Component-preload.js": 1623996286417,
  "Component-dbg.js": 1617171552027,
  "controller/LandingPage-dbg.controller.js": 1617171552027,
  "model/models-dbg.js": 1617171552027,
  "resources.json": 1623996286457,
  "view/LandingPage.view.xml": 1617171552031,
  "css/style.css": 1617171552027,
  "index.html": 1617171552027
}