{
  "css/style.css": 1617171552027,
  "manifest.json": 1622098999998,
  "model/models.js": 1617171552027,
  "controller/LandingPage.controller.js": 1617171552027,
  "Component.js": 1617171552027,
  "manifest-bundle.zip": 1622098999670,
  "Component-preload.js": 1622098999952,
  "Component-dbg.js": 1617171552027,
  "model/models-dbg.js": 1617171552027,
  "controller/LandingPage-dbg.controller.js": 1617171552027,
  "resources.json": 1622099000001,
  "view/LandingPage.view.xml": 1617171552031,
  "i18n/i18n.properties": 1617171552027,
  "index.html": 1617171552027
}