{
  "model/models-dbg.js": 1617171552027,
  "controller/LandingPage.controller.js": 1617171552027,
  "model/models.js": 1617171552027,
  "manifest.json": 1624954692073,
  "Component.js": 1617171552027,
  "manifest-bundle.zip": 1624954691914,
  "Component-preload.js": 1624954692044,
  "Component-dbg.js": 1617171552027,
  "controller/LandingPage-dbg.controller.js": 1617171552027,
  "i18n/i18n.properties": 1617171552027,
  "resources.json": 1624954692075,
  "view/LandingPage.view.xml": 1617171552031,
  "css/style.css": 1617171552027,
  "index.html": 1617171552027
}