{
  "controller/LandingPage.controller.js": 1617089864180,
  "model/models.js": 1617089864184,
  "manifest.json": 1619418420725,
  "i18n/i18n.properties": 1617089864180,
  "Component.js": 1617089864180,
  "manifest-bundle.zip": 1619418420500,
  "Component-preload.js": 1619418420701,
  "controller/LandingPage-dbg.controller.js": 1617089864180,
  "model/models-dbg.js": 1617089864184,
  "Component-dbg.js": 1617089864180,
  "resources.json": 1619418420728,
  "view/LandingPage.view.xml": 1617089864184,
  "css/style.css": 1617089864180,
  "index.html": 1617089864180
}