{
  "model/models.js": 1617089864184,
  "manifest.json": 1617202452842,
  "i18n/i18n.properties": 1617089864180,
  "controller/LandingPage.controller.js": 1617089864180,
  "Component.js": 1617089864180,
  "manifest-bundle.zip": 1617202452668,
  "Component-preload.js": 1617202452815,
  "model/models-dbg.js": 1617089864184,
  "controller/LandingPage-dbg.controller.js": 1617089864180,
  "Component-dbg.js": 1617089864180,
  "resources.json": 1617202452845,
  "view/LandingPage.view.xml": 1617089864184,
  "css/style.css": 1617089864180,
  "index.html": 1617089864180
}