{
  "manifest.json": 1625579138510,
  "model/models.js": 1617089864184,
  "i18n/i18n.properties": 1617089864180,
  "controller/LandingPage.controller.js": 1617089864180,
  "Component.js": 1617089864180,
  "manifest-bundle.zip": 1625579138338,
  "Component-preload.js": 1625579138482,
  "controller/LandingPage-dbg.controller.js": 1617089864180,
  "model/models-dbg.js": 1617089864184,
  "Component-dbg.js": 1617089864180,
  "resources.json": 1625579138512,
  "view/LandingPage.view.xml": 1617089864184,
  "css/style.css": 1617089864180,
  "index.html": 1617089864180
}