{
  "controller/LandingPage-dbg.controller.js": 1617032536472,
  "controller/LandingPage.controller.js": 1617032536472,
  "model/models.js": 1617032536472,
  "manifest.json": 1617202409468,
  "Component.js": 1617032536472,
  "manifest-bundle.zip": 1617202409284,
  "Component-preload.js": 1617202409438,
  "i18n/i18n.properties": 1617032536472,
  "model/models-dbg.js": 1617032536472,
  "Component-dbg.js": 1617032536472,
  "resources.json": 1617202409471,
  "view/LandingPage.view.xml": 1617032536472,
  "css/style.css": 1617032536472,
  "index.html": 1617032536472
}