{
  "model/models.js": 1617171552051,
  "controller/LandingPage.controller.js": 1617171552051,
  "i18n/i18n.properties": 1617171552051,
  "manifest.json": 1624910343241,
  "Component.js": 1617171552051,
  "manifest-bundle.zip": 1624910343090,
  "Component-preload.js": 1624910343211,
  "model/models-dbg.js": 1617171552051,
  "controller/LandingPage-dbg.controller.js": 1617171552051,
  "Component-dbg.js": 1617171552051,
  "resources.json": 1624910343244,
  "view/LandingPage.view.xml": 1617171552051,
  "css/style.css": 1617171552051,
  "index.html": 1617171552051
}