{
  "resources.json": 1623962002374,
  "Component.js": 1617171552051,
  "model/models.js": 1617171552051,
  "controller/LandingPage.controller.js": 1617171552051,
  "manifest.json": 1623962002372,
  "manifest-bundle.zip": 1623962002231,
  "Component-preload.js": 1623962002345,
  "model/models-dbg.js": 1617171552051,
  "controller/LandingPage-dbg.controller.js": 1617171552051,
  "Component-dbg.js": 1617171552051,
  "i18n/i18n.properties": 1617171552051,
  "view/LandingPage.view.xml": 1617171552051,
  "css/style.css": 1617171552051,
  "index.html": 1617171552051
}