{
  "index.html": 1617171552051,
  "controller/LandingPage.controller.js": 1617171552051,
  "model/models.js": 1617171552051,
  "manifest.json": 1622660937792,
  "Component.js": 1617171552051,
  "manifest-bundle.zip": 1622660937641,
  "Component-preload.js": 1622660937765,
  "Component-dbg.js": 1617171552051,
  "controller/LandingPage-dbg.controller.js": 1617171552051,
  "model/models-dbg.js": 1617171552051,
  "resources.json": 1622660937795,
  "view/LandingPage.view.xml": 1617171552051,
  "css/style.css": 1617171552051,
  "i18n/i18n.properties": 1617171552051
}