{
  "Component-dbg.js": 1617171552051,
  "Component.js": 1617171552051,
  "model/models.js": 1617171552051,
  "controller/LandingPage.controller.js": 1617171552051,
  "manifest.json": 1625767356197,
  "manifest-bundle.zip": 1625767356039,
  "Component-preload.js": 1625767356161,
  "model/models-dbg.js": 1617171552051,
  "controller/LandingPage-dbg.controller.js": 1617171552051,
  "i18n/i18n.properties": 1617171552051,
  "resources.json": 1625767356200,
  "view/LandingPage.view.xml": 1617171552051,
  "css/style.css": 1617171552051,
  "index.html": 1617171552051
}