{
  "model/models-dbg.js": 1621941634377,
  "manifest.json": 1625648784271,
  "model/models.js": 1621941634377,
  "controller/LandingPage.controller.js": 1621941634377,
  "Component.js": 1621941634377,
  "manifest-bundle.zip": 1625648784073,
  "Component-preload.js": 1625648784241,
  "controller/LandingPage-dbg.controller.js": 1621941634377,
  "i18n/i18n.properties": 1621941634377,
  "Component-dbg.js": 1621941634377,
  "resources.json": 1625648784275,
  "view/LandingPage.view.xml": 1621941634381,
  "css/style.css": 1621941634377,
  "index.html": 1621941634377
}