{
  "i18n/i18n.properties": 1617032536472,
  "controller/LandingPage.controller.js": 1617032536472,
  "model/models.js": 1617032536472,
  "manifest.json": 1622700258257,
  "Component.js": 1617032536472,
  "manifest-bundle.zip": 1622700258072,
  "Component-preload.js": 1622700258228,
  "controller/LandingPage-dbg.controller.js": 1617032536472,
  "model/models-dbg.js": 1617032536472,
  "Component-dbg.js": 1617032536472,
  "resources.json": 1622700258259,
  "view/LandingPage.view.xml": 1617032536472,
  "css/style.css": 1617032536472,
  "index.html": 1617032536472
}