{
  "model/models.js": 1617032536472,
  "i18n/i18n.properties": 1617032536472,
  "manifest.json": 1623939211921,
  "controller/LandingPage.controller.js": 1617032536472,
  "Component.js": 1617032536472,
  "manifest-bundle.zip": 1623939211736,
  "Component-preload.js": 1623939211889,
  "controller/LandingPage-dbg.controller.js": 1617032536472,
  "model/models-dbg.js": 1617032536472,
  "Component-dbg.js": 1617032536472,
  "resources.json": 1623939211924,
  "view/LandingPage.view.xml": 1617032536472,
  "css/style.css": 1617032536472,
  "index.html": 1617032536472
}