{
  "manifest-bundle.zip": 1625648170976,
  "Component.js": 1625047558892,
  "model/models.js": 1625047558892,
  "controller/LandingPage.controller.js": 1625047558892,
  "manifest.json": 1625648171193,
  "i18n/i18n.properties": 1625047558892,
  "Component-preload.js": 1625648171154,
  "model/models-dbg.js": 1625047558892,
  "controller/LandingPage-dbg.controller.js": 1625047558892,
  "Component-dbg.js": 1625047558892,
  "resources.json": 1625648171196,
  "view/LandingPage.view.xml": 1625047558892,
  "css/style.css": 1625047558892,
  "index.html": 1625047558892
}