{
  "model/models.js": 1621941634377,
  "manifest.json": 1623236504605,
  "i18n/i18n.properties": 1621941634377,
  "controller/LandingPage.controller.js": 1621941634377,
  "Component.js": 1621941634377,
  "manifest-bundle.zip": 1623236504369,
  "Component-preload.js": 1623236504571,
  "Component-dbg.js": 1621941634377,
  "controller/LandingPage-dbg.controller.js": 1621941634377,
  "model/models-dbg.js": 1621941634377,
  "resources.json": 1623236504609,
  "view/LandingPage.view.xml": 1621941634381,
  "css/style.css": 1621941634377,
  "index.html": 1621941634377
}