{
  "view/LandingPage.view.xml": 1625750762579,
  "i18n/i18n_en_GB.properties": 1625750762579,
  "i18n/i18n_en_US.properties": 1625750762579,
  "i18n/i18n.properties": 1625750762575,
  "controller/LandingPage.controller.js": 1625750762575,
  "utils/formatter.js": 1625750762579,
  "model/models.js": 1625750762579,
  "controller/NotFound.controller.js": 1625750762575,
  "manifest.json": 1625767525856,
  "controller/ErrorHandler.js": 1625750762575,
  "controller/BaseController.js": 1625750762575,
  "controller/App.controller.js": 1625750762575,
  "Component.js": 1625750762575,
  "manifest-bundle.zip": 1625767525520,
  "Component-preload.js": 1625767525786,
  "utils/formatter-dbg.js": 1625750762579,
  "model/models-dbg.js": 1625750762579,
  "controller/NotFound-dbg.controller.js": 1625750762575,
  "controller/LandingPage-dbg.controller.js": 1625750762575,
  "controller/ErrorHandler-dbg.js": 1625750762575,
  "controller/BaseController-dbg.js": 1625750762575,
  "controller/App-dbg.controller.js": 1625750762575,
  "Component-dbg.js": 1625750762575,
  "view/fragments/landingPage/ViewLineItemsDialog.fragment.xml": 1625750762579,
  "view/fragments/landingPage/ReceivedPOTable.fragment.xml": 1625750762579,
  "view/fragments/landingPage/FilterBar.fragment.xml": 1625750762579,
  "view/fragments/common/lineItems.fragment.xml": 1625750762579,
  "view/NotFound.view.xml": 1625750762579,
  "i18n/i18n_en.properties": 1625750762579,
  "view/App.view.xml": 1625750762579,
  "css/style.css": 1625750762575,
  "index.html": 1625750762579
}