{
  "model/models-dbg.js": 1622015700521,
  "controller/ErrorHandler.js": 1622551822152,
  "model/models.js": 1622015700521,
  "controller/Master.controller.js": 1623749062236,
  "manifest.json": 1625767971378,
  "controller/Detail.controller.js": 1623749062232,
  "controller/BaseController.js": 1622015700517,
  "controller/App.controller.js": 1622015700517,
  "Component.js": 1622551822148,
  "manifest-bundle.zip": 1625767970938,
  "Component-preload.js": 1625767971298,
  "controller/Master-dbg.controller.js": 1623749062236,
  "i18n/i18n.properties": 1622551822152,
  "controller/ErrorHandler-dbg.js": 1622551822152,
  "controller/Detail-dbg.controller.js": 1623749062232,
  "controller/BaseController-dbg.js": 1622015700517,
  "controller/App-dbg.controller.js": 1622015700517,
  "Component-dbg.js": 1622551822148,
  "view/fragments/FilterSortGroup.fragment.xml": 1623749062240,
  "view/Master.view.xml": 1622551822152,
  "view/Detail.view.xml": 1622551822152,
  "view/App.view.xml": 1622015700521,
  "css/style.css": 1622015700517,
  "index.html": 1622015700517
}