{
  "model/models-dbg.js": 1621951898407,
  "controller/BaseController.js": 1621951898403,
  "model/models.js": 1621951898407,
  "controller/Master.controller.js": 1622525066276,
  "controller/ErrorHandler.js": 1622525066276,
  "controller/Detail.controller.js": 1622549095027,
  "manifest.json": 1622700427929,
  "controller/App.controller.js": 1621951898403,
  "Component.js": 1622525066276,
  "manifest-bundle.zip": 1622700427394,
  "Component-preload.js": 1622700427832,
  "controller/Detail-dbg.controller.js": 1622549095027,
  "controller/Master-dbg.controller.js": 1622525066276,
  "controller/ErrorHandler-dbg.js": 1622525066276,
  "i18n/i18n.properties": 1622525066276,
  "controller/BaseController-dbg.js": 1621951898403,
  "controller/App-dbg.controller.js": 1621951898403,
  "Component-dbg.js": 1622525066276,
  "view/fragments/FilterSortGroup.fragment.xml": 1622128495655,
  "view/Master.view.xml": 1622525066276,
  "view/Detail.view.xml": 1622525066276,
  "view/App.view.xml": 1621951898407,
  "css/style.css": 1621951898403,
  "index.html": 1621951898403
}