{
  "manifest.json": 1626264907681,
  "Component.js": 1625047555776,
  "model/models.js": 1625047555780,
  "controller/Master.controller.js": 1625047555780,
  "controller/ErrorHandler.js": 1625047555780,
  "controller/Detail.controller.js": 1625047555780,
  "controller/BaseController.js": 1625047555780,
  "controller/App.controller.js": 1625047555780,
  "i18n/i18n.properties": 1625047555780,
  "manifest-bundle.zip": 1626264907341,
  "Component-preload.js": 1626264907605,
  "model/models-dbg.js": 1625047555780,
  "controller/Master-dbg.controller.js": 1625047555780,
  "controller/ErrorHandler-dbg.js": 1625047555780,
  "controller/Detail-dbg.controller.js": 1625047555780,
  "controller/BaseController-dbg.js": 1625047555780,
  "controller/App-dbg.controller.js": 1625047555780,
  "Component-dbg.js": 1625047555776,
  "view/fragments/FilterSortGroup.fragment.xml": 1625047555780,
  "view/Master.view.xml": 1625047555780,
  "view/Detail.view.xml": 1625047555780,
  "view/App.view.xml": 1625047555780,
  "css/style.css": 1625047555780,
  "index.html": 1625047555780
}