{
  "controller/BaseController-dbg.js": 1622546884601,
  "controller/Detail.controller.js": 1622801154464,
  "model/models.js": 1622546884605,
  "controller/Master.controller.js": 1622801154464,
  "controller/ErrorHandler.js": 1622546884605,
  "manifest.json": 1623236622359,
  "controller/BaseController.js": 1622546884601,
  "controller/App.controller.js": 1622546884601,
  "Component.js": 1622546884601,
  "manifest-bundle.zip": 1623236621803,
  "Component-preload.js": 1623236622246,
  "controller/App-dbg.controller.js": 1622546884601,
  "controller/Master-dbg.controller.js": 1622801154464,
  "controller/ErrorHandler-dbg.js": 1622546884605,
  "controller/Detail-dbg.controller.js": 1622801154464,
  "i18n/i18n.properties": 1622547103944,
  "model/models-dbg.js": 1622546884605,
  "Component-dbg.js": 1622546884601,
  "view/fragments/FilterSortGroup.fragment.xml": 1622801154464,
  "view/Master.view.xml": 1622548618885,
  "view/Detail.view.xml": 1622548676013,
  "view/App.view.xml": 1622546884605,
  "css/style.css": 1622546884605,
  "index.html": 1622546884605
}