{
  "index.html": 1625237452505,
  "controller/App.controller.js": 1625237452505,
  "model/models.js": 1625237452505,
  "controller/Master.controller.js": 1625237452505,
  "controller/ErrorHandler.js": 1625237452505,
  "controller/Detail.controller.js": 1625237452505,
  "controller/BaseController.js": 1625237452505,
  "manifest.json": 1626850578343,
  "Component.js": 1625237452505,
  "manifest-bundle.zip": 1626850578031,
  "Component-preload.js": 1626850578278,
  "Component-dbg.js": 1625237452505,
  "controller/Master-dbg.controller.js": 1625237452505,
  "controller/ErrorHandler-dbg.js": 1625237452505,
  "controller/Detail-dbg.controller.js": 1625237452505,
  "controller/BaseController-dbg.js": 1625237452505,
  "controller/App-dbg.controller.js": 1625237452505,
  "model/models-dbg.js": 1625237452505,
  "view/fragments/FilterSortGroup.fragment.xml": 1625237452505,
  "view/Master.view.xml": 1625237452505,
  "view/Detail.view.xml": 1626786072665,
  "view/App.view.xml": 1625237452505,
  "css/style.css": 1625237452505,
  "i18n/i18n.properties": 1625237452505
}