{
  "controller/Detail-dbg.controller.js": 1623776340371,
  "controller/Master.controller.js": 1624003054361,
  "model/models.js": 1623676882797,
  "manifest.json": 1624962156037,
  "controller/ErrorHandler.js": 1623676882797,
  "controller/Detail.controller.js": 1623776340371,
  "controller/BaseController.js": 1623676882797,
  "controller/App.controller.js": 1623676882797,
  "Component.js": 1623676882797,
  "manifest-bundle.zip": 1624962155485,
  "Component-preload.js": 1624962155904,
  "controller/BaseController-dbg.js": 1623676882797,
  "controller/Master-dbg.controller.js": 1624003054361,
  "controller/ErrorHandler-dbg.js": 1623676882797,
  "i18n/i18n.properties": 1623676882797,
  "model/models-dbg.js": 1623676882797,
  "controller/App-dbg.controller.js": 1623676882797,
  "Component-dbg.js": 1623676882797,
  "view/fragments/FilterSortGroup.fragment.xml": 1623676882797,
  "view/Master.view.xml": 1623676882797,
  "view/Detail.view.xml": 1623676882797,
  "view/App.view.xml": 1623676882797,
  "css/style.css": 1623676882797,
  "index.html": 1623676882797
}