{
  "i18n/i18n.properties": 1618290026947,
  "controller/ErrorHandler.js": 1618290026947,
  "utils/formatter.js": 1618429980882,
  "model/models.js": 1617171552043,
  "controller/QRDetails.controller.js": 1618290026947,
  "controller/LandingPage.controller.js": 1618295532307,
  "manifest.json": 1618464680565,
  "controller/BaseController.js": 1618290026947,
  "controller/BarCodeDetails.controller.js": 1618404839004,
  "controller/App.controller.js": 1618290026947,
  "Component.js": 1618290026947,
  "manifest-bundle.zip": 1618464680229,
  "Component-preload.js": 1618464680489,
  "controller/LandingPage-dbg.controller.js": 1618295532307,
  "model/models-dbg.js": 1617171552043,
  "controller/QRDetails-dbg.controller.js": 1618290026947,
  "utils/formatter-dbg.js": 1618429980882,
  "controller/ErrorHandler-dbg.js": 1618290026947,
  "controller/BaseController-dbg.js": 1618290026947,
  "controller/BarCodeDetails-dbg.controller.js": 1618404839004,
  "controller/App-dbg.controller.js": 1618290026947,
  "Component-dbg.js": 1618290026947,
  "resources.json": 1618464680569,
  "view/QRDetails.view.xml": 1618290026947,
  "view/LandingPage.view.xml": 1618290026947,
  "view/BarCodeDetails.view.xml": 1618404839004,
  "view/App.view.xml": 1618290026947,
  "css/style.css": 1617171552043,
  "index.html": 1617171552043
}