{
  "controller/QRDetails.controller.js": 1617978487662,
  "controller/App.controller.js": 1617978487658,
  "model/models.js": 1617089864188,
  "i18n/i18n.properties": 1617978487662,
  "controller/LandingPage.controller.js": 1617089864188,
  "controller/ErrorHandler.js": 1617978487658,
  "controller/BaseController.js": 1617978487658,
  "controller/BarCodeDetails.controller.js": 1617978487658,
  "manifest.json": 1617978590447,
  "Component.js": 1617978487654,
  "manifest-bundle.zip": 1617978590143,
  "Component-preload.js": 1617978590385,
  "Component-dbg.js": 1617978487654,
  "controller/QRDetails-dbg.controller.js": 1617978487662,
  "controller/LandingPage-dbg.controller.js": 1617089864188,
  "controller/ErrorHandler-dbg.js": 1617978487658,
  "controller/BaseController-dbg.js": 1617978487658,
  "controller/BarCodeDetails-dbg.controller.js": 1617978487658,
  "controller/App-dbg.controller.js": 1617978487658,
  "model/models-dbg.js": 1617089864188,
  "resources.json": 1617978590450,
  "view/QRDetails.view.xml": 1617978487666,
  "view/LandingPage.view.xml": 1617978487666,
  "view/BarCodeDetails.view.xml": 1617978487662,
  "view/App.view.xml": 1617978487662,
  "css/style.css": 1617089864188,
  "index.html": 1617089864188
}