{
  "view/QRDetails.view.xml": 1623440266887,
  "controller/QRDetails.controller.js": 1621941634373,
  "utils/formatter.js": 1621941634373,
  "model/models.js": 1621941634373,
  "manifest.json": 1625648799621,
  "controller/LandingPage.controller.js": 1621941634373,
  "controller/ErrorHandler.js": 1621941634373,
  "controller/BaseController.js": 1621941634373,
  "controller/BarCodeDetails.controller.js": 1621941634373,
  "controller/App.controller.js": 1621941634373,
  "Component.js": 1623239151154,
  "manifest-bundle.zip": 1625648799076,
  "Component-preload.js": 1625648799520,
  "model/models-dbg.js": 1621941634373,
  "utils/formatter-dbg.js": 1621941634373,
  "controller/QRDetails-dbg.controller.js": 1621941634373,
  "controller/LandingPage-dbg.controller.js": 1621941634373,
  "controller/ErrorHandler-dbg.js": 1621941634373,
  "controller/BaseController-dbg.js": 1621941634373,
  "controller/BarCodeDetails-dbg.controller.js": 1621941634373,
  "controller/App-dbg.controller.js": 1621941634373,
  "Component-dbg.js": 1623239151154,
  "resources.json": 1625648799625,
  "view/fragments/ViewQR.fragment.xml": 1621941634373,
  "i18n/i18n.properties": 1623240589741,
  "view/LandingPage.view.xml": 1621941634373,
  "view/BarCodeDetails.view.xml": 1623440266887,
  "view/App.view.xml": 1621941634373,
  "css/style.css": 1621941634373,
  "index.html": 1623236782096
}