{
  "view/fragments/ViewQR.fragment.xml": 1618900516881,
  "controller/QRDetails.controller.js": 1618900516881,
  "utils/formatter.js": 1618813945620,
  "model/models.js": 1617171552043,
  "manifest.json": 1624516322880,
  "controller/LandingPage.controller.js": 1618295532307,
  "controller/ErrorHandler.js": 1618290026947,
  "controller/BaseController.js": 1618290026947,
  "controller/BarCodeDetails.controller.js": 1618910675821,
  "controller/App.controller.js": 1618290026947,
  "Component.js": 1618290026947,
  "manifest-bundle.zip": 1624516322498,
  "Component-preload.js": 1624516322793,
  "controller/LandingPage-dbg.controller.js": 1618295532307,
  "model/models-dbg.js": 1617171552043,
  "controller/QRDetails-dbg.controller.js": 1618900516881,
  "utils/formatter-dbg.js": 1618813945620,
  "controller/ErrorHandler-dbg.js": 1618290026947,
  "controller/BaseController-dbg.js": 1618290026947,
  "controller/BarCodeDetails-dbg.controller.js": 1618910675821,
  "controller/App-dbg.controller.js": 1618290026947,
  "Component-dbg.js": 1618290026947,
  "resources.json": 1624516322885,
  "i18n/i18n.properties": 1618290026947,
  "view/QRDetails.view.xml": 1618290026947,
  "view/LandingPage.view.xml": 1618290026947,
  "view/BarCodeDetails.view.xml": 1618910675821,
  "view/App.view.xml": 1618290026947,
  "css/style.css": 1617171552043,
  "index.html": 1617171552043
}