{
  "resources.json": 1623236520484,
  "controller/QRDetails.controller.js": 1621941634373,
  "utils/formatter.js": 1621941634373,
  "model/models.js": 1621941634373,
  "manifest.json": 1623236520478,
  "controller/LandingPage.controller.js": 1621941634373,
  "controller/ErrorHandler.js": 1621941634373,
  "controller/BaseController.js": 1621941634373,
  "controller/BarCodeDetails.controller.js": 1621941634373,
  "controller/App.controller.js": 1621941634373,
  "Component.js": 1623236248581,
  "manifest-bundle.zip": 1623236519992,
  "Component-preload.js": 1623236520406,
  "utils/formatter-dbg.js": 1621941634373,
  "model/models-dbg.js": 1621941634373,
  "controller/QRDetails-dbg.controller.js": 1621941634373,
  "controller/LandingPage-dbg.controller.js": 1621941634373,
  "controller/ErrorHandler-dbg.js": 1621941634373,
  "controller/BaseController-dbg.js": 1621941634373,
  "controller/BarCodeDetails-dbg.controller.js": 1621941634373,
  "controller/App-dbg.controller.js": 1621941634373,
  "Component-dbg.js": 1623236248581,
  "i18n/i18n.properties": 1621941634373,
  "view/fragments/ViewQR.fragment.xml": 1621941634373,
  "view/QRDetails.view.xml": 1621941634373,
  "view/LandingPage.view.xml": 1621941634373,
  "view/BarCodeDetails.view.xml": 1621941634373,
  "view/App.view.xml": 1621941634373,
  "css/style.css": 1621941634373,
  "index.html": 1623236248581
}