{
  "view/BarCodeDetails.view.xml": 1625237455801,
  "model/models.js": 1625237455801,
  "utils/formatter.js": 1625237455801,
  "manifest.json": 1625514864774,
  "controller/QRDetails.controller.js": 1625237455801,
  "controller/LandingPage.controller.js": 1625237455801,
  "controller/ErrorHandler.js": 1625237455801,
  "controller/BaseController.js": 1625237455801,
  "controller/BarCodeDetails.controller.js": 1625237455801,
  "controller/App.controller.js": 1625237455801,
  "Component.js": 1625237455801,
  "manifest-bundle.zip": 1625514864469,
  "Component-preload.js": 1625514864707,
  "controller/BaseController-dbg.js": 1625237455801,
  "model/models-dbg.js": 1625237455801,
  "controller/QRDetails-dbg.controller.js": 1625237455801,
  "controller/LandingPage-dbg.controller.js": 1625237455801,
  "controller/ErrorHandler-dbg.js": 1625237455801,
  "utils/formatter-dbg.js": 1625237455801,
  "controller/BarCodeDetails-dbg.controller.js": 1625237455801,
  "controller/App-dbg.controller.js": 1625237455801,
  "Component-dbg.js": 1625237455801,
  "resources.json": 1625514864777,
  "view/fragments/ViewQR.fragment.xml": 1625237455801,
  "view/QRDetails.view.xml": 1625237455801,
  "view/LandingPage.view.xml": 1625237455801,
  "i18n/i18n.properties": 1625237455801,
  "view/App.view.xml": 1625237455801,
  "css/style.css": 1625237455801,
  "index.html": 1625237455801
}