{
  "controller/QRDetails.controller.js": 1621841777451,
  "controller/LandingPage.controller.js": 1617089864188,
  "utils/formatter.js": 1618817568967,
  "model/models.js": 1617089864188,
  "i18n/i18n.properties": 1618907927666,
  "manifest.json": 1622700281644,
  "controller/ErrorHandler.js": 1618460033959,
  "controller/BaseController.js": 1620111131308,
  "controller/BarCodeDetails.controller.js": 1621841777451,
  "controller/App.controller.js": 1618460033959,
  "Component.js": 1618460033959,
  "manifest-bundle.zip": 1622700281270,
  "Component-preload.js": 1622700281567,
  "Component-dbg.js": 1618460033959,
  "model/models-dbg.js": 1617089864188,
  "controller/QRDetails-dbg.controller.js": 1621841777451,
  "controller/LandingPage-dbg.controller.js": 1617089864188,
  "controller/ErrorHandler-dbg.js": 1618460033959,
  "controller/BaseController-dbg.js": 1620111131308,
  "controller/BarCodeDetails-dbg.controller.js": 1621841777451,
  "controller/App-dbg.controller.js": 1618460033959,
  "utils/formatter-dbg.js": 1618817568967,
  "resources.json": 1622700281648,
  "view/fragments/ViewQR.fragment.xml": 1621841777455,
  "view/QRDetails.view.xml": 1618460033959,
  "view/LandingPage.view.xml": 1618460033959,
  "view/BarCodeDetails.view.xml": 1621841777451,
  "view/App.view.xml": 1620111131324,
  "css/style.css": 1617089864188,
  "index.html": 1617089864188
}