{
  "controller/QRDetails.controller.js": 1617197412291,
  "manifest.json": 1617202427876,
  "model/models.js": 1617089864188,
  "i18n/i18n.properties": 1617089864188,
  "controller/LandingPage.controller.js": 1617089864188,
  "Component.js": 1617089864188,
  "manifest-bundle.zip": 1617202427653,
  "Component-preload.js": 1617202427840,
  "Component-dbg.js": 1617089864188,
  "controller/QRDetails-dbg.controller.js": 1617197412291,
  "controller/LandingPage-dbg.controller.js": 1617089864188,
  "model/models-dbg.js": 1617089864188,
  "resources.json": 1617202427879,
  "view/QRDetails.view.xml": 1617197412283,
  "view/LandingPage.view.xml": 1617189899938,
  "css/style.css": 1617089864188,
  "index.html": 1617089864188
}