{
  "css/style.css": 1617089864188,
  "controller/QRDetails.controller.js": 1618899778821,
  "utils/formatter.js": 1618817568967,
  "model/models.js": 1617089864188,
  "manifest.json": 1619418393579,
  "controller/LandingPage.controller.js": 1617089864188,
  "controller/ErrorHandler.js": 1618460033959,
  "controller/BaseController.js": 1618460033959,
  "controller/BarCodeDetails.controller.js": 1619189357825,
  "controller/App.controller.js": 1618460033959,
  "Component.js": 1618460033959,
  "manifest-bundle.zip": 1619418393259,
  "Component-preload.js": 1619418393519,
  "controller/BarCodeDetails-dbg.controller.js": 1619189357825,
  "model/models-dbg.js": 1617089864188,
  "controller/QRDetails-dbg.controller.js": 1618899778821,
  "controller/LandingPage-dbg.controller.js": 1617089864188,
  "controller/ErrorHandler-dbg.js": 1618460033959,
  "controller/BaseController-dbg.js": 1618460033959,
  "utils/formatter-dbg.js": 1618817568967,
  "controller/App-dbg.controller.js": 1618460033959,
  "Component-dbg.js": 1618460033959,
  "resources.json": 1619418393582,
  "view/fragments/ViewQR.fragment.xml": 1618907927646,
  "view/QRDetails.view.xml": 1618460033959,
  "view/LandingPage.view.xml": 1618460033959,
  "view/BarCodeDetails.view.xml": 1619189357825,
  "view/App.view.xml": 1618460033959,
  "i18n/i18n.properties": 1618907927666,
  "index.html": 1617089864188
}