{
  "resources.json": 1617954620738,
  "controller/ErrorHandler.js": 1617954519988,
  "model/models.js": 1617089864188,
  "controller/QRDetails.controller.js": 1617954519988,
  "controller/LandingPage.controller.js": 1617089864188,
  "manifest.json": 1617954620735,
  "controller/BaseController.js": 1617954519988,
  "controller/BarCodeDetails.controller.js": 1617954519988,
  "controller/App.controller.js": 1617954519988,
  "Component.js": 1617954519988,
  "manifest-bundle.zip": 1617954620437,
  "Component-preload.js": 1617954620677,
  "controller/BarCodeDetails-dbg.controller.js": 1617954519988,
  "controller/QRDetails-dbg.controller.js": 1617954519988,
  "controller/LandingPage-dbg.controller.js": 1617089864188,
  "controller/ErrorHandler-dbg.js": 1617954519988,
  "controller/BaseController-dbg.js": 1617954519988,
  "model/models-dbg.js": 1617089864188,
  "controller/App-dbg.controller.js": 1617954519988,
  "Component-dbg.js": 1617954519988,
  "i18n/i18n.properties": 1617954519988,
  "view/QRDetails.view.xml": 1617954519988,
  "view/LandingPage.view.xml": 1617954519988,
  "view/BarCodeDetails.view.xml": 1617954519988,
  "view/App.view.xml": 1617954519988,
  "css/style.css": 1617089864188,
  "index.html": 1617089864188
}