{
  "view/blocks/packingListDetails/packagingListContains/LineItemsTableController-dbg.controller.js": 1625749936942,
  "i18n/i18n_en_GB.properties": 1625749936942,
  "i18n/i18n_en.properties": 1625749936942,
  "i18n/i18n_en_US.properties": 1625749936942,
  "controller/BaseController.js": 1624876710660,
  "view/blocks/packingListDetails/packagingListContains/blocks/LineItemsTable.js": 1625749936942,
  "view/blocks/packingListDetails/outerPackaging/blocks/OuterPackaging.js": 1625749936942,
  "view/blocks/packingListDetails/lineItemsTable/blocks/LineItemsTable.js": 1625749936942,
  "view/blocks/packingListDetails/innerPackaging/blocks/InnerPackaging.js": 1625749936942,
  "view/blocks/packingListDetails/packagingListContains/LineItemsTableController.controller.js": 1625749936942,
  "view/blocks/packingListDetails/outerPackaging/OuterPackagingController.controller.js": 1625749936942,
  "view/blocks/packingListDetails/lineItemsTable/LineItemsTableController.controller.js": 1625749936942,
  "view/blocks/packingListDetails/innerPackaging/InnerPackagingController.controller.js": 1625749936942,
  "view/blocks/lineItemsTable/blocks/LineItemsTable.js": 1624876710664,
  "view/blocks/lineItemsTable/LineItemsTableController.controller.js": 1624876710664,
  "model/models.js": 1624876710660,
  "controller/QRCodeDetail.controller.js": 1625749936942,
  "controller/LandingPage.controller.js": 1625846653849,
  "controller/ErrorHandler.js": 1624876710660,
  "manifest.json": 1626288276909,
  "controller/App.controller.js": 1624876710660,
  "Component.js": 1625750451889,
  "manifest-bundle.zip": 1626288276417,
  "Component-preload.js": 1626288276829,
  "view/blocks/packingListDetails/innerPackaging/InnerPackagingController-dbg.controller.js": 1625749936942,
  "view/blocks/packingListDetails/outerPackaging/blocks/OuterPackaging-dbg.js": 1625749936942,
  "view/blocks/packingListDetails/lineItemsTable/blocks/LineItemsTable-dbg.js": 1625749936942,
  "view/blocks/packingListDetails/innerPackaging/blocks/InnerPackaging-dbg.js": 1625749936942,
  "i18n/i18n.properties": 1625846653849,
  "view/blocks/packingListDetails/outerPackaging/OuterPackagingController-dbg.controller.js": 1625749936942,
  "view/blocks/packingListDetails/lineItemsTable/LineItemsTableController-dbg.controller.js": 1625749936942,
  "view/blocks/packingListDetails/packagingListContains/blocks/LineItemsTable-dbg.js": 1625749936942,
  "view/blocks/lineItemsTable/blocks/LineItemsTable-dbg.js": 1624876710664,
  "view/blocks/lineItemsTable/LineItemsTableController-dbg.controller.js": 1624876710664,
  "model/models-dbg.js": 1624876710660,
  "controller/QRCodeDetail-dbg.controller.js": 1625749936942,
  "controller/LandingPage-dbg.controller.js": 1625846653849,
  "controller/ErrorHandler-dbg.js": 1624876710660,
  "controller/BaseController-dbg.js": 1624876710660,
  "controller/App-dbg.controller.js": 1624876710660,
  "Component-dbg.js": 1625750451889,
  "view/blocks/packingListDetails/packagingListContains/LineItemsTable.view.xml": 1625749936942,
  "view/blocks/packingListDetails/outerPackaging/OuterPackaging.view.xml": 1625749936942,
  "view/blocks/packingListDetails/lineItemsTable/LineItemsTable.view.xml": 1625749936942,
  "view/blocks/packingListDetails/innerPackaging/InnerPackaging.view.xml": 1625749936942,
  "view/fragments/packingListDetails/QRCodeViewer1.fragment.xml": 1625749936942,
  "view/fragments/packingListDetails/QRCodeViewer.fragment.xml": 1625749936942,
  "view/blocks/lineItemsTable/LineItemsTable.view.xml": 1624876710664,
  "view/fragments/LineItemsTable.view.xml": 1624876710664,
  "view/fragments/InternationalTable.fragment.xml": 1625846653849,
  "view/fragments/FilterBar.fragment.xml": 1625749936942,
  "view/fragments/DomesticTable.fragment.xml": 1625750451889,
  "view/QRCodeDetail.view.xml": 1626287574473,
  "view/LandingPage.view.xml": 1625811050279,
  "view/App.view.xml": 1624876710660,
  "css/style.css": 1624876710660,
  "index.html": 1624876710660
}