{
  "view/App.view.xml": 1623918809264,
  "controller/QRCodeDetail.controller.js": 1623918814184,
  "view/blocks/lineItemsTable/blocks/LineItemsTable.js": 1623918809264,
  "view/blocks/lineItemsTable/LineItemsTableController.controller.js": 1623918809264,
  "model/models.js": 1623749249312,
  "manifest.json": 1624954802686,
  "controller/LandingPage.controller.js": 1623918809264,
  "controller/ErrorHandler.js": 1623749249312,
  "controller/BaseController.js": 1623749249312,
  "controller/App.controller.js": 1623918809264,
  "Component.js": 1623749249312,
  "manifest-bundle.zip": 1624954802244,
  "Component-preload.js": 1624954802604,
  "controller/BaseController-dbg.js": 1623749249312,
  "view/blocks/lineItemsTable/LineItemsTableController-dbg.controller.js": 1623918809264,
  "model/models-dbg.js": 1623749249312,
  "controller/QRCodeDetail-dbg.controller.js": 1623918814184,
  "controller/LandingPage-dbg.controller.js": 1623918809264,
  "controller/ErrorHandler-dbg.js": 1623749249312,
  "view/blocks/lineItemsTable/blocks/LineItemsTable-dbg.js": 1623918809264,
  "controller/App-dbg.controller.js": 1623918809264,
  "Component-dbg.js": 1623749249312,
  "view/blocks/lineItemsTable/LineItemsTable.view.xml": 1623918809264,
  "view/fragments/LineItemsTable.view.xml": 1623918809264,
  "view/fragments/InternationalTable.fragment.xml": 1623918809264,
  "view/fragments/FilterBar.fragment.xml": 1623749249312,
  "view/fragments/DomesticTable.fragment.xml": 1623749249312,
  "view/QRCodeDetail.view.xml": 1623918809264,
  "view/LandingPage.view.xml": 1623749249312,
  "i18n/i18n.properties": 1623918809264,
  "css/style.css": 1623749249312,
  "index.html": 1623749249312
}