{
  "view/blocks/lineItemsTable/LineItemsTableController-dbg.controller.js": 1623932504575,
  "controller/LandingPage.controller.js": 1623932504563,
  "view/blocks/lineItemsTable/blocks/LineItemsTable.js": 1623932504575,
  "view/blocks/lineItemsTable/LineItemsTableController.controller.js": 1623932504575,
  "model/models.js": 1623738738574,
  "controller/QRCodeDetail.controller.js": 1623932504567,
  "manifest.json": 1623939363856,
  "controller/ErrorHandler.js": 1623738738566,
  "controller/BaseController.js": 1623738738566,
  "controller/App.controller.js": 1623932504559,
  "Component.js": 1623738738562,
  "manifest-bundle.zip": 1623939363284,
  "Component-preload.js": 1623939363770,
  "Component-dbg.js": 1623738738562,
  "i18n/i18n.properties": 1623932504567,
  "model/models-dbg.js": 1623738738574,
  "controller/QRCodeDetail-dbg.controller.js": 1623932504567,
  "controller/LandingPage-dbg.controller.js": 1623932504563,
  "controller/ErrorHandler-dbg.js": 1623738738566,
  "controller/BaseController-dbg.js": 1623738738566,
  "controller/App-dbg.controller.js": 1623932504559,
  "view/blocks/lineItemsTable/blocks/LineItemsTable-dbg.js": 1623932504575,
  "view/blocks/lineItemsTable/LineItemsTable.view.xml": 1623932504575,
  "view/fragments/LineItemsTable.view.xml": 1623932504579,
  "view/fragments/InternationalTable.fragment.xml": 1623932504579,
  "view/fragments/FilterBar.fragment.xml": 1623738738594,
  "view/fragments/DomesticTable.fragment.xml": 1623738738594,
  "view/QRCodeDetail.view.xml": 1623932504571,
  "view/LandingPage.view.xml": 1623760117384,
  "view/App.view.xml": 1623932504571,
  "css/style.css": 1623738738566,
  "index.html": 1623738738570
}