{
  "view/blocks/packingListDetails/innerPackaging/blocks/InnerPackaging-dbg.js": 1625237454325,
  "i18n/i18n_en_GB.properties": 1625237454321,
  "i18n/i18n_en.properties": 1625237454321,
  "i18n/i18n_en_US.properties": 1625237454321,
  "view/blocks/packingListDetails/innerPackaging/InnerPackagingController.controller.js": 1625237454325,
  "view/blocks/packingListDetails/packagingListContains/blocks/LineItemsTable.js": 1625237454325,
  "view/blocks/packingListDetails/outerPackaging/blocks/OuterPackaging.js": 1625237454325,
  "view/blocks/packingListDetails/lineItemsTable/blocks/LineItemsTable.js": 1625237454325,
  "view/blocks/packingListDetails/innerPackaging/blocks/InnerPackaging.js": 1625237454325,
  "view/blocks/packingListDetails/packagingListContains/LineItemsTableController.controller.js": 1625237454325,
  "view/blocks/packingListDetails/outerPackaging/OuterPackagingController.controller.js": 1625237454325,
  "view/blocks/packingListDetails/lineItemsTable/LineItemsTableController.controller.js": 1625237454325,
  "manifest.json": 1626346639339,
  "view/blocks/lineItemsTable/blocks/LineItemsTable.js": 1625237454325,
  "view/blocks/lineItemsTable/LineItemsTableController.controller.js": 1625237454325,
  "utils/formatter.js": 1626341894761,
  "model/models.js": 1625237454321,
  "controller/QRCodeDetail.controller.js": 1626341894761,
  "controller/LandingPage.controller.js": 1626087354927,
  "controller/ErrorHandler.js": 1625237454321,
  "controller/BaseController.js": 1625237454321,
  "controller/App.controller.js": 1625237454321,
  "Component.js": 1626086840993,
  "manifest-bundle.zip": 1626346638798,
  "Component-preload.js": 1626346639218,
  "controller/ErrorHandler-dbg.js": 1625237454321,
  "view/blocks/packingListDetails/outerPackaging/blocks/OuterPackaging-dbg.js": 1625237454325,
  "view/blocks/packingListDetails/lineItemsTable/blocks/LineItemsTable-dbg.js": 1625237454325,
  "i18n/i18n.properties": 1626087354927,
  "view/blocks/lineItemsTable/blocks/LineItemsTable-dbg.js": 1625237454325,
  "view/blocks/packingListDetails/packagingListContains/LineItemsTableController-dbg.controller.js": 1625237454325,
  "view/blocks/packingListDetails/outerPackaging/OuterPackagingController-dbg.controller.js": 1625237454325,
  "view/blocks/packingListDetails/lineItemsTable/LineItemsTableController-dbg.controller.js": 1625237454325,
  "view/blocks/packingListDetails/innerPackaging/InnerPackagingController-dbg.controller.js": 1625237454325,
  "view/blocks/lineItemsTable/LineItemsTableController-dbg.controller.js": 1625237454325,
  "utils/formatter-dbg.js": 1626341894761,
  "model/models-dbg.js": 1625237454321,
  "controller/QRCodeDetail-dbg.controller.js": 1626341894761,
  "controller/LandingPage-dbg.controller.js": 1626087354927,
  "view/blocks/packingListDetails/packagingListContains/blocks/LineItemsTable-dbg.js": 1625237454325,
  "controller/BaseController-dbg.js": 1625237454321,
  "controller/App-dbg.controller.js": 1625237454321,
  "Component-dbg.js": 1626086840993,
  "view/blocks/packingListDetails/packagingListContains/LineItemsTable.view.xml": 1625237454325,
  "view/blocks/packingListDetails/outerPackaging/OuterPackaging.view.xml": 1625488934611,
  "view/blocks/packingListDetails/lineItemsTable/LineItemsTable.view.xml": 1625237454325,
  "view/blocks/packingListDetails/innerPackaging/InnerPackaging.view.xml": 1625237454325,
  "view/fragments/packingListDetails/QRCodeViewer1.fragment.xml": 1625237454325,
  "view/fragments/packingListDetails/QRCodeViewer.fragment.xml": 1625237454325,
  "view/blocks/lineItemsTable/LineItemsTable.view.xml": 1625237454325,
  "view/fragments/LineItemsTable.view.xml": 1625237454325,
  "view/fragments/InternationalTable.fragment.xml": 1626087354927,
  "view/fragments/FilterBar.fragment.xml": 1625237454325,
  "view/fragments/DomesticTable.fragment.xml": 1625758171800,
  "view/QRCodeDetail.view.xml": 1626341894761,
  "view/LandingPage.view.xml": 1625758171800,
  "view/App.view.xml": 1625237454321,
  "css/style.css": 1625237454321,
  "index.html": 1625237454321
}