{
  "view/blocks/packingListDetails/innerPackaging/InnerPackagingController.controller.js": 1625237277185,
  "i18n/i18n_en_GB.properties": 1625237277181,
  "i18n/i18n_en.properties": 1625237277181,
  "i18n/i18n_en_US.properties": 1625237277181,
  "view/blocks/packingListDetails/packagingListContains/blocks/LineItemsTable.js": 1625237277185,
  "manifest.json": 1625767492979,
  "view/blocks/packingListDetails/outerPackaging/blocks/OuterPackaging.js": 1625237277185,
  "view/blocks/packingListDetails/lineItemsTable/blocks/LineItemsTable.js": 1625237277185,
  "view/blocks/packingListDetails/innerPackaging/blocks/InnerPackaging.js": 1625237277185,
  "view/blocks/packingListDetails/packagingListContains/LineItemsTableController.controller.js": 1625237277185,
  "view/blocks/packingListDetails/outerPackaging/OuterPackagingController.controller.js": 1625237277185,
  "view/blocks/packingListDetails/lineItemsTable/LineItemsTableController.controller.js": 1625237277185,
  "i18n/i18n.properties": 1625767154945,
  "view/blocks/lineItemsTable/blocks/LineItemsTable.js": 1623918809264,
  "view/blocks/lineItemsTable/LineItemsTableController.controller.js": 1623918809264,
  "model/models.js": 1623749249312,
  "controller/QRCodeDetail.controller.js": 1625237277181,
  "controller/LandingPage.controller.js": 1625750761115,
  "controller/ErrorHandler.js": 1623749249312,
  "controller/BaseController.js": 1623749249312,
  "controller/App.controller.js": 1623918809264,
  "Component.js": 1625750761115,
  "manifest-bundle.zip": 1625767492367,
  "Component-preload.js": 1625767492876,
  "controller/ErrorHandler-dbg.js": 1623749249312,
  "view/blocks/packingListDetails/outerPackaging/blocks/OuterPackaging-dbg.js": 1625237277185,
  "view/blocks/packingListDetails/lineItemsTable/blocks/LineItemsTable-dbg.js": 1625237277185,
  "view/blocks/packingListDetails/innerPackaging/blocks/InnerPackaging-dbg.js": 1625237277185,
  "view/blocks/packingListDetails/packagingListContains/LineItemsTableController-dbg.controller.js": 1625237277185,
  "view/blocks/packingListDetails/outerPackaging/OuterPackagingController-dbg.controller.js": 1625237277185,
  "view/blocks/packingListDetails/lineItemsTable/LineItemsTableController-dbg.controller.js": 1625237277185,
  "view/blocks/packingListDetails/innerPackaging/InnerPackagingController-dbg.controller.js": 1625237277185,
  "view/blocks/lineItemsTable/blocks/LineItemsTable-dbg.js": 1623918809264,
  "view/blocks/lineItemsTable/LineItemsTableController-dbg.controller.js": 1623918809264,
  "model/models-dbg.js": 1623749249312,
  "controller/QRCodeDetail-dbg.controller.js": 1625237277181,
  "controller/LandingPage-dbg.controller.js": 1625750761115,
  "view/blocks/packingListDetails/packagingListContains/blocks/LineItemsTable-dbg.js": 1625237277185,
  "controller/BaseController-dbg.js": 1623749249312,
  "controller/App-dbg.controller.js": 1623918809264,
  "Component-dbg.js": 1625750761115,
  "view/blocks/packingListDetails/packagingListContains/LineItemsTable.view.xml": 1625237277185,
  "view/blocks/packingListDetails/outerPackaging/OuterPackaging.view.xml": 1625731850441,
  "view/blocks/packingListDetails/lineItemsTable/LineItemsTable.view.xml": 1625237277185,
  "view/blocks/packingListDetails/innerPackaging/InnerPackaging.view.xml": 1625237277185,
  "view/fragments/packingListDetails/QRCodeViewer1.fragment.xml": 1625237277185,
  "view/fragments/packingListDetails/QRCodeViewer.fragment.xml": 1625237277185,
  "view/blocks/lineItemsTable/LineItemsTable.view.xml": 1623918809264,
  "view/fragments/LineItemsTable.view.xml": 1623918809264,
  "view/fragments/InternationalTable.fragment.xml": 1625767154945,
  "view/fragments/FilterBar.fragment.xml": 1625237277185,
  "view/fragments/DomesticTable.fragment.xml": 1625750761115,
  "view/QRCodeDetail.view.xml": 1625731850441,
  "view/LandingPage.view.xml": 1625767154945,
  "view/App.view.xml": 1623918809264,
  "css/style.css": 1623749249312,
  "index.html": 1623749249312
}