{
  "index.html": 1623676882793,
  "i18n/i18n_en_GB.properties": 1623676882793,
  "i18n/i18n_en.properties": 1623676882793,
  "i18n/i18n.properties": 1623676882793,
  "controller/BaseController.js": 1623676882793,
  "model/models.js": 1623676882793,
  "controller/LandingPage.controller.js": 1623676882793,
  "controller/ErrorHandler.js": 1623676882793,
  "controller/Detail.controller.js": 1623676882793,
  "manifest.json": 1624358052810,
  "controller/App.controller.js": 1623676882793,
  "Component.js": 1623676882793,
  "manifest-bundle.zip": 1624358052281,
  "Component-preload.js": 1624358052716,
  "controller/LandingPage-dbg.controller.js": 1623676882793,
  "model/models-dbg.js": 1623676882793,
  "controller/ErrorHandler-dbg.js": 1623676882793,
  "controller/Detail-dbg.controller.js": 1623676882793,
  "controller/BaseController-dbg.js": 1623676882793,
  "controller/App-dbg.controller.js": 1623676882793,
  "Component-dbg.js": 1623676882793,
  "view/fragments/FilterSortGroup.fragment.xml": 1623676882793,
  "view/LandingPage.view.xml": 1623676882793,
  "view/Detail.view.xml": 1623676882793,
  "view/App.view.xml": 1623676882793,
  "css/style.css": 1623676882793,
  "i18n/i18n_en_US.properties": 1623676882793
}