{
  "controller/App-dbg.controller.js": 1622552657573,
  "i18n/i18n_en_GB.properties": 1622552657573,
  "i18n/i18n_en.properties": 1622552657573,
  "i18n/i18n_en_US.properties": 1622552657573,
  "controller/ErrorHandler.js": 1622552657573,
  "model/models.js": 1622552657573,
  "controller/LandingPage.controller.js": 1622702713667,
  "manifest.json": 1623052103852,
  "controller/Detail.controller.js": 1622702713667,
  "controller/BaseController.js": 1622552657573,
  "controller/App.controller.js": 1622552657573,
  "Component.js": 1622552657573,
  "manifest-bundle.zip": 1623052103348,
  "Component-preload.js": 1623052103741,
  "model/models-dbg.js": 1622552657573,
  "controller/LandingPage-dbg.controller.js": 1622702713667,
  "controller/ErrorHandler-dbg.js": 1622552657573,
  "controller/Detail-dbg.controller.js": 1622702713667,
  "controller/BaseController-dbg.js": 1622552657573,
  "i18n/i18n.properties": 1622702713667,
  "Component-dbg.js": 1622552657573,
  "view/fragments/FilterSortGroup.fragment.xml": 1622552657577,
  "view/LandingPage.view.xml": 1622552657577,
  "view/Detail.view.xml": 1622552657577,
  "view/App.view.xml": 1622552657577,
  "css/style.css": 1622552657573,
  "index.html": 1622552657573
}