{
  "i18n/i18n_en_US.properties": 1623749062224,
  "i18n/i18n_en_GB.properties": 1623749062224,
  "i18n/i18n_en.properties": 1623749062224,
  "i18n/i18n.properties": 1623749062224,
  "controller/App.controller.js": 1623749062224,
  "model/models.js": 1623749062228,
  "controller/LandingPage.controller.js": 1623749062224,
  "controller/ErrorHandler.js": 1623749062224,
  "controller/Detail.controller.js": 1623749062224,
  "controller/BaseController.js": 1623749062224,
  "manifest.json": 1627994443813,
  "Component.js": 1623749062224,
  "manifest-bundle.zip": 1627994443250,
  "Component-preload.js": 1627994443715,
  "model/models-dbg.js": 1623749062228,
  "controller/LandingPage-dbg.controller.js": 1623749062224,
  "controller/ErrorHandler-dbg.js": 1623749062224,
  "controller/Detail-dbg.controller.js": 1623749062224,
  "controller/BaseController-dbg.js": 1623749062224,
  "controller/App-dbg.controller.js": 1623749062224,
  "Component-dbg.js": 1623749062224,
  "view/fragments/FilterSortGroup.fragment.xml": 1623749062228,
  "view/LandingPage.view.xml": 1623749062228,
  "view/Detail.view.xml": 1626772095340,
  "view/App.view.xml": 1623749062228,
  "css/style.css": 1623749062224,
  "index.html": 1623749062224
}