{
  "model/models-dbg.js": 1622801154444,
  "i18n/i18n_en_GB.properties": 1622801154436,
  "i18n/i18n_en.properties": 1622801154436,
  "i18n/i18n_en_US.properties": 1622801154436,
  "model/models.js": 1622801154444,
  "manifest.json": 1625648918772,
  "controller/LandingPage.controller.js": 1622801154432,
  "controller/ErrorHandler.js": 1622801154432,
  "controller/Detail.controller.js": 1622801154432,
  "controller/BaseController.js": 1622801154432,
  "controller/App.controller.js": 1622801154428,
  "Component.js": 1622801154428,
  "manifest-bundle.zip": 1625648918269,
  "Component-preload.js": 1625648918686,
  "controller/Detail-dbg.controller.js": 1622801154432,
  "controller/LandingPage-dbg.controller.js": 1622801154432,
  "controller/ErrorHandler-dbg.js": 1622801154432,
  "i18n/i18n.properties": 1622801154436,
  "controller/BaseController-dbg.js": 1622801154432,
  "controller/App-dbg.controller.js": 1622801154428,
  "Component-dbg.js": 1622801154428,
  "view/fragments/FilterSortGroup.fragment.xml": 1622801154460,
  "view/LandingPage.view.xml": 1622801154460,
  "view/Detail.view.xml": 1622801154456,
  "view/App.view.xml": 1622801154456,
  "css/style.css": 1622801154436,
  "index.html": 1622801154436
}