{
  "controller/ErrorHandler-dbg.js": 1625237452501,
  "i18n/i18n_en_US.properties": 1625237452501,
  "i18n/i18n_en.properties": 1625237452501,
  "i18n/i18n.properties": 1625237452501,
  "controller/BaseController.js": 1625237452501,
  "model/models.js": 1625237452505,
  "controller/LandingPage.controller.js": 1625237452501,
  "controller/ErrorHandler.js": 1625237452501,
  "controller/Detail.controller.js": 1625237452501,
  "manifest.json": 1626348442426,
  "controller/App.controller.js": 1625237452501,
  "Component.js": 1625237452501,
  "manifest-bundle.zip": 1626348442088,
  "Component-preload.js": 1626348442360,
  "controller/Detail-dbg.controller.js": 1625237452501,
  "controller/LandingPage-dbg.controller.js": 1625237452501,
  "i18n/i18n_en_GB.properties": 1625237452501,
  "model/models-dbg.js": 1625237452505,
  "controller/BaseController-dbg.js": 1625237452501,
  "controller/App-dbg.controller.js": 1625237452501,
  "Component-dbg.js": 1625237452501,
  "view/fragments/FilterSortGroup.fragment.xml": 1625237452505,
  "view/LandingPage.view.xml": 1625237452505,
  "view/Detail.view.xml": 1625237452505,
  "view/App.view.xml": 1625237452505,
  "css/style.css": 1625237452501,
  "index.html": 1625237452501
}