{
  "view/fragments/QRCodeViewer.fragment.xml": 1625464385467,
  "i18n/i18n_en_GB.properties": 1623746156156,
  "i18n/i18n_en_US.properties": 1623746156156,
  "i18n/i18n.properties": 1625574780069,
  "view/blocks/packingListDetails/innerPackaging/InnerPackagingController.controller.js": 1625464385467,
  "view/blocks/packingListDetails/packagingListContains/blocks/LineItemsTable.js": 1625464385467,
  "view/blocks/packingListDetails/outerPackaging/blocks/OuterPackaging.js": 1625464385467,
  "view/blocks/packingListDetails/lineItemsTable/blocks/LineItemsTable.js": 1625464385467,
  "view/blocks/packingListDetails/innerPackaging/blocks/InnerPackaging.js": 1625464385467,
  "view/blocks/packingListDetails/packagingListContains/LineItemsTableController.controller.js": 1625464385467,
  "view/blocks/packingListDetails/outerPackaging/OuterPackagingController.controller.js": 1625464385467,
  "view/blocks/packingListDetails/lineItemsTable/LineItemsTableController.controller.js": 1625464385467,
  "manifest.json": 1625579231073,
  "utils/formatter.js": 1625464385467,
  "model/models.js": 1623746156160,
  "controller/ScanQrCode.controller.js": 1625574780069,
  "controller/QRCodeDetails.controller.js": 1625574780069,
  "controller/ErrorHandler.js": 1623746156156,
  "controller/BaseController.js": 1623746156156,
  "controller/App.controller.js": 1623746156156,
  "Component.js": 1624003054345,
  "manifest-bundle.zip": 1625579230694,
  "Component-preload.js": 1625579230988,
  "controller/ErrorHandler-dbg.js": 1623746156156,
  "view/blocks/packingListDetails/outerPackaging/blocks/OuterPackaging-dbg.js": 1625464385467,
  "view/blocks/packingListDetails/lineItemsTable/blocks/LineItemsTable-dbg.js": 1625464385467,
  "view/blocks/packingListDetails/innerPackaging/blocks/InnerPackaging-dbg.js": 1625464385467,
  "view/blocks/packingListDetails/packagingListContains/LineItemsTableController-dbg.controller.js": 1625464385467,
  "view/blocks/packingListDetails/outerPackaging/OuterPackagingController-dbg.controller.js": 1625464385467,
  "view/blocks/packingListDetails/lineItemsTable/LineItemsTableController-dbg.controller.js": 1625464385467,
  "view/blocks/packingListDetails/innerPackaging/InnerPackagingController-dbg.controller.js": 1625464385467,
  "utils/formatter-dbg.js": 1625464385467,
  "model/models-dbg.js": 1623746156160,
  "controller/ScanQrCode-dbg.controller.js": 1625574780069,
  "controller/QRCodeDetails-dbg.controller.js": 1625574780069,
  "view/blocks/packingListDetails/packagingListContains/blocks/LineItemsTable-dbg.js": 1625464385467,
  "controller/BaseController-dbg.js": 1623746156156,
  "controller/App-dbg.controller.js": 1623746156156,
  "Component-dbg.js": 1624003054345,
  "view/blocks/packingListDetails/packagingListContains/LineItemsTable.view.xml": 1625464385467,
  "view/blocks/packingListDetails/outerPackaging/OuterPackaging.view.xml": 1625464385467,
  "view/blocks/packingListDetails/lineItemsTable/LineItemsTable.view.xml": 1625464385467,
  "view/blocks/packingListDetails/innerPackaging/InnerPackaging.view.xml": 1625464385467,
  "i18n/i18n_en.properties": 1623746156156,
  "view/ScanQrCode.view.xml": 1625574780069,
  "view/QRCodeDetails.view.xml": 1625574780069,
  "view/App.view.xml": 1623932506111,
  "css/style.css": 1623746156156,
  "index.html": 1623746156156
}