{
  "view/blocks/packingListDetails/lineItemsTable/blocks/LineItemsTable.js": 1625237455797,
  "i18n/i18n_en_GB.properties": 1625237455793,
  "i18n/i18n_en_US.properties": 1625237455793,
  "i18n/i18n.properties": 1625758171864,
  "controller/App.controller.js": 1625237455793,
  "view/blocks/packingListDetails/packagingListContains/blocks/LineItemsTable.js": 1625237455797,
  "view/blocks/packingListDetails/outerPackaging/blocks/OuterPackaging.js": 1625237455797,
  "i18n/i18n_en.properties": 1625237455793,
  "view/blocks/packingListDetails/innerPackaging/blocks/InnerPackaging.js": 1625237455797,
  "view/blocks/packingListDetails/packagingListContains/LineItemsTableController.controller.js": 1625237455797,
  "view/blocks/packingListDetails/outerPackaging/OuterPackagingController.controller.js": 1625237455797,
  "view/blocks/packingListDetails/lineItemsTable/LineItemsTableController.controller.js": 1625237455797,
  "view/blocks/packingListDetails/innerPackaging/InnerPackagingController.controller.js": 1625237455797,
  "utils/formatter.js": 1625237455797,
  "model/models.js": 1625237455797,
  "controller/ScanQrCode.controller.js": 1625758171864,
  "controller/QRCodeDetails.controller.js": 1626341894761,
  "controller/ErrorHandler.js": 1625237455793,
  "controller/BaseController.js": 1625237455793,
  "manifest.json": 1626413280076,
  "Component.js": 1625237455793,
  "manifest-bundle.zip": 1626413279643,
  "Component-preload.js": 1626413279977,
  "controller/App-dbg.controller.js": 1625237455793,
  "view/blocks/packingListDetails/outerPackaging/blocks/OuterPackaging-dbg.js": 1625237455797,
  "view/blocks/packingListDetails/lineItemsTable/blocks/LineItemsTable-dbg.js": 1625237455797,
  "view/blocks/packingListDetails/innerPackaging/blocks/InnerPackaging-dbg.js": 1625237455797,
  "view/blocks/packingListDetails/packagingListContains/LineItemsTableController-dbg.controller.js": 1625237455797,
  "view/blocks/packingListDetails/outerPackaging/OuterPackagingController-dbg.controller.js": 1625237455797,
  "view/blocks/packingListDetails/lineItemsTable/LineItemsTableController-dbg.controller.js": 1625237455797,
  "view/blocks/packingListDetails/innerPackaging/InnerPackagingController-dbg.controller.js": 1625237455797,
  "utils/formatter-dbg.js": 1625237455797,
  "model/models-dbg.js": 1625237455797,
  "controller/ScanQrCode-dbg.controller.js": 1625758171864,
  "controller/QRCodeDetails-dbg.controller.js": 1626341894761,
  "controller/ErrorHandler-dbg.js": 1625237455793,
  "controller/BaseController-dbg.js": 1625237455793,
  "view/blocks/packingListDetails/packagingListContains/blocks/LineItemsTable-dbg.js": 1625237455797,
  "Component-dbg.js": 1625237455793,
  "view/blocks/packingListDetails/packagingListContains/LineItemsTable.view.xml": 1625237455797,
  "view/blocks/packingListDetails/outerPackaging/OuterPackaging.view.xml": 1625237455797,
  "view/blocks/packingListDetails/lineItemsTable/LineItemsTable.view.xml": 1625237455797,
  "view/blocks/packingListDetails/innerPackaging/InnerPackaging.view.xml": 1625237455797,
  "view/fragments/QRCodeViewer.fragment.xml": 1625237455797,
  "view/ScanQrCode.view.xml": 1625758171864,
  "view/QRCodeDetails.view.xml": 1626341894761,
  "view/App.view.xml": 1625237455797,
  "css/style.css": 1625237455793,
  "index.html": 1625237455793
}