{
  "view/blocks/packingListDetails/lineItemsTable/LineItemsTableController.controller.js": 1626183718271,
  "i18n/i18n_en_GB.properties": 1623749251080,
  "i18n/i18n_en_US.properties": 1623749251080,
  "i18n/i18n.properties": 1626183718235,
  "view/blocks/packingListDetails/packagingListContains/blocks/LineItemsTable.js": 1626183718271,
  "manifest.json": 1628021684990,
  "view/blocks/packingListDetails/outerPackaging/blocks/OuterPackaging.js": 1626183718271,
  "view/blocks/packingListDetails/lineItemsTable/blocks/LineItemsTable.js": 1626183718271,
  "view/blocks/packingListDetails/innerPackaging/blocks/InnerPackaging.js": 1626183718271,
  "view/blocks/packingListDetails/packagingListContains/LineItemsTableController.controller.js": 1626183718271,
  "view/blocks/packingListDetails/outerPackaging/OuterPackagingController.controller.js": 1626183718271,
  "i18n/i18n_en.properties": 1623749251080,
  "view/blocks/packingListDetails/innerPackaging/InnerPackagingController.controller.js": 1626183718271,
  "utils/formatter.js": 1627995846362,
  "model/models.js": 1623749251080,
  "controller/ScanQrCode.controller.js": 1627995846362,
  "controller/QRCodeDetails.controller.js": 1627995846362,
  "controller/ErrorHandler.js": 1623749251080,
  "controller/BaseController.js": 1623749251080,
  "controller/App.controller.js": 1623749251080,
  "Component.js": 1623749251080,
  "manifest-bundle.zip": 1628021684570,
  "Component-preload.js": 1628021684896,
  "view/blocks/packingListDetails/outerPackaging/blocks/OuterPackaging-dbg.js": 1626183718271,
  "view/blocks/packingListDetails/packagingListContains/blocks/LineItemsTable-dbg.js": 1626183718271,
  "view/blocks/packingListDetails/lineItemsTable/blocks/LineItemsTable-dbg.js": 1626183718271,
  "view/blocks/packingListDetails/innerPackaging/blocks/InnerPackaging-dbg.js": 1626183718271,
  "view/blocks/packingListDetails/packagingListContains/LineItemsTableController-dbg.controller.js": 1626183718271,
  "view/blocks/packingListDetails/outerPackaging/OuterPackagingController-dbg.controller.js": 1626183718271,
  "view/blocks/packingListDetails/lineItemsTable/LineItemsTableController-dbg.controller.js": 1626183718271,
  "view/blocks/packingListDetails/innerPackaging/InnerPackagingController-dbg.controller.js": 1626183718271,
  "utils/formatter-dbg.js": 1627995846362,
  "model/models-dbg.js": 1623749251080,
  "controller/ScanQrCode-dbg.controller.js": 1627995846362,
  "controller/QRCodeDetails-dbg.controller.js": 1627995846362,
  "controller/ErrorHandler-dbg.js": 1623749251080,
  "controller/BaseController-dbg.js": 1623749251080,
  "controller/App-dbg.controller.js": 1623749251080,
  "Component-dbg.js": 1623749251080,
  "view/blocks/packingListDetails/packagingListContains/LineItemsTable.view.xml": 1626183718271,
  "view/blocks/packingListDetails/outerPackaging/OuterPackaging.view.xml": 1626183718271,
  "view/blocks/packingListDetails/lineItemsTable/LineItemsTable.view.xml": 1626183718271,
  "view/blocks/packingListDetails/innerPackaging/InnerPackaging.view.xml": 1626183718271,
  "view/fragments/QRCodeViewer.fragment.xml": 1626183718271,
  "view/ScanQrCode.view.xml": 1627995846362,
  "view/QRCodeDetails.view.xml": 1627995846362,
  "view/App.view.xml": 1623918809364,
  "css/style.css": 1623749251080,
  "index.html": 1623749251080
}