{
  "view/ScanQrCode.view.xml": 1625811050279,
  "i18n/i18n_en_US.properties": 1624876711924,
  "i18n/i18n_en.properties": 1624876711924,
  "i18n/i18n.properties": 1625811050279,
  "view/blocks/packingListDetails/lineItemsTable/blocks/LineItemsTable.js": 1625749937070,
  "view/blocks/packingListDetails/packagingListContains/blocks/LineItemsTable.js": 1625749937070,
  "view/blocks/packingListDetails/outerPackaging/blocks/OuterPackaging.js": 1625749937070,
  "manifest.json": 1626288279993,
  "view/blocks/packingListDetails/innerPackaging/blocks/InnerPackaging.js": 1625749937070,
  "view/blocks/packingListDetails/packagingListContains/LineItemsTableController.controller.js": 1625749937070,
  "view/blocks/packingListDetails/outerPackaging/OuterPackagingController.controller.js": 1625749937070,
  "view/blocks/packingListDetails/lineItemsTable/LineItemsTableController.controller.js": 1625749937070,
  "view/blocks/packingListDetails/innerPackaging/InnerPackagingController.controller.js": 1626164031280,
  "utils/formatter.js": 1625749937070,
  "model/models.js": 1624876711932,
  "controller/ScanQrCode.controller.js": 1625811050279,
  "controller/QRCodeDetails.controller.js": 1626287574473,
  "controller/ErrorHandler.js": 1624876711924,
  "controller/BaseController.js": 1624876711924,
  "controller/App.controller.js": 1626087445306,
  "Component.js": 1624876711920,
  "manifest-bundle.zip": 1626288279599,
  "Component-preload.js": 1626288279912,
  "view/blocks/packingListDetails/packagingListContains/LineItemsTableController-dbg.controller.js": 1625749937070,
  "view/blocks/packingListDetails/outerPackaging/blocks/OuterPackaging-dbg.js": 1625749937070,
  "view/blocks/packingListDetails/lineItemsTable/blocks/LineItemsTable-dbg.js": 1625749937070,
  "view/blocks/packingListDetails/innerPackaging/blocks/InnerPackaging-dbg.js": 1625749937070,
  "view/blocks/packingListDetails/packagingListContains/blocks/LineItemsTable-dbg.js": 1625749937070,
  "view/blocks/packingListDetails/outerPackaging/OuterPackagingController-dbg.controller.js": 1625749937070,
  "view/blocks/packingListDetails/lineItemsTable/LineItemsTableController-dbg.controller.js": 1625749937070,
  "view/blocks/packingListDetails/innerPackaging/InnerPackagingController-dbg.controller.js": 1626164031280,
  "utils/formatter-dbg.js": 1625749937070,
  "model/models-dbg.js": 1624876711932,
  "controller/ScanQrCode-dbg.controller.js": 1625811050279,
  "controller/QRCodeDetails-dbg.controller.js": 1626287574473,
  "controller/ErrorHandler-dbg.js": 1624876711924,
  "controller/BaseController-dbg.js": 1624876711924,
  "controller/App-dbg.controller.js": 1626087445306,
  "Component-dbg.js": 1624876711920,
  "view/blocks/packingListDetails/packagingListContains/LineItemsTable.view.xml": 1625749937070,
  "view/blocks/packingListDetails/outerPackaging/OuterPackaging.view.xml": 1625749937070,
  "view/blocks/packingListDetails/lineItemsTable/LineItemsTable.view.xml": 1625749937070,
  "view/blocks/packingListDetails/innerPackaging/InnerPackaging.view.xml": 1625749937070,
  "view/fragments/QRCodeViewer.fragment.xml": 1625749937070,
  "i18n/i18n_en_GB.properties": 1624876711924,
  "view/QRCodeDetails.view.xml": 1626287574477,
  "view/App.view.xml": 1624876711940,
  "css/style.css": 1624876711924,
  "index.html": 1624876711928
}