{
  "i18n/i18n.properties": 1625751044209,
  "i18n/i18n_en_GB.properties": 1625047558880,
  "i18n/i18n_en_US.properties": 1625047558880,
  "i18n/i18n_en.properties": 1625047558880,
  "view/blocks/packingListDetails/outerPackaging/blocks/OuterPackaging.js": 1625574743348,
  "view/blocks/packingListDetails/packagingListContains/blocks/LineItemsTable.js": 1625574743348,
  "manifest.json": 1632228415612,
  "view/blocks/packingListDetails/lineItemsTable/blocks/LineItemsTable.js": 1625574743348,
  "view/blocks/packingListDetails/innerPackaging/blocks/InnerPackaging.js": 1625574743348,
  "view/blocks/packingListDetails/packagingListContains/LineItemsTableController.controller.js": 1625574743348,
  "view/blocks/packingListDetails/outerPackaging/OuterPackagingController.controller.js": 1625574743348,
  "view/blocks/packingListDetails/lineItemsTable/LineItemsTableController.controller.js": 1625574743348,
  "view/blocks/packingListDetails/innerPackaging/InnerPackagingController.controller.js": 1625574743348,
  "utils/formatter.js": 1627657818761,
  "model/models.js": 1625047558880,
  "controller/ScanQrCode.controller.js": 1631621351434,
  "controller/QRCodeDetails.controller.js": 1630928449717,
  "controller/ErrorHandler.js": 1625047558880,
  "controller/BaseController.js": 1625047558880,
  "controller/App.controller.js": 1625047558880,
  "Component.js": 1631621351434,
  "manifest-bundle.zip": 1632228414849,
  "Component-preload.js": 1632228415332,
  "view/blocks/packingListDetails/innerPackaging/blocks/InnerPackaging-dbg.js": 1625574743348,
  "view/blocks/packingListDetails/outerPackaging/blocks/OuterPackaging-dbg.js": 1625574743348,
  "view/blocks/packingListDetails/lineItemsTable/blocks/LineItemsTable-dbg.js": 1625574743348,
  "view/blocks/packingListDetails/packagingListContains/blocks/LineItemsTable-dbg.js": 1625574743348,
  "view/blocks/packingListDetails/packagingListContains/LineItemsTableController-dbg.controller.js": 1625574743348,
  "view/blocks/packingListDetails/outerPackaging/OuterPackagingController-dbg.controller.js": 1625574743348,
  "view/blocks/packingListDetails/lineItemsTable/LineItemsTableController-dbg.controller.js": 1625574743348,
  "view/blocks/packingListDetails/innerPackaging/InnerPackagingController-dbg.controller.js": 1625574743348,
  "utils/formatter-dbg.js": 1627657818761,
  "model/models-dbg.js": 1625047558880,
  "controller/ScanQrCode-dbg.controller.js": 1631621351434,
  "controller/QRCodeDetails-dbg.controller.js": 1630928449717,
  "controller/ErrorHandler-dbg.js": 1625047558880,
  "controller/BaseController-dbg.js": 1625047558880,
  "controller/App-dbg.controller.js": 1625047558880,
  "Component-dbg.js": 1631621351434,
  "view/blocks/packingListDetails/packagingListContains/LineItemsTable.view.xml": 1625574743348,
  "view/blocks/packingListDetails/outerPackaging/OuterPackaging.view.xml": 1625574743348,
  "view/blocks/packingListDetails/lineItemsTable/LineItemsTable.view.xml": 1625574743348,
  "view/blocks/packingListDetails/innerPackaging/InnerPackaging.view.xml": 1625574743348,
  "view/fragments/common/Scanner.fragment.xml": 1628238991437,
  "view/fragments/QRCodeViewer.fragment.xml": 1625574743348,
  "view/ScanQrCode.view.xml": 1631621351434,
  "view/QRCodeDetails.view.xml": 1629361130993,
  "view/App.view.xml": 1625047558880,
  "css/style.css": 1625047558880,
  "index.html": 1625047558880
}