{
  "view/App.view.xml": 1623918809364,
  "i18n/i18n_en_GB.properties": 1623749251080,
  "i18n/i18n_en_US.properties": 1623749251080,
  "i18n/i18n.properties": 1623918809364,
  "controller/App.controller.js": 1623749251080,
  "model/models.js": 1623749251080,
  "controller/ScanQrCode.controller.js": 1623918813652,
  "controller/QRCodeDetails.controller.js": 1624347023631,
  "controller/ErrorHandler.js": 1623749251080,
  "controller/BaseController.js": 1623749251080,
  "manifest.json": 1624516485105,
  "Component.js": 1623749251080,
  "manifest-bundle.zip": 1624516484731,
  "Component-preload.js": 1624516485024,
  "model/models-dbg.js": 1623749251080,
  "controller/ScanQrCode-dbg.controller.js": 1623918813652,
  "controller/QRCodeDetails-dbg.controller.js": 1624347023631,
  "controller/ErrorHandler-dbg.js": 1623749251080,
  "controller/BaseController-dbg.js": 1623749251080,
  "controller/App-dbg.controller.js": 1623749251080,
  "Component-dbg.js": 1623749251080,
  "view/fragments/ViewQR.fragment.xml": 1623749251084,
  "view/ScanQrCode.view.xml": 1623918813652,
  "view/QRCodeDetails.view.xml": 1623954372305,
  "i18n/i18n_en.properties": 1623749251080,
  "css/style.css": 1623749251080,
  "index.html": 1623749251080
}