{
  "i18n/i18n_en_GB.properties": 1623746156156,
  "i18n/i18n_en_US.properties": 1623746156156,
  "i18n/i18n_en.properties": 1623746156156,
  "i18n/i18n.properties": 1623932506111,
  "controller/QRCodeDetails.controller.js": 1623965171364,
  "model/models.js": 1623746156160,
  "controller/ScanQrCode.controller.js": 1623932506107,
  "manifest.json": 1624262772110,
  "controller/ErrorHandler.js": 1623746156156,
  "controller/BaseController.js": 1623746156156,
  "controller/App.controller.js": 1623746156156,
  "Component.js": 1624003054345,
  "manifest-bundle.zip": 1624262771770,
  "Component-preload.js": 1624262772042,
  "controller/ErrorHandler-dbg.js": 1623746156156,
  "controller/ScanQrCode-dbg.controller.js": 1623932506107,
  "controller/QRCodeDetails-dbg.controller.js": 1623965171364,
  "model/models-dbg.js": 1623746156160,
  "controller/BaseController-dbg.js": 1623746156156,
  "controller/App-dbg.controller.js": 1623746156156,
  "Component-dbg.js": 1624003054345,
  "view/fragments/ViewQR.fragment.xml": 1623746156160,
  "view/ScanQrCode.view.xml": 1623932506115,
  "view/QRCodeDetails.view.xml": 1623965142940,
  "view/App.view.xml": 1623932506111,
  "css/style.css": 1623746156156,
  "index.html": 1623746156156
}