{
    "resources": [
        {
            "name": "../vendormapmdcc/Component-dbg.js",
            "isDebug": true
        },
        {
            "name": "../vendormapmdcc/manifest.json"
        },
        {
            "name": "../vendormapmdcc/model/models.js"
        },
        {
            "name": "../vendormapmdcc/controller/MapView.controller.js"
        },
        {
            "name": "../vendormapmdcc/Component.js"
        },
        {
            "name": "../vendormapmdcc/manifest-bundle.zip"
        },
        {
            "name": "../vendormapmdcc/Component-preload.js",
            "merged": true
        },
        {
            "name": "../vendormapmdcc/controller/MapView-dbg.controller.js",
            "isDebug": true
        },
        {
            "name": "../vendormapmdcc/model/models-dbg.js",
            "isDebug": true
        },
        {
            "name": "../vendormapmdcc/i18n/i18n.properties",
            "raw": "i18n/i18n.properties"
        },
        {
            "name": "../../../../sap-ui-version.json"
        },
        {
            "name": "../vendormapmdcc/view/MapView.view.xml"
        },
        {
            "name": "../vendormapmdcc/css/style.css"
        },
        {
            "name": "../vendormapmdcc/index.html"
        }
    ]
}