{
    "resources": [
        {
            "name": "../../../../sap-ui-version.json"
        },
        {
            "name": "../vendormapmdcc/Component.js"
        },
        {
            "name": "../vendormapmdcc/utils/formatter.js"
        },
        {
            "name": "../vendormapmdcc/model/models.js"
        },
        {
            "name": "../vendormapmdcc/controller/MapView.controller.js"
        },
        {
            "name": "../vendormapmdcc/controller/ErrorHandler.js"
        },
        {
            "name": "../vendormapmdcc/controller/BaseController.js"
        },
        {
            "name": "../vendormapmdcc/controller/App.controller.js"
        },
        {
            "name": "../vendormapmdcc/manifest.json"
        },
        {
            "name": "../vendormapmdcc/manifest-bundle.zip"
        },
        {
            "name": "../vendormapmdcc/Component-preload.js",
            "merged": true
        },
        {
            "name": "../vendormapmdcc/controller/MapView-dbg.controller.js",
            "isDebug": true
        },
        {
            "name": "../vendormapmdcc/model/models-dbg.js",
            "isDebug": true
        },
        {
            "name": "../vendormapmdcc/utils/formatter-dbg.js",
            "isDebug": true
        },
        {
            "name": "../vendormapmdcc/controller/ErrorHandler-dbg.js",
            "isDebug": true
        },
        {
            "name": "../vendormapmdcc/controller/BaseController-dbg.js",
            "isDebug": true
        },
        {
            "name": "../vendormapmdcc/controller/App-dbg.controller.js",
            "isDebug": true
        },
        {
            "name": "../vendormapmdcc/Component-dbg.js",
            "isDebug": true
        },
        {
            "name": "../vendormapmdcc/i18n/i18n.properties",
            "raw": "i18n/i18n.properties"
        },
        {
            "name": "../vendormapmdcc/view/MapView.view.xml"
        },
        {
            "name": "../vendormapmdcc/view/App.view.xml"
        },
        {
            "name": "../vendormapmdcc/css/style.css"
        },
        {
            "name": "../vendormapmdcc/index.html"
        }
    ]
}