{
    "resources": [
        {
            "name": "../securityscanqr/css/style.css"
        },
        {
            "name": "../securityscanqr/i18n/i18n_en_GB.properties",
            "raw": "i18n/i18n.properties",
            "locale": "_en_GB"
        },
        {
            "name": "../securityscanqr/i18n/i18n_en_US.properties",
            "raw": "i18n/i18n.properties",
            "locale": "_en_US"
        },
        {
            "name": "../securityscanqr/i18n/i18n.properties",
            "raw": "i18n/i18n.properties"
        },
        {
            "name": "../securityscanqr/controller/App.controller.js"
        },
        {
            "name": "../securityscanqr/model/models.js"
        },
        {
            "name": "../securityscanqr/controller/ScanQrCode.controller.js"
        },
        {
            "name": "../securityscanqr/controller/QRCodeDetails.controller.js"
        },
        {
            "name": "../securityscanqr/controller/ErrorHandler.js"
        },
        {
            "name": "../securityscanqr/controller/BaseController.js"
        },
        {
            "name": "../securityscanqr/manifest.json"
        },
        {
            "name": "../securityscanqr/Component.js"
        },
        {
            "name": "../securityscanqr/manifest-bundle.zip"
        },
        {
            "name": "../securityscanqr/Component-preload.js",
            "merged": true
        },
        {
            "name": "../securityscanqr/model/models-dbg.js",
            "isDebug": true
        },
        {
            "name": "../securityscanqr/controller/ScanQrCode-dbg.controller.js",
            "isDebug": true
        },
        {
            "name": "../securityscanqr/controller/QRCodeDetails-dbg.controller.js",
            "isDebug": true
        },
        {
            "name": "../securityscanqr/controller/ErrorHandler-dbg.js",
            "isDebug": true
        },
        {
            "name": "../securityscanqr/controller/BaseController-dbg.js",
            "isDebug": true
        },
        {
            "name": "../securityscanqr/controller/App-dbg.controller.js",
            "isDebug": true
        },
        {
            "name": "../securityscanqr/Component-dbg.js",
            "isDebug": true
        },
        {
            "name": "../../../../sap-ui-version.json"
        },
        {
            "name": "../securityscanqr/view/fragments/ViewQR.fragment.xml"
        },
        {
            "name": "../securityscanqr/view/ScanQrCode.view.xml"
        },
        {
            "name": "../securityscanqr/view/QRCodeDetails.view.xml"
        },
        {
            "name": "../securityscanqr/view/App.view.xml"
        },
        {
            "name": "../securityscanqr/i18n/i18n_en.properties",
            "raw": "i18n/i18n.properties",
            "locale": "_en"
        },
        {
            "name": "../securityscanqr/index.html"
        }
    ]
}