{
    "resources": [
        {
            "name": "../securityscanqr/utils/formatter.js"
        },
        {
            "name": "../securityscanqr/i18n/i18n_en_US.properties",
            "raw": "i18n/i18n.properties",
            "locale": "_en_US"
        },
        {
            "name": "../securityscanqr/i18n/i18n_en.properties",
            "raw": "i18n/i18n.properties",
            "locale": "_en"
        },
        {
            "name": "../securityscanqr/i18n/i18n.properties",
            "raw": "i18n/i18n.properties"
        },
        {
            "name": "../securityscanqr/controller/App.controller.js"
        },
        {
            "name": "../securityscanqr/view/blocks/packingListDetails/packagingListContains/blocks/LineItemsTable.js"
        },
        {
            "name": "../securityscanqr/view/blocks/packingListDetails/outerPackaging/blocks/OuterPackaging.js"
        },
        {
            "name": "../securityscanqr/view/blocks/packingListDetails/lineItemsTable/blocks/LineItemsTable.js"
        },
        {
            "name": "../securityscanqr/view/blocks/packingListDetails/innerPackaging/blocks/InnerPackaging.js"
        },
        {
            "name": "../securityscanqr/view/blocks/packingListDetails/packagingListContains/LineItemsTableController.controller.js"
        },
        {
            "name": "../securityscanqr/view/blocks/packingListDetails/outerPackaging/OuterPackagingController.controller.js"
        },
        {
            "name": "../securityscanqr/view/blocks/packingListDetails/lineItemsTable/LineItemsTableController.controller.js"
        },
        {
            "name": "../securityscanqr/view/blocks/packingListDetails/innerPackaging/InnerPackagingController.controller.js"
        },
        {
            "name": "../securityscanqr/i18n/i18n_en_GB.properties",
            "raw": "i18n/i18n.properties",
            "locale": "_en_GB"
        },
        {
            "name": "../securityscanqr/model/models.js"
        },
        {
            "name": "../securityscanqr/controller/ScanQrCode.controller.js"
        },
        {
            "name": "../securityscanqr/controller/QRCodeDetails.controller.js"
        },
        {
            "name": "../securityscanqr/controller/ErrorHandler.js"
        },
        {
            "name": "../securityscanqr/controller/BaseController.js"
        },
        {
            "name": "../securityscanqr/manifest.json"
        },
        {
            "name": "../securityscanqr/Component.js"
        },
        {
            "name": "../securityscanqr/manifest-bundle.zip"
        },
        {
            "name": "../securityscanqr/Component-preload.js",
            "merged": true
        },
        {
            "name": "../securityscanqr/view/blocks/packingListDetails/innerPackaging/blocks/InnerPackaging-dbg.js",
            "isDebug": true
        },
        {
            "name": "../securityscanqr/view/blocks/packingListDetails/outerPackaging/blocks/OuterPackaging-dbg.js",
            "isDebug": true
        },
        {
            "name": "../securityscanqr/view/blocks/packingListDetails/lineItemsTable/blocks/LineItemsTable-dbg.js",
            "isDebug": true
        },
        {
            "name": "../securityscanqr/view/blocks/packingListDetails/packagingListContains/blocks/LineItemsTable-dbg.js",
            "isDebug": true
        },
        {
            "name": "../securityscanqr/view/blocks/packingListDetails/packagingListContains/LineItemsTableController-dbg.controller.js",
            "isDebug": true
        },
        {
            "name": "../securityscanqr/view/blocks/packingListDetails/outerPackaging/OuterPackagingController-dbg.controller.js",
            "isDebug": true
        },
        {
            "name": "../securityscanqr/view/blocks/packingListDetails/lineItemsTable/LineItemsTableController-dbg.controller.js",
            "isDebug": true
        },
        {
            "name": "../securityscanqr/view/blocks/packingListDetails/innerPackaging/InnerPackagingController-dbg.controller.js",
            "isDebug": true
        },
        {
            "name": "../securityscanqr/utils/formatter-dbg.js",
            "isDebug": true
        },
        {
            "name": "../securityscanqr/model/models-dbg.js",
            "isDebug": true
        },
        {
            "name": "../securityscanqr/controller/ScanQrCode-dbg.controller.js",
            "isDebug": true
        },
        {
            "name": "../securityscanqr/controller/QRCodeDetails-dbg.controller.js",
            "isDebug": true
        },
        {
            "name": "../securityscanqr/controller/ErrorHandler-dbg.js",
            "isDebug": true
        },
        {
            "name": "../securityscanqr/controller/BaseController-dbg.js",
            "isDebug": true
        },
        {
            "name": "../securityscanqr/controller/App-dbg.controller.js",
            "isDebug": true
        },
        {
            "name": "../securityscanqr/Component-dbg.js",
            "isDebug": true
        },
        {
            "name": "../../../../sap-ui-version.json"
        },
        {
            "name": "../securityscanqr/view/blocks/packingListDetails/packagingListContains/LineItemsTable.view.xml"
        },
        {
            "name": "../securityscanqr/view/blocks/packingListDetails/outerPackaging/OuterPackaging.view.xml"
        },
        {
            "name": "../securityscanqr/view/blocks/packingListDetails/lineItemsTable/LineItemsTable.view.xml"
        },
        {
            "name": "../securityscanqr/view/blocks/packingListDetails/innerPackaging/InnerPackaging.view.xml"
        },
        {
            "name": "../securityscanqr/view/fragments/QRCodeViewer.fragment.xml"
        },
        {
            "name": "../securityscanqr/view/ScanQrCode.view.xml"
        },
        {
            "name": "../securityscanqr/view/QRCodeDetails.view.xml"
        },
        {
            "name": "../securityscanqr/view/App.view.xml"
        },
        {
            "name": "../securityscanqr/css/style.css"
        },
        {
            "name": "../securityscanqr/index.html"
        }
    ]
}