{
  "Component.js": 1617171552039,
  "i18n/i18n.properties": 1617171552039,
  "model/models.js": 1617171552039,
  "controller/LandingPage.controller.js": 1617171552039,
  "manifest.json": 1625735322249,
  "manifest-bundle.zip": 1625735322104,
  "Component-preload.js": 1625735322217,
  "model/models-dbg.js": 1617171552039,
  "controller/LandingPage-dbg.controller.js": 1617171552039,
  "Component-dbg.js": 1617171552039,
  "resources.json": 1625735322252,
  "view/LandingPage.view.xml": 1617171552039,
  "css/style.css": 1617171552039,
  "index.html": 1617171552039
}