{
  "resources.json": 1624954729500,
  "controller/LandingPage.controller.js": 1617171552039,
  "model/models.js": 1617171552039,
  "manifest.json": 1624954729497,
  "Component.js": 1617171552039,
  "manifest-bundle.zip": 1624954729340,
  "Component-preload.js": 1624954729464,
  "Component-dbg.js": 1617171552039,
  "controller/LandingPage-dbg.controller.js": 1617171552039,
  "model/models-dbg.js": 1617171552039,
  "i18n/i18n.properties": 1617171552039,
  "view/LandingPage.view.xml": 1617171552039,
  "css/style.css": 1617171552039,
  "index.html": 1617171552039
}