{
  "resources.json": 1625767419542,
  "controller/LandingPage.controller.js": 1617171552039,
  "model/models.js": 1617171552039,
  "manifest.json": 1625767419540,
  "Component.js": 1617171552039,
  "manifest-bundle.zip": 1625767419393,
  "Component-preload.js": 1625767419510,
  "Component-dbg.js": 1617171552039,
  "controller/LandingPage-dbg.controller.js": 1617171552039,
  "model/models-dbg.js": 1617171552039,
  "i18n/i18n.properties": 1617171552039,
  "view/LandingPage.view.xml": 1617171552039,
  "css/style.css": 1617171552039,
  "index.html": 1617171552039
}