{
  "i18n/i18n.properties": 1617170945336,
  "Component.js": 1617170945336,
  "model/models.js": 1617170945336,
  "controller/LandingPage.controller.js": 1617170945336,
  "manifest.json": 1617202497063,
  "manifest-bundle.zip": 1617202496893,
  "Component-preload.js": 1617202497039,
  "Component-dbg.js": 1617170945336,
  "controller/LandingPage-dbg.controller.js": 1617170945336,
  "model/models-dbg.js": 1617170945336,
  "resources.json": 1617202497066,
  "view/LandingPage.view.xml": 1617170945336,
  "css/style.css": 1617170945336,
  "index.html": 1617170945336
}