{
  "controller/LandingPage.controller.js": 1617171552039,
  "i18n/i18n.properties": 1617171552039,
  "model/models.js": 1617171552039,
  "manifest.json": 1617199438495,
  "Component.js": 1617171552039,
  "manifest-bundle.zip": 1617199438254,
  "Component-preload.js": 1617199438468,
  "controller/LandingPage-dbg.controller.js": 1617171552039,
  "model/models-dbg.js": 1617171552039,
  "Component-dbg.js": 1617171552039,
  "resources.json": 1617199438498,
  "view/LandingPage.view.xml": 1617171552039,
  "css/style.css": 1617171552039,
  "index.html": 1617171552039
}