{
  "resources.json": 1623236573246,
  "controller/LandingPage.controller.js": 1621941634365,
  "model/models.js": 1621941634365,
  "manifest.json": 1623236573243,
  "Component.js": 1621941634365,
  "manifest-bundle.zip": 1623236573037,
  "Component-preload.js": 1623236573212,
  "model/models-dbg.js": 1621941634365,
  "controller/LandingPage-dbg.controller.js": 1621941634365,
  "Component-dbg.js": 1621941634365,
  "i18n/i18n.properties": 1621941634365,
  "view/LandingPage.view.xml": 1621941634365,
  "css/style.css": 1621941634365,
  "index.html": 1621941634365
}