{
  "model/models-dbg.js": 1617170945336,
  "controller/LandingPage.controller.js": 1617170945336,
  "model/models.js": 1617170945336,
  "manifest.json": 1624262700326,
  "Component.js": 1617170945336,
  "manifest-bundle.zip": 1624262700150,
  "Component-preload.js": 1624262700296,
  "i18n/i18n.properties": 1617170945336,
  "controller/LandingPage-dbg.controller.js": 1617170945336,
  "Component-dbg.js": 1617170945336,
  "resources.json": 1624262700329,
  "view/LandingPage.view.xml": 1617170945336,
  "css/style.css": 1617170945336,
  "index.html": 1617170945336
}