{
  "model/models.js": 1617171552039,
  "Component.js": 1617171552039,
  "i18n/i18n.properties": 1617171552039,
  "controller/LandingPage.controller.js": 1617171552039,
  "manifest.json": 1622099066119,
  "manifest-bundle.zip": 1622099065958,
  "Component-preload.js": 1622099066086,
  "Component-dbg.js": 1617171552039,
  "controller/LandingPage-dbg.controller.js": 1617171552039,
  "model/models-dbg.js": 1617171552039,
  "resources.json": 1622099066123,
  "view/LandingPage.view.xml": 1617171552039,
  "css/style.css": 1617171552039,
  "index.html": 1617171552039
}