{
  "controller/LandingPage.controller.js": 1625237454313,
  "Component.js": 1625237454313,
  "model/models.js": 1625237454313,
  "i18n/i18n.properties": 1625237454313,
  "manifest.json": 1625514913964,
  "manifest-bundle.zip": 1625514913797,
  "Component-preload.js": 1625514913938,
  "model/models-dbg.js": 1625237454313,
  "controller/LandingPage-dbg.controller.js": 1625237454313,
  "Component-dbg.js": 1625237454313,
  "resources.json": 1625514913967,
  "view/LandingPage.view.xml": 1625237454313,
  "css/style.css": 1625237454313,
  "index.html": 1625237454313
}