{
  "view/blocks/poDetails/lineItemsForm/LineItemsForm.view.xml": 1622531201281,
  "i18n/i18n_en_GB.properties": 1622552659453,
  "i18n/i18n_en_US.properties": 1622552659453,
  "i18n/i18n.properties": 1622660760647,
  "controller/BaseController.js": 1622660760647,
  "view/blocks/poDetails/packingListTable/blocks/PackingListTable.js": 1621838620389,
  "view/blocks/poDetails/inspectionTable/blocks/InspectionTable.js": 1621838620389,
  "view/blocks/poDetails/boqItemsTable/blocks/BOQItemsTable.js": 1622442133584,
  "view/blocks/poDetails/sowForm/SOWForm.js": 1621838620389,
  "view/blocks/poDetails/sellerForm/SellerForm.js": 1621838620389,
  "view/blocks/poDetails/packingListTable/PackingListTableController.controller.js": 1621838620389,
  "view/blocks/poDetails/lineItemsForm/LineItemsForm.js": 1621838620389,
  "view/blocks/poDetails/inspectionTable/InspectionTableController.controller.js": 1622553113879,
  "view/blocks/poDetails/buyerForm/BuyerForm.js": 1621838620389,
  "view/blocks/poDetails/boqItemsTable/BOQItemsTableController.controller.js": 1622803542894,
  "utils/formatter.js": 1622015702437,
  "model/models.js": 1621880872320,
  "controller/PackingListDetails.controller.js": 1620149194717,
  "controller/PODetails.controller.js": 1622717242367,
  "controller/OfflineInspection.controller.js": 1622553113871,
  "controller/ManageBOQ.controller.js": 1621838620385,
  "controller/InspectionDetails.controller.js": 1622099573762,
  "controller/ErrorHandler.js": 1621838620385,
  "controller/DetailPage.controller.js": 1622803024488,
  "manifest.json": 1623051959827,
  "controller/App.controller.js": 1617100223289,
  "Component.js": 1621838620385,
  "manifest-bundle.zip": 1623051959016,
  "Component-preload.js": 1623051959673,
  "view/blocks/poDetails/buyerForm/BuyerForm-dbg.js": 1621838620389,
  "view/blocks/poDetails/inspectionTable/blocks/InspectionTable-dbg.js": 1621838620389,
  "view/blocks/poDetails/boqItemsTable/blocks/BOQItemsTable-dbg.js": 1622442133584,
  "view/blocks/poDetails/sowForm/SOWForm-dbg.js": 1621838620389,
  "view/blocks/poDetails/sellerForm/SellerForm-dbg.js": 1621838620389,
  "view/blocks/poDetails/packingListTable/PackingListTableController-dbg.controller.js": 1621838620389,
  "view/blocks/poDetails/lineItemsForm/LineItemsForm-dbg.js": 1621838620389,
  "view/blocks/poDetails/inspectionTable/InspectionTableController-dbg.controller.js": 1622553113879,
  "view/blocks/poDetails/packingListTable/blocks/PackingListTable-dbg.js": 1621838620389,
  "view/blocks/poDetails/boqItemsTable/BOQItemsTableController-dbg.controller.js": 1622803542894,
  "utils/formatter-dbg.js": 1622015702437,
  "model/models-dbg.js": 1621880872320,
  "controller/PackingListDetails-dbg.controller.js": 1620149194717,
  "controller/PODetails-dbg.controller.js": 1622717242367,
  "controller/OfflineInspection-dbg.controller.js": 1622553113871,
  "controller/ManageBOQ-dbg.controller.js": 1621838620385,
  "controller/InspectionDetails-dbg.controller.js": 1622099573762,
  "controller/ErrorHandler-dbg.js": 1621838620385,
  "controller/DetailPage-dbg.controller.js": 1622803024488,
  "controller/BaseController-dbg.js": 1622660760647,
  "controller/App-dbg.controller.js": 1617100223289,
  "Component-dbg.js": 1621838620385,
  "resources.json": 1623051959834,
  "view/blocks/poDetails/sowForm/SOWForm.view.xml": 1622803778825,
  "view/blocks/poDetails/sellerForm/SellerForm.view.xml": 1622442133584,
  "view/blocks/poDetails/packingListTable/PackingListTable.view.xml": 1622442133584,
  "i18n/i18n_en.properties": 1622552659453,
  "view/blocks/poDetails/inspectionTable/InspectionTable.view.xml": 1622553113879,
  "view/blocks/poDetails/buyerForm/BuyerForm.view.xml": 1622552659453,
  "view/blocks/poDetails/boqItemsTable/BOQItemsTable.view.xml": 1622803495754,
  "view/fragments/packingListDetails/SortDialog.fragment.xml": 1618900516885,
  "view/fragments/packingListDetails/QRassistant.fragment.xml": 1618910675821,
  "view/fragments/packingListDetails/PackingListChildLineItems.fragment.xml": 1618900516885,
  "view/fragments/packingListDetails/FilterDialog.fragment.xml": 1618900516885,
  "view/fragments/landingPage/SortDialog.fragment.xml": 1617100223293,
  "view/fragments/landingPage/FilterDialog.fragment.xml": 1617100223293,
  "view/fragments/inspectionDetails/PackingListNameGetter.fragment.xml": 1618910675821,
  "view/fragments/inspectionDetails/InspectionCallChildLineItems.fragment.xml": 1618900516885,
  "view/fragments/detailPage/ViewLineItemsDialog.fragment.xml": 1622442133584,
  "view/fragments/detailPage/OpenPOTable.fragment.xml": 1622660760647,
  "view/fragments/detailPage/FilterBar.fragment.xml": 1622660760647,
  "view/fragments/detailPage/DispatchedPOTable.fragment.xml": 1622660760647,
  "view/fragments/detailPage/ConfirmedPOTable.fragment.xml": 1622660760647,
  "view/fragments/common/lineItems.fragment.xml": 1622717242367,
  "view/fragments/PODetails/ViewBOQItems.fragment.xml": 1622717242367,
  "view/fragments/PODetails/SortDialogParentItemTable.fragment.xml": 1618900516885,
  "view/fragments/PODetails/FilterDialogParentItemTable.fragment.xml": 1618900516885,
  "view/fragments/PODetails/CreateParentItem.fragment.xml": 1618289995802,
  "view/fragments/PODetails/CreateChildItem.fragment.xml": 1618900516885,
  "view/fragments/PODetails/ChildItemsDialog.fragment.xml": 1621838620389,
  "view/PackingListDetails.view.xml": 1621880872332,
  "view/PODetails.view.xml": 1622803678634,
  "view/OfflineInspection.view.xml": 1622553113875,
  "view/ManageBOQ.view.xml": 1621838620389,
  "view/InspectionDetails.view.xml": 1622442683585,
  "view/DetailPage.view.xml": 1621963863032,
  "view/App.view.xml": 1622015702437,
  "css/style.css": 1622442133584,
  "index.html": 1622552659453
}